date,unified_app_id,unified_app_name,revenue_usd,downloads
2023-01-01,5eaef95d5c6ace6c5a733828,1v1.LOL - Battle Royale Game,38738.6,663893
2023-01-01,5e06ead15be87a5edb3a1682,Animals & Coins Adventure Game,586792.2,307014
2023-01-01,55c52f2002ac64f9c0002d6c,Best Fiends - Match 3 Puzzles,5798356.1,357414
2023-01-01,55c5025102ac64f9c0001f98,Bingo Blitz - Bingo Games,22010352.41,1131718
2023-01-01,56c7d3f82a8716af1602c81a,Blackjack 21 - Offline,0,247
2023-01-01,57d8a413d2d5654b3700adcc,Board Kings: Board Dice Games,2194427.52,241289
2023-01-01,55c5061302ac64f9c000211f,Caesars Slots - Casino Games,5124896.01,210080
2023-01-01,5d59e8d03ea9835e7290d99d,Cat Force - PvP Match 3 Game,837.44,11
2023-01-01,5d65daa6ef4c60138afb64a6,Dice Dreams,5149524.97,1350276
2023-01-01,637ea0012ade4a0aeafad27b,Domino Dreams,23387.65,276809
2023-01-01,619c718effa3bf44cb0d1bef,Ghost Detective: Murder case,6904.13,153
2023-01-01,55d20e5b02ac64ee730006d3,Governor of Poker 2 - Offline,30275.07,56143
2023-01-01,55c5378102ac64f9c0003015,Governor of Poker 3 Card Games,1893267.31,201919
2023-01-01,56e014bdd7606a88f2001f70,Higher Lower - Hi Low,0,68
2023-01-01,53782e84830f782dbe000053,House of Fun: Casino Slots,7325675.79,173062
2023-01-01,55c509c102ac64f9c0002261,Jelly Splash: Fun Puzzle Game,88659,871
2023-01-01,589a7f2d9ed8007709000591,June's Journey: Hidden Objects,11739849.61,1197512
2023-01-01,607c313eec1eca530a358272,JustFall.LOL: Battle Royale,0,138461
2023-01-01,59432da11df74b728f00010b,Learn How To Play Texas Poker,0,18958
2023-01-01,55f59e7b02ac6457c50000a4,Learn Poker - How to Play,0,15192
2023-01-01,5d57566b3811e924aa0d2f3f,MONOPOLY Poker - Texas Holdem,183233.55,131453
2023-01-01,5cb8debe62573f0afa45ef7b,Match 3 Game - Fiends Stars,123456.45,5024
2023-01-01,5c6774ba6f979e172daa0783,Merge Tower Bots,201.15,3204
2023-01-01,55d93c3102ac645ad209bbb8,Pearl’s Peril: Hidden Objects,290646.99,28024
2023-01-01,55c5276302ac64f9c0002afc,Pirate Kings™️,789501.74,14521
2023-01-01,56e9838b02ac643da2000079,Poker Blind Timer - Offline,0,403
2023-01-01,569a77d402ac64be7900076e,Poker Hands - Learn Poker,0,844
2023-01-01,55c526af02ac64f9c0002aca,Poker Heat: Texas Holdem Games,424247.93,71938
2023-01-01,559e109938bfcaa857000941,Poker Odds Calculator Offline,0,1232
2023-01-01,57597edb0211a67a7000043a,Poker Slot Spin - Texas Holdem,8.9,75
2023-01-01,56657dbe02ac64a755000002,Poker Win Challenge,0,1031
2023-01-01,58be796a0211a6b60b0001ca,Poker World - Offline Poker,24232.83,41546
2023-01-01,5c135cb8249f1f505c245527,Redecor - Home Design Game,2560540.31,321916
2023-01-01,55c5020a02ac64f9c0001f66,Slotomania Slots Casino Games,16830268.64,853705
2023-01-01,594990020211a674a00013c6,Solitaire Grand Harvest,18947257.44,798169
2023-01-01,56fce46902ac64f4e3000014,Stratego® Single Player,2493.61,2402
2023-01-01,5efe60a2929978210bf1074a,Switchcraft: Magical Match 3,55855.07,5875
2023-01-01,55d93f0d02ac645ad2121f56,TEXAS HOLDEM POKER PRO - OFFLINE,364.07,582
2023-01-01,55d9560502ac645ad227642d,Texas Holdem Poker Offline,218.99,1087
2023-01-01,62bef9d6a36ee9688ccb1844,Tiles Of Fortune™️,3031.23,2245
2023-01-01,58b397c0b16e673f5100983f,Tropicats: Tropical Match3,90436.34,105
2023-01-01,55dbda2f3c2f626849017d17,Vegas Downtown Slots & Words,132201.09,3601
2023-01-01,55c506cf02ac64f9c000215e,WSOP Poker: Texas Holdem Game,7878531.57,736209
2023-01-01,57aa7d5225186129ee000320,Wild West Chip Dozer - OFFLINE,0,99
2023-01-01,5789b1e11ca388086d000130,すみっコぐらし 〜パズルをするんです〜,68901.12,21096
2023-02-01,5eaef95d5c6ace6c5a733828,1v1.LOL - Battle Royale Game,37620.5,451141
2023-02-01,5e06ead15be87a5edb3a1682,Animals & Coins Adventure Game,597242.97,316066
2023-02-01,55c52f2002ac64f9c0002d6c,Best Fiends - Match 3 Puzzles,5344516.85,325508
2023-02-01,55c5025102ac64f9c0001f98,Bingo Blitz - Bingo Games,20629440.3,898624
2023-02-01,56c7d3f82a8716af1602c81a,Blackjack 21 - Offline,0,214
2023-02-01,57d8a413d2d5654b3700adcc,Board Kings: Board Dice Games,2190995.66,212768
2023-02-01,55c5061302ac64f9c000211f,Caesars Slots - Casino Games,4618855.52,180400
2023-02-01,5d59e8d03ea9835e7290d99d,Cat Force - PvP Match 3 Game,418.67,3
2023-02-01,5d65daa6ef4c60138afb64a6,Dice Dreams,5949903.36,1109581
2023-02-01,637ea0012ade4a0aeafad27b,Domino Dreams,59385.58,97305
2023-02-01,619c718effa3bf44cb0d1bef,Ghost Detective: Murder case,4075.73,63
2023-02-01,55d20e5b02ac64ee730006d3,Governor of Poker 2 - Offline,25689.82,45143
2023-02-01,55c5378102ac64f9c0003015,Governor of Poker 3 Card Games,1710778.34,169548
2023-02-01,56e014bdd7606a88f2001f70,Higher Lower - Hi Low,0,83
2023-02-01,53782e84830f782dbe000053,House of Fun: Casino Slots,6103816.02,203908
2023-02-01,55c509c102ac64f9c0002261,Jelly Splash: Fun Puzzle Game,78945.11,735
2023-02-01,589a7f2d9ed8007709000591,June's Journey: Hidden Objects,12278259.97,995709
2023-02-01,607c313eec1eca530a358272,JustFall.LOL: Battle Royale,0,74243
2023-02-01,59432da11df74b728f00010b,Learn How To Play Texas Poker,0,24012
2023-02-01,55f59e7b02ac6457c50000a4,Learn Poker - How to Play,0,11966
2023-02-01,5d57566b3811e924aa0d2f3f,MONOPOLY Poker - Texas Holdem,166023.71,125819
2023-02-01,5cb8debe62573f0afa45ef7b,Match 3 Game - Fiends Stars,99229.62,3431
2023-02-01,5c6774ba6f979e172daa0783,Merge Tower Bots,192.57,1495
2023-02-01,55d93c3102ac645ad209bbb8,Pearl’s Peril: Hidden Objects,262889.22,23427
2023-02-01,55c5276302ac64f9c0002afc,Pirate Kings™️,739011.55,14555
2023-02-01,56e9838b02ac643da2000079,Poker Blind Timer - Offline,0,355
2023-02-01,569a77d402ac64be7900076e,Poker Hands - Learn Poker,0,550
2023-02-01,55c526af02ac64f9c0002aca,Poker Heat: Texas Holdem Games,417000.52,70646
2023-02-01,559e109938bfcaa857000941,Poker Odds Calculator Offline,0,1150
2023-02-01,57597edb0211a67a7000043a,Poker Slot Spin - Texas Holdem,0,52
2023-02-01,56657dbe02ac64a755000002,Poker Win Challenge,0,841
2023-02-01,58be796a0211a6b60b0001ca,Poker World - Offline Poker,21162.16,32265
2023-02-01,5c135cb8249f1f505c245527,Redecor - Home Design Game,2338180.41,288748
2023-02-01,55c5020a02ac64f9c0001f66,Slotomania Slots Casino Games,14877296.61,616801
2023-02-01,594990020211a674a00013c6,Solitaire Grand Harvest,17995713.78,703848
2023-02-01,56fce46902ac64f4e3000014,Stratego® Single Player,1717.99,1120
2023-02-01,5efe60a2929978210bf1074a,Switchcraft: Magical Match 3,46415.32,4106
2023-02-01,55d93f0d02ac645ad2121f56,TEXAS HOLDEM POKER PRO - OFFLINE,621.68,490
2023-02-01,55d9560502ac645ad227642d,Texas Holdem Poker Offline,264.04,858
2023-02-01,62bef9d6a36ee9688ccb1844,Tiles Of Fortune™️,6619.07,12981
2023-02-01,58b397c0b16e673f5100983f,Tropicats: Tropical Match3,80625.49,114
2023-02-01,55dbda2f3c2f626849017d17,Vegas Downtown Slots & Words,119766.06,2558
2023-02-01,55c506cf02ac64f9c000215e,WSOP Poker: Texas Holdem Game,7046269.02,696144
2023-02-01,57aa7d5225186129ee000320,Wild West Chip Dozer - OFFLINE,0,94
2023-02-01,5789b1e11ca388086d000130,すみっコぐらし 〜パズルをするんです〜,62187.01,13733
2023-03-01,5eaef95d5c6ace6c5a733828,1v1.LOL - Battle Royale Game,38095.46,815678
2023-03-01,5e06ead15be87a5edb3a1682,Animals & Coins Adventure Game,721620.34,452353
2023-03-01,55c52f2002ac64f9c0002d6c,Best Fiends - Match 3 Puzzles,5779383.19,331347
2023-03-01,55c5025102ac64f9c0001f98,Bingo Blitz - Bingo Games,23021037.61,796406
2023-03-01,56c7d3f82a8716af1602c81a,Blackjack 21 - Offline,0,192
2023-03-01,57d8a413d2d5654b3700adcc,Board Kings: Board Dice Games,2572007.08,192928
2023-03-01,55c5061302ac64f9c000211f,Caesars Slots - Casino Games,5003407.27,200301
2023-03-01,5d59e8d03ea9835e7290d99d,Cat Force - PvP Match 3 Game,542.2,2
2023-03-01,5d65daa6ef4c60138afb64a6,Dice Dreams,9436690.53,1146880
2023-03-01,637ea0012ade4a0aeafad27b,Domino Dreams,91687.68,86751
2023-03-01,619c718effa3bf44cb0d1bef,Ghost Detective: Murder case,285.64,17
2023-03-01,55d20e5b02ac64ee730006d3,Governor of Poker 2 - Offline,26762.72,27836
2023-03-01,55c5378102ac64f9c0003015,Governor of Poker 3 Card Games,1818152.68,165816
2023-03-01,56e014bdd7606a88f2001f70,Higher Lower - Hi Low,0,39
2023-03-01,53782e84830f782dbe000053,House of Fun: Casino Slots,6474161.3,173882
2023-03-01,55c509c102ac64f9c0002261,Jelly Splash: Fun Puzzle Game,85239.3,508
2023-03-01,589a7f2d9ed8007709000591,June's Journey: Hidden Objects,15512834.87,997133
2023-03-01,607c313eec1eca530a358272,JustFall.LOL: Battle Royale,0,62027
2023-03-01,59432da11df74b728f00010b,Learn How To Play Texas Poker,0,26879
2023-03-01,55f59e7b02ac6457c50000a4,Learn Poker - How to Play,0,8174
2023-03-01,5d57566b3811e924aa0d2f3f,MONOPOLY Poker - Texas Holdem,190787.26,111677
2023-03-01,5cb8debe62573f0afa45ef7b,Match 3 Game - Fiends Stars,110510.92,3425
2023-03-01,5c6774ba6f979e172daa0783,Merge Tower Bots,228.48,510
2023-03-01,55d93c3102ac645ad209bbb8,Pearl’s Peril: Hidden Objects,263149.02,24542
2023-03-01,55c5276302ac64f9c0002afc,Pirate Kings™️,882704.97,17637
2023-03-01,56e9838b02ac643da2000079,Poker Blind Timer - Offline,0,165
2023-03-01,569a77d402ac64be7900076e,Poker Hands - Learn Poker,0,645
2023-03-01,55c526af02ac64f9c0002aca,Poker Heat: Texas Holdem Games,429925.36,61660
2023-03-01,559e109938bfcaa857000941,Poker Odds Calculator Offline,0,513
2023-03-01,57597edb0211a67a7000043a,Poker Slot Spin - Texas Holdem,9.2,38
2023-03-01,56657dbe02ac64a755000002,Poker Win Challenge,0,149
2023-03-01,58be796a0211a6b60b0001ca,Poker World - Offline Poker,21376.04,25313
2023-03-01,5c135cb8249f1f505c245527,Redecor - Home Design Game,2551442.33,247259
2023-03-01,55c5020a02ac64f9c0001f66,Slotomania Slots Casino Games,16074161.33,599320
2023-03-01,594990020211a674a00013c6,Solitaire Grand Harvest,19097810.17,610485
2023-03-01,56fce46902ac64f4e3000014,Stratego® Single Player,1078.73,527
2023-03-01,5efe60a2929978210bf1074a,Switchcraft: Magical Match 3,47018.33,4600
2023-03-01,55d93f0d02ac645ad2121f56,TEXAS HOLDEM POKER PRO - OFFLINE,333.87,487
2023-03-01,55d9560502ac645ad227642d,Texas Holdem Poker Offline,186.26,116
2023-03-01,62bef9d6a36ee9688ccb1844,Tiles Of Fortune™️,7993.39,6937
2023-03-01,58b397c0b16e673f5100983f,Tropicats: Tropical Match3,87227.83,114
2023-03-01,55dbda2f3c2f626849017d17,Vegas Downtown Slots & Words,129004.7,3147
2023-03-01,55c506cf02ac64f9c000215e,WSOP Poker: Texas Holdem Game,8474957,619582
2023-03-01,57aa7d5225186129ee000320,Wild West Chip Dozer - OFFLINE,0,54
2023-03-01,5789b1e11ca388086d000130,すみっコぐらし 〜パズルをするんです〜,71670.99,13896
2023-04-01,5eaef95d5c6ace6c5a733828,1v1.LOL - Battle Royale Game,36444.68,610601
2023-04-01,5e06ead15be87a5edb3a1682,Animals & Coins Adventure Game,975836.25,731229
2023-04-01,55c52f2002ac64f9c0002d6c,Best Fiends - Match 3 Puzzles,5455316.79,224092
2023-04-01,55c5025102ac64f9c0001f98,Bingo Blitz - Bingo Games,20242367.99,1054619
2023-04-01,56c7d3f82a8716af1602c81a,Blackjack 21 - Offline,0,252
2023-04-01,57d8a413d2d5654b3700adcc,Board Kings: Board Dice Games,2230916.15,233105
2023-04-01,55c5061302ac64f9c000211f,Caesars Slots - Casino Games,4737454.33,197954
2023-04-01,5d59e8d03ea9835e7290d99d,Cat Force - PvP Match 3 Game,645.1,17
2023-04-01,5d65daa6ef4c60138afb64a6,Dice Dreams,8113733.33,1224201
2023-04-01,637ea0012ade4a0aeafad27b,Domino Dreams,117155.35,93563
2023-04-01,55d20e5b02ac64ee730006d3,Governor of Poker 2 - Offline,24958.65,25537
2023-04-01,55c5378102ac64f9c0003015,Governor of Poker 3 Card Games,1840596.94,153148
2023-04-01,56e014bdd7606a88f2001f70,Higher Lower - Hi Low,0,85
2023-04-01,53782e84830f782dbe000053,House of Fun: Casino Slots,6175274.03,157466
2023-04-01,55c509c102ac64f9c0002261,Jelly Splash: Fun Puzzle Game,86024.22,548
2023-04-01,589a7f2d9ed8007709000591,June's Journey: Hidden Objects,14978943.7,757849
2023-04-01,607c313eec1eca530a358272,JustFall.LOL: Battle Royale,0,60259
2023-04-01,59432da11df74b728f00010b,Learn How To Play Texas Poker,0,30992
2023-04-01,55f59e7b02ac6457c50000a4,Learn Poker - How to Play,0,8151
2023-04-01,5d57566b3811e924aa0d2f3f,MONOPOLY Poker - Texas Holdem,186720.14,116876
2023-04-01,5cb8debe62573f0afa45ef7b,Match 3 Game - Fiends Stars,96872.66,1506
2023-04-01,5c6774ba6f979e172daa0783,Merge Tower Bots,85.89,471
2023-04-01,55d93c3102ac645ad209bbb8,Pearl’s Peril: Hidden Objects,250826.11,23353
2023-04-01,55c5276302ac64f9c0002afc,Pirate Kings™️,796624.61,18488
2023-04-01,56e9838b02ac643da2000079,Poker Blind Timer - Offline,0,249
2023-04-01,569a77d402ac64be7900076e,Poker Hands - Learn Poker,0,561
2023-04-01,55c526af02ac64f9c0002aca,Poker Heat: Texas Holdem Games,382781.45,58699
2023-04-01,559e109938bfcaa857000941,Poker Odds Calculator Offline,0,369
2023-04-01,57597edb0211a67a7000043a,Poker Slot Spin - Texas Holdem,0,53
2023-04-01,56657dbe02ac64a755000002,Poker Win Challenge,0,96
2023-04-01,58be796a0211a6b60b0001ca,Poker World - Offline Poker,20747.63,24525
2023-04-01,5c135cb8249f1f505c245527,Redecor - Home Design Game,2472430.67,258040
2023-04-01,55c5020a02ac64f9c0001f66,Slotomania Slots Casino Games,14811724.1,576675
2023-04-01,594990020211a674a00013c6,Solitaire Grand Harvest,18866233.08,714201
2023-04-01,56fce46902ac64f4e3000014,Stratego® Single Player,1305.23,634
2023-04-01,5efe60a2929978210bf1074a,Switchcraft: Magical Match 3,39409.55,3356
2023-04-01,55d93f0d02ac645ad2121f56,TEXAS HOLDEM POKER PRO - OFFLINE,492.34,626
2023-04-01,55d9560502ac645ad227642d,Texas Holdem Poker Offline,101.29,52
2023-04-01,62bef9d6a36ee9688ccb1844,Tiles Of Fortune™️,6823.66,937
2023-04-01,58b397c0b16e673f5100983f,Tropicats: Tropical Match3,86503.43,528
2023-04-01,55dbda2f3c2f626849017d17,Vegas Downtown Slots & Words,108953.82,2746
2023-04-01,55c506cf02ac64f9c000215e,WSOP Poker: Texas Holdem Game,7517250.28,647419
2023-04-01,57aa7d5225186129ee000320,Wild West Chip Dozer - OFFLINE,0,49
2023-04-01,5789b1e11ca388086d000130,すみっコぐらし 〜パズルをするんです〜,72117.6,11846
2023-05-01,5eaef95d5c6ace6c5a733828,1v1.LOL - Battle Royale Game,30563.9,511051
2023-05-01,5e06ead15be87a5edb3a1682,Animals & Coins Adventure Game,1660388.36,1267301
2023-05-01,55c52f2002ac64f9c0002d6c,Best Fiends - Match 3 Puzzles,4966144.66,190482
2023-05-01,55c5025102ac64f9c0001f98,Bingo Blitz - Bingo Games,19528790.66,1095216
2023-05-01,56c7d3f82a8716af1602c81a,Blackjack 21 - Offline,0,228
2023-05-01,57d8a413d2d5654b3700adcc,Board Kings: Board Dice Games,2253099.14,180925
2023-05-01,55c5061302ac64f9c000211f,Caesars Slots - Casino Games,4624057.14,145254
2023-05-01,5d59e8d03ea9835e7290d99d,Cat Force - PvP Match 3 Game,538.52,3
2023-05-01,5d65daa6ef4c60138afb64a6,Dice Dreams,6741191.03,1428055
2023-05-01,637ea0012ade4a0aeafad27b,Domino Dreams,197980.19,249077
2023-05-01,55d20e5b02ac64ee730006d3,Governor of Poker 2 - Offline,23947.26,26238
2023-05-01,55c5378102ac64f9c0003015,Governor of Poker 3 Card Games,1772147.14,165619
2023-05-01,56e014bdd7606a88f2001f70,Higher Lower - Hi Low,0,82
2023-05-01,53782e84830f782dbe000053,House of Fun: Casino Slots,6297569.39,181806
2023-05-01,55c509c102ac64f9c0002261,Jelly Splash: Fun Puzzle Game,80463.64,527
2023-05-01,589a7f2d9ed8007709000591,June's Journey: Hidden Objects,15906610.52,705612
2023-05-01,607c313eec1eca530a358272,JustFall.LOL: Battle Royale,0,54902
2023-05-01,59432da11df74b728f00010b,Learn How To Play Texas Poker,0,24057
2023-05-01,55f59e7b02ac6457c50000a4,Learn Poker - How to Play,0,7792
2023-05-01,5d57566b3811e924aa0d2f3f,MONOPOLY Poker - Texas Holdem,183320.47,113511
2023-05-01,5cb8debe62573f0afa45ef7b,Match 3 Game - Fiends Stars,87234.85,1292
2023-05-01,5c6774ba6f979e172daa0783,Merge Tower Bots,154.13,650
2023-05-01,55d93c3102ac645ad209bbb8,Pearl’s Peril: Hidden Objects,258474.61,21122
2023-05-01,55c5276302ac64f9c0002afc,Pirate Kings™️,794869.75,15878
2023-05-01,56e9838b02ac643da2000079,Poker Blind Timer - Offline,0,217
2023-05-01,569a77d402ac64be7900076e,Poker Hands - Learn Poker,0,591
2023-05-01,55c526af02ac64f9c0002aca,Poker Heat: Texas Holdem Games,387930.47,53526
2023-05-01,559e109938bfcaa857000941,Poker Odds Calculator Offline,0,416
2023-05-01,57597edb0211a67a7000043a,Poker Slot Spin - Texas Holdem,0,76
2023-05-01,56657dbe02ac64a755000002,Poker Win Challenge,0,117
2023-05-01,58be796a0211a6b60b0001ca,Poker World - Offline Poker,20528.8,26532
2023-05-01,5c135cb8249f1f505c245527,Redecor - Home Design Game,2520149.83,323953
2023-05-01,55c5020a02ac64f9c0001f66,Slotomania Slots Casino Games,15712445.53,645625
2023-05-01,594990020211a674a00013c6,Solitaire Grand Harvest,18702859.89,718600
2023-05-01,56fce46902ac64f4e3000014,Stratego® Single Player,638.56,278
2023-05-01,5efe60a2929978210bf1074a,Switchcraft: Magical Match 3,35705.19,1124
2023-05-01,55d93f0d02ac645ad2121f56,TEXAS HOLDEM POKER PRO - OFFLINE,555.68,641
2023-05-01,55d9560502ac645ad227642d,Texas Holdem Poker Offline,97.46,36
2023-05-01,62bef9d6a36ee9688ccb1844,Tiles Of Fortune™️,4004.12,992
2023-05-01,58b397c0b16e673f5100983f,Tropicats: Tropical Match3,83400.17,86
2023-05-01,55dbda2f3c2f626849017d17,Vegas Downtown Slots & Words,117460.9,2840
2023-05-01,55c506cf02ac64f9c000215e,WSOP Poker: Texas Holdem Game,7045578.12,610305
2023-05-01,57aa7d5225186129ee000320,Wild West Chip Dozer - OFFLINE,0,38
2023-05-01,5789b1e11ca388086d000130,すみっコぐらし 〜パズルをするんです〜,64480.45,18136
2023-06-01,5eaef95d5c6ace6c5a733828,1v1.LOL - Battle Royale Game,40987.28,596993
2023-06-01,5e06ead15be87a5edb3a1682,Animals & Coins Adventure Game,2130390.67,914088
2023-06-01,55c52f2002ac64f9c0002d6c,Best Fiends - Match 3 Puzzles,4841401.86,408089
2023-06-01,55c5025102ac64f9c0001f98,Bingo Blitz - Bingo Games,18454505.12,1040400
2023-06-01,56c7d3f82a8716af1602c81a,Blackjack 21 - Offline,0,168
2023-06-01,57d8a413d2d5654b3700adcc,Board Kings: Board Dice Games,1811619.71,203822
2023-06-01,55c5061302ac64f9c000211f,Caesars Slots - Casino Games,4295164.88,184357
2023-06-01,5d59e8d03ea9835e7290d99d,Cat Force - PvP Match 3 Game,569.79,4
2023-06-01,5d65daa6ef4c60138afb64a6,Dice Dreams,7515147.76,1305389
2023-06-01,637ea0012ade4a0aeafad27b,Domino Dreams,271035.83,153205
2023-06-01,55d20e5b02ac64ee730006d3,Governor of Poker 2 - Offline,22034.41,25288
2023-06-01,55c5378102ac64f9c0003015,Governor of Poker 3 Card Games,1608515.86,156299
2023-06-01,56e014bdd7606a88f2001f70,Higher Lower - Hi Low,0,71
2023-06-01,53782e84830f782dbe000053,House of Fun: Casino Slots,6284350.66,121599
2023-06-01,55c509c102ac64f9c0002261,Jelly Splash: Fun Puzzle Game,74810.89,329
2023-06-01,589a7f2d9ed8007709000591,June's Journey: Hidden Objects,14767687.82,927347
2023-06-01,607c313eec1eca530a358272,JustFall.LOL: Battle Royale,0,39057
2023-06-01,59432da11df74b728f00010b,Learn How To Play Texas Poker,0,14263
2023-06-01,55f59e7b02ac6457c50000a4,Learn Poker - How to Play,0,7372
2023-06-01,5d57566b3811e924aa0d2f3f,MONOPOLY Poker - Texas Holdem,200295.47,104289
2023-06-01,5cb8debe62573f0afa45ef7b,Match 3 Game - Fiends Stars,86018.92,1208
2023-06-01,5c6774ba6f979e172daa0783,Merge Tower Bots,132.76,626
2023-06-01,55d93c3102ac645ad209bbb8,Pearl’s Peril: Hidden Objects,224826.29,18273
2023-06-01,55c5276302ac64f9c0002afc,Pirate Kings™️,805828.44,13714
2023-06-01,56e9838b02ac643da2000079,Poker Blind Timer - Offline,0,172
2023-06-01,569a77d402ac64be7900076e,Poker Hands - Learn Poker,0,595
2023-06-01,55c526af02ac64f9c0002aca,Poker Heat: Texas Holdem Games,374660.63,49759
2023-06-01,559e109938bfcaa857000941,Poker Odds Calculator Offline,0,304
2023-06-01,57597edb0211a67a7000043a,Poker Slot Spin - Texas Holdem,0,52
2023-06-01,56657dbe02ac64a755000002,Poker Win Challenge,0,62
2023-06-01,58be796a0211a6b60b0001ca,Poker World - Offline Poker,28534.54,32133
2023-06-01,5c135cb8249f1f505c245527,Redecor - Home Design Game,2386353.85,290278
2023-06-01,55c5020a02ac64f9c0001f66,Slotomania Slots Casino Games,14937061.72,720026
2023-06-01,594990020211a674a00013c6,Solitaire Grand Harvest,17820335.09,709513
2023-06-01,56fce46902ac64f4e3000014,Stratego® Single Player,622.65,355
2023-06-01,5efe60a2929978210bf1074a,Switchcraft: Magical Match 3,29730.79,816
2023-06-01,55d93f0d02ac645ad2121f56,TEXAS HOLDEM POKER PRO - OFFLINE,521.08,565
2023-06-01,55d9560502ac645ad227642d,Texas Holdem Poker Offline,54.73,5
2023-06-01,62bef9d6a36ee9688ccb1844,Tiles Of Fortune™️,2540.66,478
2023-06-01,58b397c0b16e673f5100983f,Tropicats: Tropical Match3,80349.46,79
2023-06-01,55dbda2f3c2f626849017d17,Vegas Downtown Slots & Words,104664.84,3399
2023-06-01,55c506cf02ac64f9c000215e,WSOP Poker: Texas Holdem Game,7355562.17,679934
2023-06-01,57aa7d5225186129ee000320,Wild West Chip Dozer - OFFLINE,0,18
2023-06-01,5789b1e11ca388086d000130,すみっコぐらし 〜パズルをするんです〜,65564.74,13406
2023-07-01,5eaef95d5c6ace6c5a733828,1v1.LOL - Battle Royale Game,30731.34,663559
2023-07-01,5e06ead15be87a5edb3a1682,Animals & Coins Adventure Game,2329200.1,1097560
2023-07-01,55c52f2002ac64f9c0002d6c,Best Fiends - Match 3 Puzzles,4816901.95,308447
2023-07-01,55c5025102ac64f9c0001f98,Bingo Blitz - Bingo Games,19374121.36,1060065
2023-07-01,56c7d3f82a8716af1602c81a,Blackjack 21 - Offline,0,267
2023-07-01,57d8a413d2d5654b3700adcc,Board Kings: Board Dice Games,1881689.29,233244
2023-07-01,55c5061302ac64f9c000211f,Caesars Slots - Casino Games,4298900.08,183976
2023-07-01,5d59e8d03ea9835e7290d99d,Cat Force - PvP Match 3 Game,217.11,15
2023-07-01,5d65daa6ef4c60138afb64a6,Dice Dreams,9026246.71,965438
2023-07-01,637ea0012ade4a0aeafad27b,Domino Dreams,270627.81,464479
2023-07-01,55d20e5b02ac64ee730006d3,Governor of Poker 2 - Offline,25928.84,24074
2023-07-01,55c5378102ac64f9c0003015,Governor of Poker 3 Card Games,1984681.8,163841
2023-07-01,56e014bdd7606a88f2001f70,Higher Lower - Hi Low,0,40
2023-07-01,53782e84830f782dbe000053,House of Fun: Casino Slots,6337823.42,133127
2023-07-01,55c509c102ac64f9c0002261,Jelly Splash: Fun Puzzle Game,77839.79,255
2023-07-01,589a7f2d9ed8007709000591,June's Journey: Hidden Objects,15405646.51,782298
2023-07-01,607c313eec1eca530a358272,JustFall.LOL: Battle Royale,0,53158
2023-07-01,59432da11df74b728f00010b,Learn How To Play Texas Poker,0,22327
2023-07-01,55f59e7b02ac6457c50000a4,Learn Poker - How to Play,0,9040
2023-07-01,5d57566b3811e924aa0d2f3f,MONOPOLY Poker - Texas Holdem,235160.11,117206
2023-07-01,5cb8debe62573f0afa45ef7b,Match 3 Game - Fiends Stars,85018.87,282
2023-07-01,5c6774ba6f979e172daa0783,Merge Tower Bots,404.85,385
2023-07-01,55d93c3102ac645ad209bbb8,Pearl’s Peril: Hidden Objects,237564.78,20543
2023-07-01,55c5276302ac64f9c0002afc,Pirate Kings™️,790831.16,12843
2023-07-01,56e9838b02ac643da2000079,Poker Blind Timer - Offline,0,179
2023-07-01,569a77d402ac64be7900076e,Poker Hands - Learn Poker,0,816
2023-07-01,55c526af02ac64f9c0002aca,Poker Heat: Texas Holdem Games,431679.7,54829
2023-07-01,559e109938bfcaa857000941,Poker Odds Calculator Offline,0,246
2023-07-01,57597edb0211a67a7000043a,Poker Slot Spin - Texas Holdem,0,27
2023-07-01,56657dbe02ac64a755000002,Poker Win Challenge,0,72
2023-07-01,58be796a0211a6b60b0001ca,Poker World - Offline Poker,32319.47,37187
2023-07-01,5c135cb8249f1f505c245527,Redecor - Home Design Game,2405599.05,579959
2023-07-01,55c5020a02ac64f9c0001f66,Slotomania Slots Casino Games,15525885.92,937299
2023-07-01,594990020211a674a00013c6,Solitaire Grand Harvest,18354170.97,668436
2023-07-01,56fce46902ac64f4e3000014,Stratego® Single Player,700.73,368
2023-07-01,5efe60a2929978210bf1074a,Switchcraft: Magical Match 3,29327.14,307
2023-07-01,55d93f0d02ac645ad2121f56,TEXAS HOLDEM POKER PRO - OFFLINE,891.85,343
2023-07-01,55d9560502ac645ad227642d,Texas Holdem Poker Offline,55.28,4
2023-07-01,62bef9d6a36ee9688ccb1844,Tiles Of Fortune™️,1569.38,368
2023-07-01,58b397c0b16e673f5100983f,Tropicats: Tropical Match3,82931.76,12
2023-07-01,55dbda2f3c2f626849017d17,Vegas Downtown Slots & Words,101508.49,3801
2023-07-01,55c506cf02ac64f9c000215e,WSOP Poker: Texas Holdem Game,7737229.4,698357
2023-07-01,57aa7d5225186129ee000320,Wild West Chip Dozer - OFFLINE,0,41
2023-07-01,5789b1e11ca388086d000130,すみっコぐらし 〜パズルをするんです〜,57039.48,14191
2023-08-01,5eaef95d5c6ace6c5a733828,1v1.LOL - Battle Royale Game,28705.75,789595
2023-08-01,5e06ead15be87a5edb3a1682,Animals & Coins Adventure Game,2341913.11,936409
2023-08-01,55c52f2002ac64f9c0002d6c,Best Fiends - Match 3 Puzzles,4657056.4,199281
2023-08-01,55c5025102ac64f9c0001f98,Bingo Blitz - Bingo Games,19087451.5,452606
2023-08-01,56c7d3f82a8716af1602c81a,Blackjack 21 - Offline,0,268
2023-08-01,57d8a413d2d5654b3700adcc,Board Kings: Board Dice Games,1873327.18,250176
2023-08-01,55c5061302ac64f9c000211f,Caesars Slots - Casino Games,4428850.77,153893
2023-08-01,5d59e8d03ea9835e7290d99d,Cat Force - PvP Match 3 Game,308.69,17
2023-08-01,5d65daa6ef4c60138afb64a6,Dice Dreams,11142013.89,1245633
2023-08-01,637ea0012ade4a0aeafad27b,Domino Dreams,267757.99,94957
2023-08-01,55d20e5b02ac64ee730006d3,Governor of Poker 2 - Offline,26054.05,24484
2023-08-01,55c5378102ac64f9c0003015,Governor of Poker 3 Card Games,1888479.65,154422
2023-08-01,56e014bdd7606a88f2001f70,Higher Lower - Hi Low,0,120
2023-08-01,53782e84830f782dbe000053,House of Fun: Casino Slots,5561961.53,138034
2023-08-01,55c509c102ac64f9c0002261,Jelly Splash: Fun Puzzle Game,76203.6,309
2023-08-01,589a7f2d9ed8007709000591,June's Journey: Hidden Objects,16717008.16,685834
2023-08-01,607c313eec1eca530a358272,JustFall.LOL: Battle Royale,0,48210
2023-08-01,59432da11df74b728f00010b,Learn How To Play Texas Poker,0,23986
2023-08-01,55f59e7b02ac6457c50000a4,Learn Poker - How to Play,0,9798
2023-08-01,5d57566b3811e924aa0d2f3f,MONOPOLY Poker - Texas Holdem,225821.68,121233
2023-08-01,5cb8debe62573f0afa45ef7b,Match 3 Game - Fiends Stars,81580.13,640
2023-08-01,5c6774ba6f979e172daa0783,Merge Tower Bots,417.52,376
2023-08-01,55d93c3102ac645ad209bbb8,Pearl’s Peril: Hidden Objects,229038.82,19150
2023-08-01,55c5276302ac64f9c0002afc,Pirate Kings™️,784468.36,14005
2023-08-01,56e9838b02ac643da2000079,Poker Blind Timer - Offline,0,186
2023-08-01,569a77d402ac64be7900076e,Poker Hands - Learn Poker,0,790
2023-08-01,55c526af02ac64f9c0002aca,Poker Heat: Texas Holdem Games,429860.67,58714
2023-08-01,559e109938bfcaa857000941,Poker Odds Calculator Offline,0,330
2023-08-01,57597edb0211a67a7000043a,Poker Slot Spin - Texas Holdem,0,42
2023-08-01,56657dbe02ac64a755000002,Poker Win Challenge,0,102
2023-08-01,58be796a0211a6b60b0001ca,Poker World - Offline Poker,29558.5,40816
2023-08-01,5c135cb8249f1f505c245527,Redecor - Home Design Game,2244343.14,426741
2023-08-01,55c5020a02ac64f9c0001f66,Slotomania Slots Casino Games,15633207.48,978613
2023-08-01,594990020211a674a00013c6,Solitaire Grand Harvest,18859812.78,659712
2023-08-01,56fce46902ac64f4e3000014,Stratego® Single Player,683.93,498
2023-08-01,5efe60a2929978210bf1074a,Switchcraft: Magical Match 3,25164.39,381
2023-08-01,55d93f0d02ac645ad2121f56,TEXAS HOLDEM POKER PRO - OFFLINE,586.83,651
2023-08-01,55d9560502ac645ad227642d,Texas Holdem Poker Offline,19.01,2
2023-08-01,62bef9d6a36ee9688ccb1844,Tiles Of Fortune™️,1903.7,14934
2023-08-01,58b397c0b16e673f5100983f,Tropicats: Tropical Match3,74850.36,43
2023-08-01,55dbda2f3c2f626849017d17,Vegas Downtown Slots & Words,105699.2,3951
2023-08-01,55c506cf02ac64f9c000215e,WSOP Poker: Texas Holdem Game,7970808.57,658526
2023-08-01,57aa7d5225186129ee000320,Wild West Chip Dozer - OFFLINE,0,61
2023-08-01,5789b1e11ca388086d000130,すみっコぐらし 〜パズルをするんです〜,66248.46,15250
2023-09-01,5eaef95d5c6ace6c5a733828,1v1.LOL - Battle Royale Game,29659.33,979811
2023-09-01,5e06ead15be87a5edb3a1682,Animals & Coins Adventure Game,2084558.98,1126480
2023-09-01,55c52f2002ac64f9c0002d6c,Best Fiends - Match 3 Puzzles,4284411.08,344846
2023-09-01,55c5025102ac64f9c0001f98,Bingo Blitz - Bingo Games,17236983.9,354853
2023-09-01,56c7d3f82a8716af1602c81a,Blackjack 21 - Offline,0,153
2023-09-01,57d8a413d2d5654b3700adcc,Board Kings: Board Dice Games,1592288.5,272754
2023-09-01,55c5061302ac64f9c000211f,Caesars Slots - Casino Games,4150205.86,159062
2023-09-01,5d59e8d03ea9835e7290d99d,Cat Force - PvP Match 3 Game,272.42,2
2023-09-01,5d65daa6ef4c60138afb64a6,Dice Dreams,9883039.39,1261385
2023-09-01,637ea0012ade4a0aeafad27b,Domino Dreams,296674.77,106528
2023-09-01,55d20e5b02ac64ee730006d3,Governor of Poker 2 - Offline,23439.05,20319
2023-09-01,55c5378102ac64f9c0003015,Governor of Poker 3 Card Games,1652441.06,162358
2023-09-01,56e014bdd7606a88f2001f70,Higher Lower - Hi Low,0,153
2023-09-01,53782e84830f782dbe000053,House of Fun: Casino Slots,5385478.71,147770
2023-09-01,55c509c102ac64f9c0002261,Jelly Splash: Fun Puzzle Game,75540.29,151
2023-09-01,589a7f2d9ed8007709000591,June's Journey: Hidden Objects,14954432.11,506071
2023-09-01,607c313eec1eca530a358272,JustFall.LOL: Battle Royale,0,33020
2023-09-01,59432da11df74b728f00010b,Learn How To Play Texas Poker,0,13777
2023-09-01,55f59e7b02ac6457c50000a4,Learn Poker - How to Play,0,7458
2023-09-01,5d57566b3811e924aa0d2f3f,MONOPOLY Poker - Texas Holdem,222601.02,104720
2023-09-01,5cb8debe62573f0afa45ef7b,Match 3 Game - Fiends Stars,72630.27,182
2023-09-01,5c6774ba6f979e172daa0783,Merge Tower Bots,426.87,84
2023-09-01,55d93c3102ac645ad209bbb8,Pearl’s Peril: Hidden Objects,244994.47,19011
2023-09-01,55c5276302ac64f9c0002afc,Pirate Kings™️,643155.38,10764
2023-09-01,56e9838b02ac643da2000079,Poker Blind Timer - Offline,0,118
2023-09-01,569a77d402ac64be7900076e,Poker Hands - Learn Poker,0,473
2023-09-01,55c526af02ac64f9c0002aca,Poker Heat: Texas Holdem Games,387187.64,68034
2023-09-01,559e109938bfcaa857000941,Poker Odds Calculator Offline,0,398
2023-09-01,57597edb0211a67a7000043a,Poker Slot Spin - Texas Holdem,0,130
2023-09-01,56657dbe02ac64a755000002,Poker Win Challenge,0,22
2023-09-01,58be796a0211a6b60b0001ca,Poker World - Offline Poker,24373.88,36160
2023-09-01,5c135cb8249f1f505c245527,Redecor - Home Design Game,2307276.75,355957
2023-09-01,55c5020a02ac64f9c0001f66,Slotomania Slots Casino Games,14370877.08,1112391
2023-09-01,594990020211a674a00013c6,Solitaire Grand Harvest,17937260.05,754377
2023-09-01,56fce46902ac64f4e3000014,Stratego® Single Player,520.01,319
2023-09-01,5efe60a2929978210bf1074a,Switchcraft: Magical Match 3,21692.62,474
2023-09-01,55d93f0d02ac645ad2121f56,TEXAS HOLDEM POKER PRO - OFFLINE,334.28,314
2023-09-01,55d9560502ac645ad227642d,Texas Holdem Poker Offline,23.74,25
2023-09-01,62bef9d6a36ee9688ccb1844,Tiles Of Fortune™️,3791.42,6341
2023-09-01,58b397c0b16e673f5100983f,Tropicats: Tropical Match3,66888.07,33
2023-09-01,55dbda2f3c2f626849017d17,Vegas Downtown Slots & Words,90562.69,4113
2023-09-01,55c506cf02ac64f9c000215e,WSOP Poker: Texas Holdem Game,7721156.22,617205
2023-09-01,57aa7d5225186129ee000320,Wild West Chip Dozer - OFFLINE,0,106
2023-09-01,5789b1e11ca388086d000130,すみっコぐらし 〜パズルをするんです〜,62346.74,13458
2023-10-01,5eaef95d5c6ace6c5a733828,1v1.LOL - Battle Royale Game,36947.13,806085
2023-10-01,5e06ead15be87a5edb3a1682,Animals & Coins Adventure Game,2206435.71,1271197
2023-10-01,55c52f2002ac64f9c0002d6c,Best Fiends - Match 3 Puzzles,4208575.54,160867
2023-10-01,55c5025102ac64f9c0001f98,Bingo Blitz - Bingo Games,18749764.99,379534
2023-10-01,56c7d3f82a8716af1602c81a,Blackjack 21 - Offline,0,140
2023-10-01,57d8a413d2d5654b3700adcc,Board Kings: Board Dice Games,1651525.9,296138
2023-10-01,55c5061302ac64f9c000211f,Caesars Slots - Casino Games,4063579.57,141523
2023-10-01,5d59e8d03ea9835e7290d99d,Cat Force - PvP Match 3 Game,292.2,0
2023-10-01,5d65daa6ef4c60138afb64a6,Dice Dreams,11304986.1,1122393
2023-10-01,637ea0012ade4a0aeafad27b,Domino Dreams,411024.72,118980
2023-10-01,55d20e5b02ac64ee730006d3,Governor of Poker 2 - Offline,22190.07,19214
2023-10-01,55c5378102ac64f9c0003015,Governor of Poker 3 Card Games,1648071.25,154092
2023-10-01,56e014bdd7606a88f2001f70,Higher Lower - Hi Low,0,160
2023-10-01,53782e84830f782dbe000053,House of Fun: Casino Slots,5404752.97,122554
2023-10-01,55c509c102ac64f9c0002261,Jelly Splash: Fun Puzzle Game,76882.52,210
2023-10-01,589a7f2d9ed8007709000591,June's Journey: Hidden Objects,15154621.46,455415
2023-10-01,607c313eec1eca530a358272,JustFall.LOL: Battle Royale,0,37629
2023-10-01,59432da11df74b728f00010b,Learn How To Play Texas Poker,0,14743
2023-10-01,55f59e7b02ac6457c50000a4,Learn Poker - How to Play,0,7182
2023-10-01,5d57566b3811e924aa0d2f3f,MONOPOLY Poker - Texas Holdem,244851.78,99592
2023-10-01,5cb8debe62573f0afa45ef7b,Match 3 Game - Fiends Stars,73395.63,157
2023-10-01,5c6774ba6f979e172daa0783,Merge Tower Bots,319.33,90
2023-10-01,55d93c3102ac645ad209bbb8,Pearl’s Peril: Hidden Objects,231536.28,19964
2023-10-01,55c5276302ac64f9c0002afc,Pirate Kings™️,774197.28,10116
2023-10-01,56e9838b02ac643da2000079,Poker Blind Timer - Offline,0,130
2023-10-01,569a77d402ac64be7900076e,Poker Hands - Learn Poker,0,489
2023-10-01,55c526af02ac64f9c0002aca,Poker Heat: Texas Holdem Games,393158.09,72585
2023-10-01,559e109938bfcaa857000941,Poker Odds Calculator Offline,0,328
2023-10-01,57597edb0211a67a7000043a,Poker Slot Spin - Texas Holdem,0,120
2023-10-01,56657dbe02ac64a755000002,Poker Win Challenge,0,13
2023-10-01,58be796a0211a6b60b0001ca,Poker World - Offline Poker,29114.42,38129
2023-10-01,5c135cb8249f1f505c245527,Redecor - Home Design Game,2509870.48,259853
2023-10-01,55c5020a02ac64f9c0001f66,Slotomania Slots Casino Games,14345985.55,1304058
2023-10-01,594990020211a674a00013c6,Solitaire Grand Harvest,18258427.53,616012
2023-10-01,56fce46902ac64f4e3000014,Stratego® Single Player,31.86,17
2023-10-01,5efe60a2929978210bf1074a,Switchcraft: Magical Match 3,21294.43,493
2023-10-01,55d93f0d02ac645ad2121f56,TEXAS HOLDEM POKER PRO - OFFLINE,215.24,292
2023-10-01,55d9560502ac645ad227642d,Texas Holdem Poker Offline,40.36,41
2023-10-01,62bef9d6a36ee9688ccb1844,Tiles Of Fortune™️,1451.69,1764
2023-10-01,58b397c0b16e673f5100983f,Tropicats: Tropical Match3,70698.1,46
2023-10-01,55dbda2f3c2f626849017d17,Vegas Downtown Slots & Words,105454.97,5934
2023-10-01,55c506cf02ac64f9c000215e,WSOP Poker: Texas Holdem Game,7414547.36,677318
2023-10-01,57aa7d5225186129ee000320,Wild West Chip Dozer - OFFLINE,0,112
2023-10-01,5789b1e11ca388086d000130,すみっコぐらし 〜パズルをするんです〜,57748.76,22128
2023-11-01,5eaef95d5c6ace6c5a733828,1v1.LOL - Battle Royale Game,57955.43,973036
2023-11-01,5e06ead15be87a5edb3a1682,Animals & Coins Adventure Game,2512949.67,1224257
2023-11-01,55c52f2002ac64f9c0002d6c,Best Fiends - Match 3 Puzzles,3999223.42,161985
2023-11-01,55c5025102ac64f9c0001f98,Bingo Blitz - Bingo Games,19082899.45,405761
2023-11-01,56c7d3f82a8716af1602c81a,Blackjack 21 - Offline,0,128
2023-11-01,57d8a413d2d5654b3700adcc,Board Kings: Board Dice Games,1570249.66,238478
2023-11-01,55c5061302ac64f9c000211f,Caesars Slots - Casino Games,3969810.2,160255
2023-11-01,5d59e8d03ea9835e7290d99d,Cat Force - PvP Match 3 Game,275.1,0
2023-11-01,5d65daa6ef4c60138afb64a6,Dice Dreams,11873373.93,823582
2023-11-01,637ea0012ade4a0aeafad27b,Domino Dreams,607557.54,270691
2023-11-01,55d20e5b02ac64ee730006d3,Governor of Poker 2 - Offline,21356.35,18649
2023-11-01,55c5378102ac64f9c0003015,Governor of Poker 3 Card Games,1770438.49,154093
2023-11-01,56e014bdd7606a88f2001f70,Higher Lower - Hi Low,0,150
2023-11-01,53782e84830f782dbe000053,House of Fun: Casino Slots,5485537.24,114640
2023-11-01,55c509c102ac64f9c0002261,Jelly Splash: Fun Puzzle Game,80936.48,335
2023-11-01,589a7f2d9ed8007709000591,June's Journey: Hidden Objects,15884802.58,460541
2023-11-01,607c313eec1eca530a358272,JustFall.LOL: Battle Royale,0,32868
2023-11-01,59432da11df74b728f00010b,Learn How To Play Texas Poker,0,13961
2023-11-01,55f59e7b02ac6457c50000a4,Learn Poker - How to Play,0,7926
2023-11-01,5d57566b3811e924aa0d2f3f,MONOPOLY Poker - Texas Holdem,265892.26,101068
2023-11-01,5cb8debe62573f0afa45ef7b,Match 3 Game - Fiends Stars,69125.74,231
2023-11-01,5c6774ba6f979e172daa0783,Merge Tower Bots,266.01,87
2023-11-01,55d93c3102ac645ad209bbb8,Pearl’s Peril: Hidden Objects,216725.39,16070
2023-11-01,55c5276302ac64f9c0002afc,Pirate Kings™️,608932.65,20352
2023-11-01,56e9838b02ac643da2000079,Poker Blind Timer - Offline,0,122
2023-11-01,569a77d402ac64be7900076e,Poker Hands - Learn Poker,0,510
2023-11-01,55c526af02ac64f9c0002aca,Poker Heat: Texas Holdem Games,386374.69,72287
2023-11-01,559e109938bfcaa857000941,Poker Odds Calculator Offline,0,380
2023-11-01,57597edb0211a67a7000043a,Poker Slot Spin - Texas Holdem,0,104
2023-11-01,56657dbe02ac64a755000002,Poker Win Challenge,0,16
2023-11-01,58be796a0211a6b60b0001ca,Poker World - Offline Poker,35484.41,39693
2023-11-01,5c135cb8249f1f505c245527,Redecor - Home Design Game,2505734.8,225978
2023-11-01,55c5020a02ac64f9c0001f66,Slotomania Slots Casino Games,14666809.25,986237
2023-11-01,594990020211a674a00013c6,Solitaire Grand Harvest,17348331.2,573110
2023-11-01,5efe60a2929978210bf1074a,Switchcraft: Magical Match 3,19202.96,384
2023-11-01,55d93f0d02ac645ad2121f56,TEXAS HOLDEM POKER PRO - OFFLINE,526.59,275
2023-11-01,55d9560502ac645ad227642d,Texas Holdem Poker Offline,44.21,66
2023-11-01,62bef9d6a36ee9688ccb1844,Tiles Of Fortune™️,1740.35,1885
2023-11-01,58b397c0b16e673f5100983f,Tropicats: Tropical Match3,67783.77,60
2023-11-01,55dbda2f3c2f626849017d17,Vegas Downtown Slots & Words,126588.55,4540
2023-11-01,55c506cf02ac64f9c000215e,WSOP Poker: Texas Holdem Game,7070266.25,658083
2023-11-01,57aa7d5225186129ee000320,Wild West Chip Dozer - OFFLINE,0,98
2023-11-01,5789b1e11ca388086d000130,すみっコぐらし 〜パズルをするんです〜,56291.41,19418
2023-12-01,5eaef95d5c6ace6c5a733828,1v1.LOL - Battle Royale Game,121986.94,1587282
2023-12-01,5e06ead15be87a5edb3a1682,Animals & Coins Adventure Game,2713872.18,1906443
2023-12-01,55c52f2002ac64f9c0002d6c,Best Fiends - Match 3 Puzzles,4190730.55,152642
2023-12-01,55c5025102ac64f9c0001f98,Bingo Blitz - Bingo Games,18502295.3,539214
2023-12-01,56c7d3f82a8716af1602c81a,Blackjack 21 - Offline,0,70
2023-12-01,57d8a413d2d5654b3700adcc,Board Kings: Board Dice Games,1540675.53,184293
2023-12-01,55c5061302ac64f9c000211f,Caesars Slots - Casino Games,4099005.48,169501
2023-12-01,5d59e8d03ea9835e7290d99d,Cat Force - PvP Match 3 Game,201.02,3
2023-12-01,5d65daa6ef4c60138afb64a6,Dice Dreams,12428722.03,1405885
2023-12-01,637ea0012ade4a0aeafad27b,Domino Dreams,886551.22,381275
2023-12-01,55d20e5b02ac64ee730006d3,Governor of Poker 2 - Offline,23051.73,13820
2023-12-01,55c5378102ac64f9c0003015,Governor of Poker 3 Card Games,2089928.82,216926
2023-12-01,56e014bdd7606a88f2001f70,Higher Lower - Hi Low,0,79
2023-12-01,53782e84830f782dbe000053,House of Fun: Casino Slots,6598050.24,155414
2023-12-01,55c509c102ac64f9c0002261,Jelly Splash: Fun Puzzle Game,81449.08,318
2023-12-01,589a7f2d9ed8007709000591,June's Journey: Hidden Objects,15724426.14,552001
2023-12-01,607c313eec1eca530a358272,JustFall.LOL: Battle Royale,0,29453
2023-12-01,59432da11df74b728f00010b,Learn How To Play Texas Poker,0,17753
2023-12-01,55f59e7b02ac6457c50000a4,Learn Poker - How to Play,0,4325
2023-12-01,5d57566b3811e924aa0d2f3f,MONOPOLY Poker - Texas Holdem,324375.28,138119
2023-12-01,5cb8debe62573f0afa45ef7b,Match 3 Game - Fiends Stars,74030.71,161
2023-12-01,5c6774ba6f979e172daa0783,Merge Tower Bots,257.87,225
2023-12-01,55d93c3102ac645ad209bbb8,Pearl’s Peril: Hidden Objects,250765.66,16010
2023-12-01,55c5276302ac64f9c0002afc,Pirate Kings™️,726997.15,38320
2023-12-01,56e9838b02ac643da2000079,Poker Blind Timer - Offline,0,69
2023-12-01,569a77d402ac64be7900076e,Poker Hands - Learn Poker,0,327
2023-12-01,55c526af02ac64f9c0002aca,Poker Heat: Texas Holdem Games,388331.87,76306
2023-12-01,559e109938bfcaa857000941,Poker Odds Calculator Offline,0,263
2023-12-01,57597edb0211a67a7000043a,Poker Slot Spin - Texas Holdem,0,124
2023-12-01,56657dbe02ac64a755000002,Poker Win Challenge,0,4
2023-12-01,58be796a0211a6b60b0001ca,Poker World - Offline Poker,40595.66,45217
2023-12-01,5c135cb8249f1f505c245527,Redecor - Home Design Game,2640797.97,323103
2023-12-01,55c5020a02ac64f9c0001f66,Slotomania Slots Casino Games,15011040.31,920785
2023-12-01,594990020211a674a00013c6,Solitaire Grand Harvest,18777991.7,739609
2023-12-01,5efe60a2929978210bf1074a,Switchcraft: Magical Match 3,20352.02,255
2023-12-01,55d93f0d02ac645ad2121f56,TEXAS HOLDEM POKER PRO - OFFLINE,280.17,189
2023-12-01,55d9560502ac645ad227642d,Texas Holdem Poker Offline,104.67,36
2023-12-01,62bef9d6a36ee9688ccb1844,Tiles Of Fortune™️,1328.68,5203
2023-12-01,58b397c0b16e673f5100983f,Tropicats: Tropical Match3,64014.99,66
2023-12-01,55dbda2f3c2f626849017d17,Vegas Downtown Slots & Words,152574.3,6677
2023-12-01,55c506cf02ac64f9c000215e,WSOP Poker: Texas Holdem Game,7857372.14,758338
2023-12-01,57aa7d5225186129ee000320,Wild West Chip Dozer - OFFLINE,0,52
2023-12-01,5789b1e11ca388086d000130,すみっコぐらし 〜パズルをするんです〜,53237.52,12474
2024-01-01,5eaef95d5c6ace6c5a733828,1v1.LOL - Battle Royale Game,104137.29,1137732
2024-01-01,5e06ead15be87a5edb3a1682,Animals & Coins Adventure Game,3181137.57,2579506
2024-01-01,55c52f2002ac64f9c0002d6c,Best Fiends - Match 3 Puzzles,4320849.4,170749
2024-01-01,55c5025102ac64f9c0001f98,Bingo Blitz - Bingo Games,19168801.81,732191
2024-01-01,56c7d3f82a8716af1602c81a,Blackjack 21 - Offline,0,3
2024-01-01,57d8a413d2d5654b3700adcc,Board Kings: Board Dice Games,1401502.65,185353
2024-01-01,55c5061302ac64f9c000211f,Caesars Slots - Casino Games,4403639.24,181877
2024-01-01,5d59e8d03ea9835e7290d99d,Cat Force - PvP Match 3 Game,116.02,2
2024-01-01,5d65daa6ef4c60138afb64a6,Dice Dreams,13970367,2611281
2024-01-01,637ea0012ade4a0aeafad27b,Domino Dreams,1270248.99,539914
2024-01-01,55d20e5b02ac64ee730006d3,Governor of Poker 2 - Offline,22806.59,12163
2024-01-01,55c5378102ac64f9c0003015,Governor of Poker 3 Card Games,2028588.64,247160
2024-01-01,56e014bdd7606a88f2001f70,Higher Lower - Hi Low,0,11
2024-01-01,53782e84830f782dbe000053,House of Fun: Casino Slots,6077871.03,199166
2024-01-01,55c509c102ac64f9c0002261,Jelly Splash: Fun Puzzle Game,80211.27,483
2024-01-01,589a7f2d9ed8007709000591,June's Journey: Hidden Objects,15413598.31,629432
2024-01-01,607c313eec1eca530a358272,JustFall.LOL: Battle Royale,0,22725
2024-01-01,59432da11df74b728f00010b,Learn How To Play Texas Poker,0,21329
2024-01-01,55f59e7b02ac6457c50000a4,Learn Poker - How to Play,0,3272
2024-01-01,5d57566b3811e924aa0d2f3f,MONOPOLY Poker - Texas Holdem,340854.28,151459
2024-01-01,5cb8debe62573f0afa45ef7b,Match 3 Game - Fiends Stars,64030.68,234
2024-01-01,5c6774ba6f979e172daa0783,Merge Tower Bots,200.26,99
2024-01-01,55d93c3102ac645ad209bbb8,Pearl’s Peril: Hidden Objects,228401.74,19139
2024-01-01,55c5276302ac64f9c0002afc,Pirate Kings™️,658963.36,16091
2024-01-01,56e9838b02ac643da2000079,Poker Blind Timer - Offline,0,15
2024-01-01,569a77d402ac64be7900076e,Poker Hands - Learn Poker,0,131
2024-01-01,55c526af02ac64f9c0002aca,Poker Heat: Texas Holdem Games,411097.57,79724
2024-01-01,559e109938bfcaa857000941,Poker Odds Calculator Offline,0,145
2024-01-01,57597edb0211a67a7000043a,Poker Slot Spin - Texas Holdem,0,124
2024-01-01,56657dbe02ac64a755000002,Poker Win Challenge,0,3
2024-01-01,58be796a0211a6b60b0001ca,Poker World - Offline Poker,42251.76,48539
2024-01-01,5c135cb8249f1f505c245527,Redecor - Home Design Game,2629363.77,305533
2024-01-01,55c5020a02ac64f9c0001f66,Slotomania Slots Casino Games,14457395.36,965176
2024-01-01,594990020211a674a00013c6,Solitaire Grand Harvest,18734500.07,855740
2024-01-01,5efe60a2929978210bf1074a,Switchcraft: Magical Match 3,22376.02,93
2024-01-01,55d93f0d02ac645ad2121f56,TEXAS HOLDEM POKER PRO - OFFLINE,269.76,235
2024-01-01,55d9560502ac645ad227642d,Texas Holdem Poker Offline,65.9,39
2024-01-01,62bef9d6a36ee9688ccb1844,Tiles Of Fortune™️,1198.79,789
2024-01-01,58b397c0b16e673f5100983f,Tropicats: Tropical Match3,63795.02,76
2024-01-01,55dbda2f3c2f626849017d17,Vegas Downtown Slots & Words,130249.24,9176
2024-01-01,55c506cf02ac64f9c000215e,WSOP Poker: Texas Holdem Game,7393709.28,864907
2024-01-01,57aa7d5225186129ee000320,Wild West Chip Dozer - OFFLINE,0,15
2024-01-01,5789b1e11ca388086d000130,すみっコぐらし 〜パズルをするんです〜,55574.28,12650
2024-02-01,5eaef95d5c6ace6c5a733828,1v1.LOL - Battle Royale Game,73986.22,827342
2024-02-01,5e06ead15be87a5edb3a1682,Animals & Coins Adventure Game,3059018.55,2672503
2024-02-01,55c52f2002ac64f9c0002d6c,Best Fiends - Match 3 Puzzles,3889234.28,209731
2024-02-01,55c5025102ac64f9c0001f98,Bingo Blitz - Bingo Games,18755846.49,585650
2024-02-01,56c7d3f82a8716af1602c81a,Blackjack 21 - Offline,0,13
2024-02-01,57d8a413d2d5654b3700adcc,Board Kings: Board Dice Games,1476365.83,112725
2024-02-01,55c5061302ac64f9c000211f,Caesars Slots - Casino Games,3962368.56,116495
2024-02-01,5d65daa6ef4c60138afb64a6,Dice Dreams,14415614.4,1479029
2024-02-01,637ea0012ade4a0aeafad27b,Domino Dreams,1530476.43,523590
2024-02-01,55d20e5b02ac64ee730006d3,Governor of Poker 2 - Offline,19891.3,9967
2024-02-01,55c5378102ac64f9c0003015,Governor of Poker 3 Card Games,1975421.52,203469
2024-02-01,56e014bdd7606a88f2001f70,Higher Lower - Hi Low,0,1
2024-02-01,53782e84830f782dbe000053,House of Fun: Casino Slots,5736159.18,208720
2024-02-01,55c509c102ac64f9c0002261,Jelly Splash: Fun Puzzle Game,68630.81,536
2024-02-01,589a7f2d9ed8007709000591,June's Journey: Hidden Objects,14947651.02,692231
2024-02-01,607c313eec1eca530a358272,JustFall.LOL: Battle Royale,0,15216
2024-02-01,59432da11df74b728f00010b,Learn How To Play Texas Poker,0,14244
2024-02-01,55f59e7b02ac6457c50000a4,Learn Poker - How to Play,0,2281
2024-02-01,5d57566b3811e924aa0d2f3f,MONOPOLY Poker - Texas Holdem,338118.77,82737
2024-02-01,5cb8debe62573f0afa45ef7b,Match 3 Game - Fiends Stars,62101.96,108
2024-02-01,5c6774ba6f979e172daa0783,Merge Tower Bots,227.33,45
2024-02-01,55d93c3102ac645ad209bbb8,Pearl’s Peril: Hidden Objects,213210.38,19446
2024-02-01,55c5276302ac64f9c0002afc,Pirate Kings™️,574968.55,8970
2024-02-01,56e9838b02ac643da2000079,Poker Blind Timer - Offline,0,93
2024-02-01,569a77d402ac64be7900076e,Poker Hands - Learn Poker,0,87
2024-02-01,55c526af02ac64f9c0002aca,Poker Heat: Texas Holdem Games,372359.28,103429
2024-02-01,559e109938bfcaa857000941,Poker Odds Calculator Offline,0,85
2024-02-01,57597edb0211a67a7000043a,Poker Slot Spin - Texas Holdem,0,47
2024-02-01,56657dbe02ac64a755000002,Poker Win Challenge,0,39
2024-02-01,58be796a0211a6b60b0001ca,Poker World - Offline Poker,41843.98,42049
2024-02-01,5c135cb8249f1f505c245527,Redecor - Home Design Game,2550974.84,575574
2024-02-01,55c5020a02ac64f9c0001f66,Slotomania Slots Casino Games,13432783.74,999680
2024-02-01,594990020211a674a00013c6,Solitaire Grand Harvest,17157486.65,777921
2024-02-01,5efe60a2929978210bf1074a,Switchcraft: Magical Match 3,22795.19,73
2024-02-01,55d93f0d02ac645ad2121f56,TEXAS HOLDEM POKER PRO - OFFLINE,180.96,113
2024-02-01,55d9560502ac645ad227642d,Texas Holdem Poker Offline,75.02,26
2024-02-01,62bef9d6a36ee9688ccb1844,Tiles Of Fortune™️,1571.27,1410
2024-02-01,58b397c0b16e673f5100983f,Tropicats: Tropical Match3,64235.79,54
2024-02-01,55dbda2f3c2f626849017d17,Vegas Downtown Slots & Words,131044.31,11320
2024-02-01,55c506cf02ac64f9c000215e,WSOP Poker: Texas Holdem Game,7495279.29,852495
2024-02-01,57aa7d5225186129ee000320,Wild West Chip Dozer - OFFLINE,0,21
2024-02-01,5789b1e11ca388086d000130,すみっコぐらし 〜パズルをするんです〜,52888.45,9299
2024-03-01,5eaef95d5c6ace6c5a733828,1v1.LOL - Battle Royale Game,76718.55,945174
2024-03-01,5e06ead15be87a5edb3a1682,Animals & Coins Adventure Game,3010135.55,1253592
2024-03-01,55c52f2002ac64f9c0002d6c,Best Fiends - Match 3 Puzzles,3861788.89,263942
2024-03-01,55c5025102ac64f9c0001f98,Bingo Blitz - Bingo Games,21389252.71,619201
2024-03-01,56c7d3f82a8716af1602c81a,Blackjack 21 - Offline,0,20
2024-03-01,57d8a413d2d5654b3700adcc,Board Kings: Board Dice Games,1367458.57,106253
2024-03-01,55c5061302ac64f9c000211f,Caesars Slots - Casino Games,4078199.97,130630
2024-03-01,5d65daa6ef4c60138afb64a6,Dice Dreams,17804991.55,1306426
2024-03-01,637ea0012ade4a0aeafad27b,Domino Dreams,2180623.39,886640
2024-03-01,55d20e5b02ac64ee730006d3,Governor of Poker 2 - Offline,22887.9,11697
2024-03-01,55c5378102ac64f9c0003015,Governor of Poker 3 Card Games,2287891.8,165273
2024-03-01,56e014bdd7606a88f2001f70,Higher Lower - Hi Low,0,13
2024-03-01,53782e84830f782dbe000053,House of Fun: Casino Slots,5899006.5,213262
2024-03-01,55c509c102ac64f9c0002261,Jelly Splash: Fun Puzzle Game,74504.22,591
2024-03-01,589a7f2d9ed8007709000591,June's Journey: Hidden Objects,14737195.36,581774
2024-03-01,607c313eec1eca530a358272,JustFall.LOL: Battle Royale,0,20654
2024-03-01,59432da11df74b728f00010b,Learn How To Play Texas Poker,0,12122
2024-03-01,55f59e7b02ac6457c50000a4,Learn Poker - How to Play,0,2998
2024-03-01,5d57566b3811e924aa0d2f3f,MONOPOLY Poker - Texas Holdem,395208.22,96670
2024-03-01,5cb8debe62573f0afa45ef7b,Match 3 Game - Fiends Stars,70904.63,1042
2024-03-01,5c6774ba6f979e172daa0783,Merge Tower Bots,401.9,42
2024-03-01,55d93c3102ac645ad209bbb8,Pearl’s Peril: Hidden Objects,235839.52,19032
2024-03-01,55c5276302ac64f9c0002afc,Pirate Kings™️,693197.91,7698
2024-03-01,56e9838b02ac643da2000079,Poker Blind Timer - Offline,0,244
2024-03-01,569a77d402ac64be7900076e,Poker Hands - Learn Poker,0,99
2024-03-01,55c526af02ac64f9c0002aca,Poker Heat: Texas Holdem Games,377485.41,91301
2024-03-01,559e109938bfcaa857000941,Poker Odds Calculator Offline,0,91
2024-03-01,57597edb0211a67a7000043a,Poker Slot Spin - Texas Holdem,0,44
2024-03-01,56657dbe02ac64a755000002,Poker Win Challenge,0,139
2024-03-01,58be796a0211a6b60b0001ca,Poker World - Offline Poker,45303.96,44301
2024-03-01,5c135cb8249f1f505c245527,Redecor - Home Design Game,2539443.95,402720
2024-03-01,55c5020a02ac64f9c0001f66,Slotomania Slots Casino Games,14126740.1,1009258
2024-03-01,594990020211a674a00013c6,Solitaire Grand Harvest,17357889.74,814447
2024-03-01,5efe60a2929978210bf1074a,Switchcraft: Magical Match 3,23296.29,65
2024-03-01,55d93f0d02ac645ad2121f56,TEXAS HOLDEM POKER PRO - OFFLINE,92.11,138
2024-03-01,55d9560502ac645ad227642d,Texas Holdem Poker Offline,26.91,47
2024-03-01,62bef9d6a36ee9688ccb1844,Tiles Of Fortune™️,1713.56,848
2024-03-01,58b397c0b16e673f5100983f,Tropicats: Tropical Match3,69277.07,45
2024-03-01,55dbda2f3c2f626849017d17,Vegas Downtown Slots & Words,147362.4,8143
2024-03-01,55c506cf02ac64f9c000215e,WSOP Poker: Texas Holdem Game,7896646.09,909808
2024-03-01,57aa7d5225186129ee000320,Wild West Chip Dozer - OFFLINE,0,103
2024-03-01,5789b1e11ca388086d000130,すみっコぐらし 〜パズルをするんです〜,50560.4,8354
2024-04-01,5eaef95d5c6ace6c5a733828,1v1.LOL - Battle Royale Game,62536.08,835090
2024-04-01,5e06ead15be87a5edb3a1682,Animals & Coins Adventure Game,2428477.62,854379
2024-04-01,55c52f2002ac64f9c0002d6c,Best Fiends - Match 3 Puzzles,3627112.9,391595
2024-04-01,55c5025102ac64f9c0001f98,Bingo Blitz - Bingo Games,20451061.54,703065
2024-04-01,56c7d3f82a8716af1602c81a,Blackjack 21 - Offline,0,11
2024-04-01,57d8a413d2d5654b3700adcc,Board Kings: Board Dice Games,1257636.29,97456
2024-04-01,55c5061302ac64f9c000211f,Caesars Slots - Casino Games,3773935.24,159195
2024-04-01,5d65daa6ef4c60138afb64a6,Dice Dreams,15077860.03,1300144
2024-04-01,637ea0012ade4a0aeafad27b,Domino Dreams,2349571.19,651112
2024-04-01,55d20e5b02ac64ee730006d3,Governor of Poker 2 - Offline,20458.12,9942
2024-04-01,55c5378102ac64f9c0003015,Governor of Poker 3 Card Games,2267758.98,184686
2024-04-01,56e014bdd7606a88f2001f70,Higher Lower - Hi Low,0,42
2024-04-01,53782e84830f782dbe000053,House of Fun: Casino Slots,5089242.59,191364
2024-04-01,55c509c102ac64f9c0002261,Jelly Splash: Fun Puzzle Game,58471.38,591
2024-04-01,589a7f2d9ed8007709000591,June's Journey: Hidden Objects,15166266.58,488264
2024-04-01,607c313eec1eca530a358272,JustFall.LOL: Battle Royale,0,14099
2024-04-01,59432da11df74b728f00010b,Learn How To Play Texas Poker,0,9342
2024-04-01,55f59e7b02ac6457c50000a4,Learn Poker - How to Play,0,3672
2024-04-01,5d57566b3811e924aa0d2f3f,MONOPOLY Poker - Texas Holdem,350690.23,85629
2024-04-01,5cb8debe62573f0afa45ef7b,Match 3 Game - Fiends Stars,59379.93,184
2024-04-01,5c6774ba6f979e172daa0783,Merge Tower Bots,289.23,69
2024-04-01,55d93c3102ac645ad209bbb8,Pearl’s Peril: Hidden Objects,214810.66,17424
2024-04-01,55c5276302ac64f9c0002afc,Pirate Kings™️,584131.99,6405
2024-04-01,56e9838b02ac643da2000079,Poker Blind Timer - Offline,0,272
2024-04-01,569a77d402ac64be7900076e,Poker Hands - Learn Poker,0,86
2024-04-01,55c526af02ac64f9c0002aca,Poker Heat: Texas Holdem Games,388520.25,55990
2024-04-01,559e109938bfcaa857000941,Poker Odds Calculator Offline,0,127
2024-04-01,57597edb0211a67a7000043a,Poker Slot Spin - Texas Holdem,0,82
2024-04-01,56657dbe02ac64a755000002,Poker Win Challenge,0,116
2024-04-01,58be796a0211a6b60b0001ca,Poker World - Offline Poker,36631.77,38088
2024-04-01,5c135cb8249f1f505c245527,Redecor - Home Design Game,2235478.84,296884
2024-04-01,55c5020a02ac64f9c0001f66,Slotomania Slots Casino Games,13666586.46,1021593
2024-04-01,594990020211a674a00013c6,Solitaire Grand Harvest,16772921.49,554083
2024-04-01,5efe60a2929978210bf1074a,Switchcraft: Magical Match 3,19262.52,119
2024-04-01,55d93f0d02ac645ad2121f56,TEXAS HOLDEM POKER PRO - OFFLINE,119.6,144
2024-04-01,55d9560502ac645ad227642d,Texas Holdem Poker Offline,38.73,45
2024-04-01,62bef9d6a36ee9688ccb1844,Tiles Of Fortune™️,920.66,129
2024-04-01,58b397c0b16e673f5100983f,Tropicats: Tropical Match3,63844.85,46
2024-04-01,55dbda2f3c2f626849017d17,Vegas Downtown Slots & Words,154992.33,6314
2024-04-01,55c506cf02ac64f9c000215e,WSOP Poker: Texas Holdem Game,7520308.24,821571
2024-04-01,57aa7d5225186129ee000320,Wild West Chip Dozer - OFFLINE,0,86
2024-04-01,5789b1e11ca388086d000130,すみっコぐらし 〜パズルをするんです〜,48696.49,6982
2024-05-01,5eaef95d5c6ace6c5a733828,1v1.LOL - Battle Royale Game,87961.88,1105371
2024-05-01,5e06ead15be87a5edb3a1682,Animals & Coins Adventure Game,2366785.06,1230302
2024-05-01,55c52f2002ac64f9c0002d6c,Best Fiends - Match 3 Puzzles,3624262.46,246272
2024-05-01,55c5025102ac64f9c0001f98,Bingo Blitz - Bingo Games,19228336.36,880553
2024-05-01,56c7d3f82a8716af1602c81a,Blackjack 21 - Offline,0,76
2024-05-01,57d8a413d2d5654b3700adcc,Board Kings: Board Dice Games,1163632.36,105921
2024-05-01,55c5061302ac64f9c000211f,Caesars Slots - Casino Games,4022393.48,147165
2024-05-01,5d65daa6ef4c60138afb64a6,Dice Dreams,17946950.46,1777129
2024-05-01,637ea0012ade4a0aeafad27b,Domino Dreams,2686417.61,764134
2024-05-01,55d20e5b02ac64ee730006d3,Governor of Poker 2 - Offline,20089.63,9629
2024-05-01,55c5378102ac64f9c0003015,Governor of Poker 3 Card Games,2147714.99,166284
2024-05-01,56e014bdd7606a88f2001f70,Higher Lower - Hi Low,0,208
2024-05-01,53782e84830f782dbe000053,House of Fun: Casino Slots,5553353.73,215042
2024-05-01,55c509c102ac64f9c0002261,Jelly Splash: Fun Puzzle Game,59371.17,619
2024-05-01,589a7f2d9ed8007709000591,June's Journey: Hidden Objects,13930227.15,498888
2024-05-01,607c313eec1eca530a358272,JustFall.LOL: Battle Royale,0,11207
2024-05-01,59432da11df74b728f00010b,Learn How To Play Texas Poker,0,9174
2024-05-01,55f59e7b02ac6457c50000a4,Learn Poker - How to Play,0,3085
2024-05-01,5d57566b3811e924aa0d2f3f,MONOPOLY Poker - Texas Holdem,368400.66,73707
2024-05-01,5cb8debe62573f0afa45ef7b,Match 3 Game - Fiends Stars,56766,66
2024-05-01,5c6774ba6f979e172daa0783,Merge Tower Bots,88.67,53
2024-05-01,55d93c3102ac645ad209bbb8,Pearl’s Peril: Hidden Objects,210584.86,15320
2024-05-01,55c5276302ac64f9c0002afc,Pirate Kings™️,641627.5,6551
2024-05-01,56e9838b02ac643da2000079,Poker Blind Timer - Offline,0,320
2024-05-01,569a77d402ac64be7900076e,Poker Hands - Learn Poker,0,90
2024-05-01,55c526af02ac64f9c0002aca,Poker Heat: Texas Holdem Games,362799.43,53243
2024-05-01,559e109938bfcaa857000941,Poker Odds Calculator Offline,0,153
2024-05-01,57597edb0211a67a7000043a,Poker Slot Spin - Texas Holdem,0,53
2024-05-01,56657dbe02ac64a755000002,Poker Win Challenge,0,272
2024-05-01,58be796a0211a6b60b0001ca,Poker World - Offline Poker,33041.49,32596
2024-05-01,5c135cb8249f1f505c245527,Redecor - Home Design Game,2210928.35,274445
2024-05-01,55c5020a02ac64f9c0001f66,Slotomania Slots Casino Games,14340868.16,1144903
2024-05-01,594990020211a674a00013c6,Solitaire Grand Harvest,17472306,515915
2024-05-01,5efe60a2929978210bf1074a,Switchcraft: Magical Match 3,18531.49,42
2024-05-01,55d93f0d02ac645ad2121f56,TEXAS HOLDEM POKER PRO - OFFLINE,134.68,186
2024-05-01,55d9560502ac645ad227642d,Texas Holdem Poker Offline,42.68,49
2024-05-01,62bef9d6a36ee9688ccb1844,Tiles Of Fortune™️,392.73,122
2024-05-01,58b397c0b16e673f5100983f,Tropicats: Tropical Match3,63261.54,27
2024-05-01,55dbda2f3c2f626849017d17,Vegas Downtown Slots & Words,150339.25,7311
2024-05-01,55c506cf02ac64f9c000215e,WSOP Poker: Texas Holdem Game,6915454.13,834568
2024-05-01,57aa7d5225186129ee000320,Wild West Chip Dozer - OFFLINE,0,138
2024-05-01,5789b1e11ca388086d000130,すみっコぐらし 〜パズルをするんです〜,37702.65,7535
2024-06-01,5eaef95d5c6ace6c5a733828,1v1.LOL - Battle Royale Game,54162.41,725948
2024-06-01,5e06ead15be87a5edb3a1682,Animals & Coins Adventure Game,2515440.27,1509661
2024-06-01,55c52f2002ac64f9c0002d6c,Best Fiends - Match 3 Puzzles,3487833.78,206937
2024-06-01,55c5025102ac64f9c0001f98,Bingo Blitz - Bingo Games,18834016.54,751044
2024-06-01,56c7d3f82a8716af1602c81a,Blackjack 21 - Offline,0,119
2024-06-01,57d8a413d2d5654b3700adcc,Board Kings: Board Dice Games,995017.88,68392
2024-06-01,55c5061302ac64f9c000211f,Caesars Slots - Casino Games,3559050.02,127992
2024-06-01,5d65daa6ef4c60138afb64a6,Dice Dreams,16925837.38,1525066
2024-06-01,637ea0012ade4a0aeafad27b,Domino Dreams,3385284.45,1088126
2024-06-01,55d20e5b02ac64ee730006d3,Governor of Poker 2 - Offline,20645.77,8529
2024-06-01,55c5378102ac64f9c0003015,Governor of Poker 3 Card Games,2246470.43,177958
2024-06-01,56e014bdd7606a88f2001f70,Higher Lower - Hi Low,0,176
2024-06-01,53782e84830f782dbe000053,House of Fun: Casino Slots,5526455.61,201708
2024-06-01,55c509c102ac64f9c0002261,Jelly Splash: Fun Puzzle Game,60927.99,717
2024-06-01,589a7f2d9ed8007709000591,June's Journey: Hidden Objects,13878705.78,438775
2024-06-01,607c313eec1eca530a358272,JustFall.LOL: Battle Royale,0,13582
2024-06-01,59432da11df74b728f00010b,Learn How To Play Texas Poker,0,8861
2024-06-01,55f59e7b02ac6457c50000a4,Learn Poker - How to Play,0,2838
2024-06-01,5d57566b3811e924aa0d2f3f,MONOPOLY Poker - Texas Holdem,354254.13,66988
2024-06-01,5cb8debe62573f0afa45ef7b,Match 3 Game - Fiends Stars,50990.74,69
2024-06-01,55d93c3102ac645ad209bbb8,Pearl’s Peril: Hidden Objects,204474.25,14210
2024-06-01,55c5276302ac64f9c0002afc,Pirate Kings™️,586040.47,5695
2024-06-01,56e9838b02ac643da2000079,Poker Blind Timer - Offline,0,265
2024-06-01,569a77d402ac64be7900076e,Poker Hands - Learn Poker,0,54
2024-06-01,55c526af02ac64f9c0002aca,Poker Heat: Texas Holdem Games,342563.07,49770
2024-06-01,559e109938bfcaa857000941,Poker Odds Calculator Offline,0,154
2024-06-01,57597edb0211a67a7000043a,Poker Slot Spin - Texas Holdem,0,75
2024-06-01,56657dbe02ac64a755000002,Poker Win Challenge,0,305
2024-06-01,58be796a0211a6b60b0001ca,Poker World - Offline Poker,32940.76,29220
2024-06-01,5c135cb8249f1f505c245527,Redecor - Home Design Game,2030125.08,278948
2024-06-01,55c5020a02ac64f9c0001f66,Slotomania Slots Casino Games,13438754.16,1227557
2024-06-01,594990020211a674a00013c6,Solitaire Grand Harvest,15354064.05,661103
2024-06-01,5efe60a2929978210bf1074a,Switchcraft: Magical Match 3,19011.19,70
2024-06-01,55d93f0d02ac645ad2121f56,TEXAS HOLDEM POKER PRO - OFFLINE,311.27,165
2024-06-01,55d9560502ac645ad227642d,Texas Holdem Poker Offline,18.54,46
2024-06-01,62bef9d6a36ee9688ccb1844,Tiles Of Fortune™️,365.61,127
2024-06-01,58b397c0b16e673f5100983f,Tropicats: Tropical Match3,60564.44,12
2024-06-01,55dbda2f3c2f626849017d17,Vegas Downtown Slots & Words,148990.77,7060
2024-06-01,55c506cf02ac64f9c000215e,WSOP Poker: Texas Holdem Game,6746818.39,851051
2024-06-01,57aa7d5225186129ee000320,Wild West Chip Dozer - OFFLINE,0,212
2024-06-01,5789b1e11ca388086d000130,すみっコぐらし 〜パズルをするんです〜,30918.65,6654
2024-07-01,5eaef95d5c6ace6c5a733828,1v1.LOL - Battle Royale Game,47336.63,640139
2024-07-01,5e06ead15be87a5edb3a1682,Animals & Coins Adventure Game,3031414.58,1713988
2024-07-01,55c52f2002ac64f9c0002d6c,Best Fiends - Match 3 Puzzles,3420309.67,415394
2024-07-01,55c5025102ac64f9c0001f98,Bingo Blitz - Bingo Games,20215287.25,853588
2024-07-01,56c7d3f82a8716af1602c81a,Blackjack 21 - Offline,0,135
2024-07-01,57d8a413d2d5654b3700adcc,Board Kings: Board Dice Games,1003144.38,63980
2024-07-01,55c5061302ac64f9c000211f,Caesars Slots - Casino Games,3561239.92,123048
2024-07-01,5d65daa6ef4c60138afb64a6,Dice Dreams,17299645.18,1640159
2024-07-01,637ea0012ade4a0aeafad27b,Domino Dreams,4560304.49,1044566
2024-07-01,55d20e5b02ac64ee730006d3,Governor of Poker 2 - Offline,6142.12,2729
2024-07-01,55c5378102ac64f9c0003015,Governor of Poker 3 Card Games,2394823.13,166412
2024-07-01,56e014bdd7606a88f2001f70,Higher Lower - Hi Low,0,183
2024-07-01,53782e84830f782dbe000053,House of Fun: Casino Slots,5629227.64,205083
2024-07-01,55c509c102ac64f9c0002261,Jelly Splash: Fun Puzzle Game,51090.76,770
2024-07-01,589a7f2d9ed8007709000591,June's Journey: Hidden Objects,13783375.86,855855
2024-07-01,607c313eec1eca530a358272,JustFall.LOL: Battle Royale,0,19803
2024-07-01,59432da11df74b728f00010b,Learn How To Play Texas Poker,0,9297
2024-07-01,55f59e7b02ac6457c50000a4,Learn Poker - How to Play,0,3114
2024-07-01,5d57566b3811e924aa0d2f3f,MONOPOLY Poker - Texas Holdem,333147.62,69063
2024-07-01,5cb8debe62573f0afa45ef7b,Match 3 Game - Fiends Stars,47798.66,59
2024-07-01,55d93c3102ac645ad209bbb8,Pearl’s Peril: Hidden Objects,192889.6,13317
2024-07-01,55c5276302ac64f9c0002afc,Pirate Kings™️,516622.95,5146
2024-07-01,56e9838b02ac643da2000079,Poker Blind Timer - Offline,0,291
2024-07-01,569a77d402ac64be7900076e,Poker Hands - Learn Poker,0,81
2024-07-01,55c526af02ac64f9c0002aca,Poker Heat: Texas Holdem Games,343580.64,49298
2024-07-01,559e109938bfcaa857000941,Poker Odds Calculator Offline,0,219
2024-07-01,57597edb0211a67a7000043a,Poker Slot Spin - Texas Holdem,0,170
2024-07-01,56657dbe02ac64a755000002,Poker Win Challenge,0,409
2024-07-01,58be796a0211a6b60b0001ca,Poker World - Offline Poker,32394.4,33149
2024-07-01,5c135cb8249f1f505c245527,Redecor - Home Design Game,1945981.32,581081
2024-07-01,55c5020a02ac64f9c0001f66,Slotomania Slots Casino Games,13904698.38,1135563
2024-07-01,594990020211a674a00013c6,Solitaire Grand Harvest,16578816.24,517264
2024-07-01,5efe60a2929978210bf1074a,Switchcraft: Magical Match 3,15417.86,38
2024-07-01,55d93f0d02ac645ad2121f56,TEXAS HOLDEM POKER PRO - OFFLINE,1230.68,1423
2024-07-01,55d9560502ac645ad227642d,Texas Holdem Poker Offline,0,9
2024-07-01,62bef9d6a36ee9688ccb1844,Tiles Of Fortune™️,146.34,206
2024-07-01,58b397c0b16e673f5100983f,Tropicats: Tropical Match3,59507.45,26
2024-07-01,55dbda2f3c2f626849017d17,Vegas Downtown Slots & Words,149179.7,7171
2024-07-01,55c506cf02ac64f9c000215e,WSOP Poker: Texas Holdem Game,7158739.97,905105
2024-07-01,57aa7d5225186129ee000320,Wild West Chip Dozer - OFFLINE,0,184
2024-07-01,5789b1e11ca388086d000130,すみっコぐらし 〜パズルをするんです〜,25054.39,6112
2024-08-01,5eaef95d5c6ace6c5a733828,1v1.LOL - Battle Royale Game,44610.49,588624
2024-08-01,5e06ead15be87a5edb3a1682,Animals & Coins Adventure Game,3609208.88,1601884
2024-08-01,55c52f2002ac64f9c0002d6c,Best Fiends - Match 3 Puzzles,3315642.1,124866
2024-08-01,55c5025102ac64f9c0001f98,Bingo Blitz - Bingo Games,19011565.86,681038
2024-08-01,56c7d3f82a8716af1602c81a,Blackjack 21 - Offline,0,155
2024-08-01,57d8a413d2d5654b3700adcc,Board Kings: Board Dice Games,953952.62,65113
2024-08-01,55c5061302ac64f9c000211f,Caesars Slots - Casino Games,3505917.14,129794
2024-08-01,5d65daa6ef4c60138afb64a6,Dice Dreams,18118281.4,1468399
2024-08-01,637ea0012ade4a0aeafad27b,Domino Dreams,5610849.27,994243
2024-08-01,55c5378102ac64f9c0003015,Governor of Poker 3 Card Games,2491272.72,190896
2024-08-01,56e014bdd7606a88f2001f70,Higher Lower - Hi Low,0,156
2024-08-01,53782e84830f782dbe000053,House of Fun: Casino Slots,5646078.35,171372
2024-08-01,55c509c102ac64f9c0002261,Jelly Splash: Fun Puzzle Game,42043.36,607
2024-08-01,589a7f2d9ed8007709000591,June's Journey: Hidden Objects,13869727.66,465961
2024-08-01,607c313eec1eca530a358272,JustFall.LOL: Battle Royale,0,10888
2024-08-01,59432da11df74b728f00010b,Learn How To Play Texas Poker,0,9822
2024-08-01,55f59e7b02ac6457c50000a4,Learn Poker - How to Play,0,3538
2024-08-01,5d57566b3811e924aa0d2f3f,MONOPOLY Poker - Texas Holdem,356992.44,78263
2024-08-01,5cb8debe62573f0afa45ef7b,Match 3 Game - Fiends Stars,49071.28,27
2024-08-01,55d93c3102ac645ad209bbb8,Pearl’s Peril: Hidden Objects,205718.49,12583
2024-08-01,55c5276302ac64f9c0002afc,Pirate Kings™️,578789.01,5155
2024-08-01,56e9838b02ac643da2000079,Poker Blind Timer - Offline,0,384
2024-08-01,569a77d402ac64be7900076e,Poker Hands - Learn Poker,0,107
2024-08-01,55c526af02ac64f9c0002aca,Poker Heat: Texas Holdem Games,340279.27,52484
2024-08-01,559e109938bfcaa857000941,Poker Odds Calculator Offline,0,219
2024-08-01,57597edb0211a67a7000043a,Poker Slot Spin - Texas Holdem,0,141
2024-08-01,56657dbe02ac64a755000002,Poker Win Challenge,0,475
2024-08-01,58be796a0211a6b60b0001ca,Poker World - Offline Poker,31111.88,30091
2024-08-01,5c135cb8249f1f505c245527,Redecor - Home Design Game,1822194.11,185143
2024-08-01,55c5020a02ac64f9c0001f66,Slotomania Slots Casino Games,13773930.99,1483229
2024-08-01,594990020211a674a00013c6,Solitaire Grand Harvest,18046447.3,906372
2024-08-01,5efe60a2929978210bf1074a,Switchcraft: Magical Match 3,14155.14,57
2024-08-01,55d93f0d02ac645ad2121f56,TEXAS HOLDEM POKER PRO - OFFLINE,2740.92,2843
2024-08-01,62bef9d6a36ee9688ccb1844,Tiles Of Fortune™️,123.74,119
2024-08-01,58b397c0b16e673f5100983f,Tropicats: Tropical Match3,54755.82,21
2024-08-01,55dbda2f3c2f626849017d17,Vegas Downtown Slots & Words,113783.61,6217
2024-08-01,55c506cf02ac64f9c000215e,WSOP Poker: Texas Holdem Game,7153595.01,750278
2024-08-01,57aa7d5225186129ee000320,Wild West Chip Dozer - OFFLINE,0,165
2024-08-01,5789b1e11ca388086d000130,すみっコぐらし 〜パズルをするんです〜,33279.92,7656
2024-09-01,5eaef95d5c6ace6c5a733828,1v1.LOL - Battle Royale Game,34511.35,545681
2024-09-01,5e06ead15be87a5edb3a1682,Animals & Coins Adventure Game,3566986.81,1181675
2024-09-01,55c52f2002ac64f9c0002d6c,Best Fiends - Match 3 Puzzles,3151951.34,138103
2024-09-01,55c5025102ac64f9c0001f98,Bingo Blitz - Bingo Games,16971405.79,653389
2024-09-01,56c7d3f82a8716af1602c81a,Blackjack 21 - Offline,0,221
2024-09-01,57d8a413d2d5654b3700adcc,Board Kings: Board Dice Games,824916.92,65438
2024-09-01,55c5061302ac64f9c000211f,Caesars Slots - Casino Games,3566330.79,135013
2024-09-01,66f3b0117426a073eac20328,Claire's Chronicles: Solitaire,0,8136
2024-09-01,5d65daa6ef4c60138afb64a6,Dice Dreams,17685726.4,1353561
2024-09-01,637ea0012ade4a0aeafad27b,Domino Dreams,5440924.51,1021153
2024-09-01,55c5378102ac64f9c0003015,Governor of Poker 3 Card Games,2277949.7,143909
2024-09-01,56e014bdd7606a88f2001f70,Higher Lower - Hi Low,0,149
2024-09-01,53782e84830f782dbe000053,House of Fun: Casino Slots,4980191.67,219953
2024-09-01,55c509c102ac64f9c0002261,Jelly Splash: Fun Puzzle Game,40075.65,491
2024-09-01,589a7f2d9ed8007709000591,June's Journey: Hidden Objects,13034337.72,395766
2024-09-01,607c313eec1eca530a358272,JustFall.LOL: Battle Royale,0,8
2024-09-01,59432da11df74b728f00010b,Learn How To Play Texas Poker,0,8841
2024-09-01,55f59e7b02ac6457c50000a4,Learn Poker - How to Play,0,2985
2024-09-01,5d57566b3811e924aa0d2f3f,MONOPOLY Poker - Texas Holdem,309019.56,78752
2024-09-01,5cb8debe62573f0afa45ef7b,Match 3 Game - Fiends Stars,44273.53,75
2024-09-01,55d93c3102ac645ad209bbb8,Pearl’s Peril: Hidden Objects,184497.28,10652
2024-09-01,55c5276302ac64f9c0002afc,Pirate Kings™️,483454.66,4749
2024-09-01,56e9838b02ac643da2000079,Poker Blind Timer - Offline,0,634
2024-09-01,569a77d402ac64be7900076e,Poker Hands - Learn Poker,0,51
2024-09-01,55c526af02ac64f9c0002aca,Poker Heat: Texas Holdem Games,321364.58,42008
2024-09-01,559e109938bfcaa857000941,Poker Odds Calculator Offline,0,179
2024-09-01,57597edb0211a67a7000043a,Poker Slot Spin - Texas Holdem,0,118
2024-09-01,56657dbe02ac64a755000002,Poker Win Challenge,0,433
2024-09-01,58be796a0211a6b60b0001ca,Poker World - Offline Poker,26717.74,27755
2024-09-01,5c135cb8249f1f505c245527,Redecor - Home Design Game,1642247.63,238955
2024-09-01,55c5020a02ac64f9c0001f66,Slotomania Slots Casino Games,13175706.76,1485020
2024-09-01,594990020211a674a00013c6,Solitaire Grand Harvest,16965597.04,479503
2024-09-01,5efe60a2929978210bf1074a,Switchcraft: Magical Match 3,12612.4,86
2024-09-01,55d93f0d02ac645ad2121f56,TEXAS HOLDEM POKER PRO - OFFLINE,2731.68,2826
2024-09-01,62bef9d6a36ee9688ccb1844,Tiles Of Fortune™️,201.14,53
2024-09-01,58b397c0b16e673f5100983f,Tropicats: Tropical Match3,50381.9,14
2024-09-01,55dbda2f3c2f626849017d17,Vegas Downtown Slots & Words,110665.41,6029
2024-09-01,55c506cf02ac64f9c000215e,WSOP Poker: Texas Holdem Game,6240378.54,472434
2024-09-01,57aa7d5225186129ee000320,Wild West Chip Dozer - OFFLINE,0,195
2024-09-01,5789b1e11ca388086d000130,すみっコぐらし 〜パズルをするんです〜,48070.8,6287
2024-10-01,5eaef95d5c6ace6c5a733828,1v1.LOL - Battle Royale Game,33001.76,624859
2024-10-01,5e06ead15be87a5edb3a1682,Animals & Coins Adventure Game,3705560.68,2163486
2024-10-01,55c52f2002ac64f9c0002d6c,Best Fiends - Match 3 Puzzles,3160770.17,273730
2024-10-01,55c5025102ac64f9c0001f98,Bingo Blitz - Bingo Games,18330751.03,681935
2024-10-01,56c7d3f82a8716af1602c81a,Blackjack 21 - Offline,0,159
2024-10-01,57d8a413d2d5654b3700adcc,Board Kings: Board Dice Games,915451.47,60919
2024-10-01,55c5061302ac64f9c000211f,Caesars Slots - Casino Games,3510333.46,114503
2024-10-01,66f3b0117426a073eac20328,Claire's Chronicles: Solitaire,138.85,36789
2024-10-01,5d65daa6ef4c60138afb64a6,Dice Dreams,16963905.37,1181700
2024-10-01,637ea0012ade4a0aeafad27b,Domino Dreams,6513679.78,983098
2024-10-01,55c5378102ac64f9c0003015,Governor of Poker 3 Card Games,2307753.46,153457
2024-10-01,56e014bdd7606a88f2001f70,Higher Lower - Hi Low,0,119
2024-10-01,53782e84830f782dbe000053,House of Fun: Casino Slots,5202232.21,188219
2024-10-01,55c509c102ac64f9c0002261,Jelly Splash: Fun Puzzle Game,36753.5,439
2024-10-01,589a7f2d9ed8007709000591,June's Journey: Hidden Objects,13224520.01,407098
2024-10-01,59432da11df74b728f00010b,Learn How To Play Texas Poker,0,9270
2024-10-01,55f59e7b02ac6457c50000a4,Learn Poker - How to Play,0,2821
2024-10-01,5d57566b3811e924aa0d2f3f,MONOPOLY Poker - Texas Holdem,315224.06,78291
2024-10-01,5cb8debe62573f0afa45ef7b,Match 3 Game - Fiends Stars,41866.43,61
2024-10-01,55d93c3102ac645ad209bbb8,Pearl’s Peril: Hidden Objects,175855.59,11093
2024-10-01,55c5276302ac64f9c0002afc,Pirate Kings™️,575825.45,5326
2024-10-01,56e9838b02ac643da2000079,Poker Blind Timer - Offline,0,554
2024-10-01,569a77d402ac64be7900076e,Poker Hands - Learn Poker,0,36
2024-10-01,55c526af02ac64f9c0002aca,Poker Heat: Texas Holdem Games,349418.03,37900
2024-10-01,559e109938bfcaa857000941,Poker Odds Calculator Offline,0,167
2024-10-01,57597edb0211a67a7000043a,Poker Slot Spin - Texas Holdem,0,91
2024-10-01,56657dbe02ac64a755000002,Poker Win Challenge,0,477
2024-10-01,58be796a0211a6b60b0001ca,Poker World - Offline Poker,27289.43,29381
2024-10-01,5c135cb8249f1f505c245527,Redecor - Home Design Game,1631339.41,182723
2024-10-01,55c5020a02ac64f9c0001f66,Slotomania Slots Casino Games,13410662.33,1622561
2024-10-01,594990020211a674a00013c6,Solitaire Grand Harvest,15860533.48,578145
2024-10-01,5efe60a2929978210bf1074a,Switchcraft: Magical Match 3,2149.26,16
2024-10-01,55d93f0d02ac645ad2121f56,TEXAS HOLDEM POKER PRO - OFFLINE,3351.33,2802
2024-10-01,62bef9d6a36ee9688ccb1844,Tiles Of Fortune™️,80.46,63
2024-10-01,58b397c0b16e673f5100983f,Tropicats: Tropical Match3,49015.06,21
2024-10-01,55dbda2f3c2f626849017d17,Vegas Downtown Slots & Words,116285.2,5092
2024-10-01,55c506cf02ac64f9c000215e,WSOP Poker: Texas Holdem Game,6516305.13,351580
2024-10-01,57aa7d5225186129ee000320,Wild West Chip Dozer - OFFLINE,0,183
2024-10-01,5789b1e11ca388086d000130,すみっコぐらし 〜パズルをするんです〜,49378.44,5341
2024-11-01,5eaef95d5c6ace6c5a733828,1v1.LOL - Battle Royale Game,30675.07,600353
2024-11-01,5e06ead15be87a5edb3a1682,Animals & Coins Adventure Game,4044569.03,2169420
2024-11-01,55c52f2002ac64f9c0002d6c,Best Fiends - Match 3 Puzzles,3031662.53,158574
2024-11-01,55c5025102ac64f9c0001f98,Bingo Blitz - Bingo Games,17891289.86,504623
2024-11-01,56c7d3f82a8716af1602c81a,Blackjack 21 - Offline,0,308
2024-11-01,57d8a413d2d5654b3700adcc,Board Kings: Board Dice Games,829248.97,80908
2024-11-01,55c5061302ac64f9c000211f,Caesars Slots - Casino Games,3413134.97,122434
2024-11-01,66f3b0117426a073eac20328,Claire's Chronicles: Solitaire,1475.4,41971
2024-11-01,5d65daa6ef4c60138afb64a6,Dice Dreams,15974467.14,897950
2024-11-01,674a32c22947b59eda621005,Disney Solitaire,0,343
2024-11-01,637ea0012ade4a0aeafad27b,Domino Dreams,6107859.27,983333
2024-11-01,55c5378102ac64f9c0003015,Governor of Poker 3 Card Games,2300909.54,147479
2024-11-01,56e014bdd7606a88f2001f70,Higher Lower - Hi Low,0,149
2024-11-01,53782e84830f782dbe000053,House of Fun: Casino Slots,5133546.71,190974
2024-11-01,55c509c102ac64f9c0002261,Jelly Splash: Fun Puzzle Game,31950.95,417
2024-11-01,589a7f2d9ed8007709000591,June's Journey: Hidden Objects,12007696.88,342817
2024-11-01,59432da11df74b728f00010b,Learn How To Play Texas Poker,0,8879
2024-11-01,55f59e7b02ac6457c50000a4,Learn Poker - How to Play,0,2829
2024-11-01,5d57566b3811e924aa0d2f3f,MONOPOLY Poker - Texas Holdem,360228.59,71563
2024-11-01,5cb8debe62573f0afa45ef7b,Match 3 Game - Fiends Stars,39929.2,58
2024-11-01,55d93c3102ac645ad209bbb8,Pearl’s Peril: Hidden Objects,165844.34,9782
2024-11-01,55c5276302ac64f9c0002afc,Pirate Kings™️,630239.15,5393
2024-11-01,56e9838b02ac643da2000079,Poker Blind Timer - Offline,0,517
2024-11-01,569a77d402ac64be7900076e,Poker Hands - Learn Poker,0,89
2024-11-01,55c526af02ac64f9c0002aca,Poker Heat: Texas Holdem Games,347903.2,37310
2024-11-01,559e109938bfcaa857000941,Poker Odds Calculator Offline,0,251
2024-11-01,57597edb0211a67a7000043a,Poker Slot Spin - Texas Holdem,0,128
2024-11-01,56657dbe02ac64a755000002,Poker Win Challenge,0,415
2024-11-01,58be796a0211a6b60b0001ca,Poker World - Offline Poker,25792.02,28321
2024-11-01,5c135cb8249f1f505c245527,Redecor - Home Design Game,1627147.99,151403
2024-11-01,55c5020a02ac64f9c0001f66,Slotomania Slots Casino Games,12861036.53,1329914
2024-11-01,594990020211a674a00013c6,Solitaire Grand Harvest,15132837.58,524112
2024-11-01,55d93f0d02ac645ad2121f56,TEXAS HOLDEM POKER PRO - OFFLINE,3157.69,2591
2024-11-01,62bef9d6a36ee9688ccb1844,Tiles Of Fortune™️,97.83,178
2024-11-01,58b397c0b16e673f5100983f,Tropicats: Tropical Match3,46914.1,15
2024-11-01,55dbda2f3c2f626849017d17,Vegas Downtown Slots & Words,137348.29,4191
2024-11-01,55c506cf02ac64f9c000215e,WSOP Poker: Texas Holdem Game,6773833.54,339782
2024-11-01,57aa7d5225186129ee000320,Wild West Chip Dozer - OFFLINE,0,162
2024-11-01,5789b1e11ca388086d000130,すみっコぐらし 〜パズルをするんです〜,50240.97,4682
2024-12-01,5eaef95d5c6ace6c5a733828,1v1.LOL - Battle Royale Game,29231.15,621262
2024-12-01,5e06ead15be87a5edb3a1682,Animals & Coins Adventure Game,4035502,2074092
2024-12-01,55c52f2002ac64f9c0002d6c,Best Fiends - Match 3 Puzzles,2911128.48,155217
2024-12-01,55c5025102ac64f9c0001f98,Bingo Blitz - Bingo Games,17391889.61,535594
2024-12-01,56c7d3f82a8716af1602c81a,Blackjack 21 - Offline,0,189
2024-12-01,57d8a413d2d5654b3700adcc,Board Kings: Board Dice Games,817936.08,54840
2024-12-01,55c5061302ac64f9c000211f,Caesars Slots - Casino Games,3556870.37,222159
2024-12-01,66f3b0117426a073eac20328,Claire's Chronicles: Solitaire,5555.35,26461
2024-12-01,5d65daa6ef4c60138afb64a6,Dice Dreams,17027818.62,1303734
2024-12-01,674a32c22947b59eda621005,Disney Solitaire,911.79,6050
2024-12-01,637ea0012ade4a0aeafad27b,Domino Dreams,6452826.41,1311599
2024-12-01,55c5378102ac64f9c0003015,Governor of Poker 3 Card Games,2331956.71,190974
2024-12-01,56e014bdd7606a88f2001f70,Higher Lower - Hi Low,0,223
2024-12-01,53782e84830f782dbe000053,House of Fun: Casino Slots,5421535.87,179327
2024-12-01,55c509c102ac64f9c0002261,Jelly Splash: Fun Puzzle Game,31466.42,387
2024-12-01,589a7f2d9ed8007709000591,June's Journey: Hidden Objects,12365925.59,436728
2024-12-01,59432da11df74b728f00010b,Learn How To Play Texas Poker,0,11266
2024-12-01,55f59e7b02ac6457c50000a4,Learn Poker - How to Play,0,3900
2024-12-01,5d57566b3811e924aa0d2f3f,MONOPOLY Poker - Texas Holdem,404978.09,90913
2024-12-01,5cb8debe62573f0afa45ef7b,Match 3 Game - Fiends Stars,39412.98,50
2024-12-01,55d93c3102ac645ad209bbb8,Pearl’s Peril: Hidden Objects,183767.78,8982
2024-12-01,55c5276302ac64f9c0002afc,Pirate Kings™️,620234.58,5178
2024-12-01,56e9838b02ac643da2000079,Poker Blind Timer - Offline,0,624
2024-12-01,569a77d402ac64be7900076e,Poker Hands - Learn Poker,0,129
2024-12-01,55c526af02ac64f9c0002aca,Poker Heat: Texas Holdem Games,334135.23,40290
2024-12-01,559e109938bfcaa857000941,Poker Odds Calculator Offline,0,299
2024-12-01,57597edb0211a67a7000043a,Poker Slot Spin - Texas Holdem,0,160
2024-12-01,56657dbe02ac64a755000002,Poker Win Challenge,0,340
2024-12-01,58be796a0211a6b60b0001ca,Poker World - Offline Poker,27817.83,31813
2024-12-01,5c135cb8249f1f505c245527,Redecor - Home Design Game,1602677.21,183673
2024-12-01,55c5020a02ac64f9c0001f66,Slotomania Slots Casino Games,12033387.08,1547875
2024-12-01,594990020211a674a00013c6,Solitaire Grand Harvest,15586108.23,563910
2024-12-01,55d93f0d02ac645ad2121f56,TEXAS HOLDEM POKER PRO - OFFLINE,3070.78,2652
2024-12-01,62bef9d6a36ee9688ccb1844,Tiles Of Fortune™️,257.08,76
2024-12-01,58b397c0b16e673f5100983f,Tropicats: Tropical Match3,53010.67,412
2024-12-01,55dbda2f3c2f626849017d17,Vegas Downtown Slots & Words,154113.75,4110
2024-12-01,55c506cf02ac64f9c000215e,WSOP Poker: Texas Holdem Game,6961677.74,357032
2024-12-01,57aa7d5225186129ee000320,Wild West Chip Dozer - OFFLINE,0,92
2024-12-01,5789b1e11ca388086d000130,すみっコぐらし 〜パズルをするんです〜,48597.46,5695
2025-01-01,5eaef95d5c6ace6c5a733828,1v1.LOL - Battle Royale Game,25781.59,585186
2025-01-01,5e06ead15be87a5edb3a1682,Animals & Coins Adventure Game,4079061.61,2231432
2025-01-01,55c52f2002ac64f9c0002d6c,Best Fiends - Match 3 Puzzles,2859129.73,138878
2025-01-01,55c5025102ac64f9c0001f98,Bingo Blitz - Bingo Games,18496897.97,697035
2025-01-01,56c7d3f82a8716af1602c81a,Blackjack 21 - Offline,0,104
2025-01-01,57d8a413d2d5654b3700adcc,Board Kings: Board Dice Games,872323.58,49753
2025-01-01,55c5061302ac64f9c000211f,Caesars Slots - Casino Games,3566287.14,152648
2025-01-01,66f3b0117426a073eac20328,Claire's Chronicles: Solitaire,4048.96,17398
2025-01-01,5d65daa6ef4c60138afb64a6,Dice Dreams,17798921.69,2211964
2025-01-01,674a32c22947b59eda621005,Disney Solitaire,10162.95,12529
2025-01-01,637ea0012ade4a0aeafad27b,Domino Dreams,7481181.16,1485637
2025-01-01,55c5378102ac64f9c0003015,Governor of Poker 3 Card Games,2064803.68,219958
2025-01-01,56e014bdd7606a88f2001f70,Higher Lower - Hi Low,0,157
2025-01-01,53782e84830f782dbe000053,House of Fun: Casino Slots,5325766.65,220181
2025-01-01,55c509c102ac64f9c0002261,Jelly Splash: Fun Puzzle Game,34552.2,346
2025-01-01,589a7f2d9ed8007709000591,June's Journey: Hidden Objects,11521244.03,400893
2025-01-01,59432da11df74b728f00010b,Learn How To Play Texas Poker,0,11794
2025-01-01,55f59e7b02ac6457c50000a4,Learn Poker - How to Play,0,4480
2025-01-01,5d57566b3811e924aa0d2f3f,MONOPOLY Poker - Texas Holdem,372936.98,109769
2025-01-01,5cb8debe62573f0afa45ef7b,Match 3 Game - Fiends Stars,38705.38,33
2025-01-01,55d93c3102ac645ad209bbb8,Pearl’s Peril: Hidden Objects,181272.01,11076
2025-01-01,55c5276302ac64f9c0002afc,Pirate Kings™️,655134.11,5531
2025-01-01,56e9838b02ac643da2000079,Poker Blind Timer - Offline,0,458
2025-01-01,569a77d402ac64be7900076e,Poker Hands - Learn Poker,0,90
2025-01-01,55c526af02ac64f9c0002aca,Poker Heat: Texas Holdem Games,391072.46,44635
2025-01-01,559e109938bfcaa857000941,Poker Odds Calculator Offline,0,347
2025-01-01,57597edb0211a67a7000043a,Poker Slot Spin - Texas Holdem,0,92
2025-01-01,56657dbe02ac64a755000002,Poker Win Challenge,0,288
2025-01-01,58be796a0211a6b60b0001ca,Poker World - Offline Poker,28465.6,35691
2025-01-01,5c135cb8249f1f505c245527,Redecor - Home Design Game,1575940.31,254768
2025-01-01,55c5020a02ac64f9c0001f66,Slotomania Slots Casino Games,12260727.81,1273840
2025-01-01,594990020211a674a00013c6,Solitaire Grand Harvest,15415264.33,724377
2025-01-01,55d93f0d02ac645ad2121f56,TEXAS HOLDEM POKER PRO - OFFLINE,3337.49,2966
2025-01-01,62bef9d6a36ee9688ccb1844,Tiles Of Fortune™️,52.88,35
2025-01-01,58b397c0b16e673f5100983f,Tropicats: Tropical Match3,49846.12,423
2025-01-01,55dbda2f3c2f626849017d17,Vegas Downtown Slots & Words,164826.36,3326
2025-01-01,55c506cf02ac64f9c000215e,WSOP Poker: Texas Holdem Game,7231107.41,467093
2025-01-01,57aa7d5225186129ee000320,Wild West Chip Dozer - OFFLINE,0,44
2025-01-01,5789b1e11ca388086d000130,すみっコぐらし 〜パズルをするんです〜,45603.58,6391
2025-02-01,5eaef95d5c6ace6c5a733828,1v1.LOL - Battle Royale Game,21300.67,438305
2025-02-01,5e06ead15be87a5edb3a1682,Animals & Coins Adventure Game,3626208.55,1494116
2025-02-01,55c52f2002ac64f9c0002d6c,Best Fiends - Match 3 Puzzles,2464126.51,161093
2025-02-01,55c5025102ac64f9c0001f98,Bingo Blitz - Bingo Games,17115752.83,572313
2025-02-01,56c7d3f82a8716af1602c81a,Blackjack 21 - Offline,0,121
2025-02-01,57d8a413d2d5654b3700adcc,Board Kings: Board Dice Games,788501.01,91762
2025-02-01,55c5061302ac64f9c000211f,Caesars Slots - Casino Games,2975889.64,105999
2025-02-01,66f3b0117426a073eac20328,Claire's Chronicles: Solitaire,4436.47,14263
2025-02-01,5d65daa6ef4c60138afb64a6,Dice Dreams,15525968.98,1473065
2025-02-01,674a32c22947b59eda621005,Disney Solitaire,34201.66,34581
2025-02-01,637ea0012ade4a0aeafad27b,Domino Dreams,7165136.85,897307
2025-02-01,55c5378102ac64f9c0003015,Governor of Poker 3 Card Games,1870664.96,183534
2025-02-01,56e014bdd7606a88f2001f70,Higher Lower - Hi Low,0,107
2025-02-01,53782e84830f782dbe000053,House of Fun: Casino Slots,4793174.12,191785
2025-02-01,55c509c102ac64f9c0002261,Jelly Splash: Fun Puzzle Game,27275.04,283
2025-02-01,589a7f2d9ed8007709000591,June's Journey: Hidden Objects,11475048.37,426203
2025-02-01,59432da11df74b728f00010b,Learn How To Play Texas Poker,0,8333
2025-02-01,55f59e7b02ac6457c50000a4,Learn Poker - How to Play,0,2902
2025-02-01,5d57566b3811e924aa0d2f3f,MONOPOLY Poker - Texas Holdem,332690.48,90450
2025-02-01,5cb8debe62573f0afa45ef7b,Match 3 Game - Fiends Stars,35432.88,30
2025-02-01,55d93c3102ac645ad209bbb8,Pearl’s Peril: Hidden Objects,153961.43,9638
2025-02-01,55c5276302ac64f9c0002afc,Pirate Kings™️,534874.47,4528
2025-02-01,56e9838b02ac643da2000079,Poker Blind Timer - Offline,0,307
2025-02-01,569a77d402ac64be7900076e,Poker Hands - Learn Poker,0,95
2025-02-01,55c526af02ac64f9c0002aca,Poker Heat: Texas Holdem Games,334908.73,40478
2025-02-01,559e109938bfcaa857000941,Poker Odds Calculator Offline,0,311
2025-02-01,57597edb0211a67a7000043a,Poker Slot Spin - Texas Holdem,0,85
2025-02-01,56657dbe02ac64a755000002,Poker Win Challenge,0,175
2025-02-01,58be796a0211a6b60b0001ca,Poker World - Offline Poker,34360.01,28220
2025-02-01,5c135cb8249f1f505c245527,Redecor - Home Design Game,1503405.48,200606
2025-02-01,55c5020a02ac64f9c0001f66,Slotomania Slots Casino Games,10676240.81,1072871
2025-02-01,594990020211a674a00013c6,Solitaire Grand Harvest,14411758.76,683395
2025-02-01,55d93f0d02ac645ad2121f56,TEXAS HOLDEM POKER PRO - OFFLINE,2807.31,2049
2025-02-01,62bef9d6a36ee9688ccb1844,Tiles Of Fortune™️,3417.01,1112
2025-02-01,58b397c0b16e673f5100983f,Tropicats: Tropical Match3,45801.94,2
2025-02-01,55dbda2f3c2f626849017d17,Vegas Downtown Slots & Words,145673.06,3922
2025-02-01,55c506cf02ac64f9c000215e,WSOP Poker: Texas Holdem Game,6677000.72,347946
2025-02-01,57aa7d5225186129ee000320,Wild West Chip Dozer - OFFLINE,0,25
2025-02-01,5789b1e11ca388086d000130,すみっコぐらし 〜パズルをするんです〜,41407.35,4779
2025-03-01,5eaef95d5c6ace6c5a733828,1v1.LOL - Battle Royale Game,19361.46,395528
2025-03-01,5e06ead15be87a5edb3a1682,Animals & Coins Adventure Game,4189367.42,2014031
2025-03-01,55c52f2002ac64f9c0002d6c,Best Fiends - Match 3 Puzzles,2525300.97,126960
2025-03-01,55c5025102ac64f9c0001f98,Bingo Blitz - Bingo Games,19618285.22,567463
2025-03-01,56c7d3f82a8716af1602c81a,Blackjack 21 - Offline,0,88
2025-03-01,57d8a413d2d5654b3700adcc,Board Kings: Board Dice Games,830909.45,120443
2025-03-01,55c5061302ac64f9c000211f,Caesars Slots - Casino Games,3365378.58,125544
2025-03-01,66f3b0117426a073eac20328,Claire's Chronicles: Solitaire,10231.16,13040
2025-03-01,5d65daa6ef4c60138afb64a6,Dice Dreams,19263571.37,1195531
2025-03-01,674a32c22947b59eda621005,Disney Solitaire,314155.26,369593
2025-03-01,637ea0012ade4a0aeafad27b,Domino Dreams,8479764.19,901721
2025-03-01,55c5378102ac64f9c0003015,Governor of Poker 3 Card Games,2086743.95,173854
2025-03-01,56e014bdd7606a88f2001f70,Higher Lower - Hi Low,0,151
2025-03-01,53782e84830f782dbe000053,House of Fun: Casino Slots,5254425.56,147673
2025-03-01,55c509c102ac64f9c0002261,Jelly Splash: Fun Puzzle Game,33039.15,294
2025-03-01,589a7f2d9ed8007709000591,June's Journey: Hidden Objects,13005166.24,515180
2025-03-01,59432da11df74b728f00010b,Learn How To Play Texas Poker,0,8289
2025-03-01,55f59e7b02ac6457c50000a4,Learn Poker - How to Play,0,3053
2025-03-01,5d57566b3811e924aa0d2f3f,MONOPOLY Poker - Texas Holdem,406233.27,85001
2025-03-01,5cb8debe62573f0afa45ef7b,Match 3 Game - Fiends Stars,40294.72,38
2025-03-01,55d93c3102ac645ad209bbb8,Pearl’s Peril: Hidden Objects,161467.68,8886
2025-03-01,55c5276302ac64f9c0002afc,Pirate Kings™️,579681.63,4311
2025-03-01,56e9838b02ac643da2000079,Poker Blind Timer - Offline,0,344
2025-03-01,569a77d402ac64be7900076e,Poker Hands - Learn Poker,0,101
2025-03-01,55c526af02ac64f9c0002aca,Poker Heat: Texas Holdem Games,335791.14,34643
2025-03-01,559e109938bfcaa857000941,Poker Odds Calculator Offline,0,283
2025-03-01,57597edb0211a67a7000043a,Poker Slot Spin - Texas Holdem,0,67
2025-03-01,56657dbe02ac64a755000002,Poker Win Challenge,0,159
2025-03-01,58be796a0211a6b60b0001ca,Poker World - Offline Poker,33260.44,26966
2025-03-01,5c135cb8249f1f505c245527,Redecor - Home Design Game,1650434.65,183715
2025-03-01,55c5020a02ac64f9c0001f66,Slotomania Slots Casino Games,11766547.84,732646
2025-03-01,594990020211a674a00013c6,Solitaire Grand Harvest,15152138.07,509318
2025-03-01,55d93f0d02ac645ad2121f56,TEXAS HOLDEM POKER PRO - OFFLINE,3138.44,1982
2025-03-01,62bef9d6a36ee9688ccb1844,Tiles Of Fortune™️,152847.61,151607
2025-03-01,58b397c0b16e673f5100983f,Tropicats: Tropical Match3,52787.35,5
2025-03-01,55dbda2f3c2f626849017d17,Vegas Downtown Slots & Words,154145.83,3350
2025-03-01,55c506cf02ac64f9c000215e,WSOP Poker: Texas Holdem Game,6880324.8,379058
2025-03-01,57aa7d5225186129ee000320,Wild West Chip Dozer - OFFLINE,0,17
2025-03-01,5789b1e11ca388086d000130,すみっコぐらし 〜パズルをするんです〜,40146.54,6177
2025-04-01,5eaef95d5c6ace6c5a733828,1v1.LOL - Battle Royale Game,17700.09,338726
2025-04-01,5e06ead15be87a5edb3a1682,Animals & Coins Adventure Game,3999231.79,1952470
2025-04-01,55c52f2002ac64f9c0002d6c,Best Fiends - Match 3 Puzzles,2226007.73,119564
2025-04-01,55c5025102ac64f9c0001f98,Bingo Blitz - Bingo Games,18488772.19,497231
2025-04-01,56c7d3f82a8716af1602c81a,Blackjack 21 - Offline,0,99
2025-04-01,57d8a413d2d5654b3700adcc,Board Kings: Board Dice Games,746645.18,75260
2025-04-01,55c5061302ac64f9c000211f,Caesars Slots - Casino Games,3249618.99,185414
2025-04-01,66f3b0117426a073eac20328,Claire's Chronicles: Solitaire,10604.44,8361
2025-04-01,5d65daa6ef4c60138afb64a6,Dice Dreams,15457328.57,880667
2025-04-01,674a32c22947b59eda621005,Disney Solitaire,2694985.72,3718123
2025-04-01,637ea0012ade4a0aeafad27b,Domino Dreams,7832497.43,808215
2025-04-01,55c5378102ac64f9c0003015,Governor of Poker 3 Card Games,2018612.05,140111
2025-04-01,56e014bdd7606a88f2001f70,Higher Lower - Hi Low,0,107
2025-04-01,53782e84830f782dbe000053,House of Fun: Casino Slots,4958413.53,174890
2025-04-01,55c509c102ac64f9c0002261,Jelly Splash: Fun Puzzle Game,26818.32,375
2025-04-01,589a7f2d9ed8007709000591,June's Journey: Hidden Objects,11622663.48,400609
2025-04-01,59432da11df74b728f00010b,Learn How To Play Texas Poker,0,7473
2025-04-01,55f59e7b02ac6457c50000a4,Learn Poker - How to Play,0,2597
2025-04-01,5d57566b3811e924aa0d2f3f,MONOPOLY Poker - Texas Holdem,424068.71,71551
2025-04-01,5cb8debe62573f0afa45ef7b,Match 3 Game - Fiends Stars,37518.65,28
2025-04-01,55d93c3102ac645ad209bbb8,Pearl’s Peril: Hidden Objects,150226.99,7822
2025-04-01,55c5276302ac64f9c0002afc,Pirate Kings™️,636800.18,4179
2025-04-01,56e9838b02ac643da2000079,Poker Blind Timer - Offline,0,341
2025-04-01,569a77d402ac64be7900076e,Poker Hands - Learn Poker,0,81
2025-04-01,55c526af02ac64f9c0002aca,Poker Heat: Texas Holdem Games,356858.81,31052
2025-04-01,559e109938bfcaa857000941,Poker Odds Calculator Offline,0,270
2025-04-01,57597edb0211a67a7000043a,Poker Slot Spin - Texas Holdem,0,55
2025-04-01,56657dbe02ac64a755000002,Poker Win Challenge,0,142
2025-04-01,58be796a0211a6b60b0001ca,Poker World - Offline Poker,32019.15,25682
2025-04-01,5c135cb8249f1f505c245527,Redecor - Home Design Game,1511009.35,176610
2025-04-01,55c5020a02ac64f9c0001f66,Slotomania Slots Casino Games,10493486.57,773232
2025-04-01,594990020211a674a00013c6,Solitaire Grand Harvest,14805379.9,471356
2025-04-01,55d93f0d02ac645ad2121f56,TEXAS HOLDEM POKER PRO - OFFLINE,2840.02,1905
2025-04-01,62bef9d6a36ee9688ccb1844,Tiles Of Fortune™️,190909.67,87851
2025-04-01,58b397c0b16e673f5100983f,Tropicats: Tropical Match3,49454.6,16
2025-04-01,55dbda2f3c2f626849017d17,Vegas Downtown Slots & Words,140811.89,2554
2025-04-01,55c506cf02ac64f9c000215e,WSOP Poker: Texas Holdem Game,6992175.08,314220
2025-04-01,57aa7d5225186129ee000320,Wild West Chip Dozer - OFFLINE,0,33
2025-04-01,5789b1e11ca388086d000130,すみっコぐらし 〜パズルをするんです〜,29725.79,5489
2025-05-01,5eaef95d5c6ace6c5a733828,1v1.LOL - Battle Royale Game,16254.44,327128
2025-05-01,5e06ead15be87a5edb3a1682,Animals & Coins Adventure Game,5100139.13,2131930
2025-05-01,55c52f2002ac64f9c0002d6c,Best Fiends - Match 3 Puzzles,2213330.79,266708
2025-05-01,55c5025102ac64f9c0001f98,Bingo Blitz - Bingo Games,17193334.57,592027
2025-05-01,56c7d3f82a8716af1602c81a,Blackjack 21 - Offline,0,119
2025-05-01,57d8a413d2d5654b3700adcc,Board Kings: Board Dice Games,669311.61,58322
2025-05-01,55c5061302ac64f9c000211f,Caesars Slots - Casino Games,3061042.2,194052
2025-05-01,66f3b0117426a073eac20328,Claire's Chronicles: Solitaire,9279.09,2889
2025-05-01,5d65daa6ef4c60138afb64a6,Dice Dreams,15294658.45,615764
2025-05-01,674a32c22947b59eda621005,Disney Solitaire,11568872.6,2071778
2025-05-01,637ea0012ade4a0aeafad27b,Domino Dreams,7913966.88,597220
2025-05-01,55c5378102ac64f9c0003015,Governor of Poker 3 Card Games,2011228.43,166375
2025-05-01,56e014bdd7606a88f2001f70,Higher Lower - Hi Low,0,164
2025-05-01,53782e84830f782dbe000053,House of Fun: Casino Slots,4708202.5,179434
2025-05-01,55c509c102ac64f9c0002261,Jelly Splash: Fun Puzzle Game,23780.56,327
2025-05-01,589a7f2d9ed8007709000591,June's Journey: Hidden Objects,12576491.54,389092
2025-05-01,59432da11df74b728f00010b,Learn How To Play Texas Poker,0,7601
2025-05-01,55f59e7b02ac6457c50000a4,Learn Poker - How to Play,0,3167
2025-05-01,5d57566b3811e924aa0d2f3f,MONOPOLY Poker - Texas Holdem,382084.68,70280
2025-05-01,5cb8debe62573f0afa45ef7b,Match 3 Game - Fiends Stars,40507.66,45
2025-05-01,55d93c3102ac645ad209bbb8,Pearl’s Peril: Hidden Objects,159540.05,8930
2025-05-01,55c5276302ac64f9c0002afc,Pirate Kings™️,587017.45,4303
2025-05-01,56e9838b02ac643da2000079,Poker Blind Timer - Offline,0,282
2025-05-01,569a77d402ac64be7900076e,Poker Hands - Learn Poker,0,56
2025-05-01,55c526af02ac64f9c0002aca,Poker Heat: Texas Holdem Games,330852.61,32372
2025-05-01,559e109938bfcaa857000941,Poker Odds Calculator Offline,0,298
2025-05-01,57597edb0211a67a7000043a,Poker Slot Spin - Texas Holdem,0,75
2025-05-01,56657dbe02ac64a755000002,Poker Win Challenge,0,67
2025-05-01,58be796a0211a6b60b0001ca,Poker World - Offline Poker,32404.38,26715
2025-05-01,5c135cb8249f1f505c245527,Redecor - Home Design Game,1500191.1,187961
2025-05-01,55c5020a02ac64f9c0001f66,Slotomania Slots Casino Games,9803758.41,622860
2025-05-01,594990020211a674a00013c6,Solitaire Grand Harvest,14648082.49,457973
2025-05-01,55d93f0d02ac645ad2121f56,TEXAS HOLDEM POKER PRO - OFFLINE,2980.53,2093
2025-05-01,62bef9d6a36ee9688ccb1844,Tiles Of Fortune™️,139309.89,57569
2025-05-01,58b397c0b16e673f5100983f,Tropicats: Tropical Match3,50812.27,30
2025-05-01,55dbda2f3c2f626849017d17,Vegas Downtown Slots & Words,157233.33,3093
2025-05-01,55c506cf02ac64f9c000215e,WSOP Poker: Texas Holdem Game,7722060.61,345960
2025-05-01,57aa7d5225186129ee000320,Wild West Chip Dozer - OFFLINE,0,27
2025-05-01,5789b1e11ca388086d000130,すみっコぐらし 〜パズルをするんです〜,35814.08,5213
2025-06-01,5eaef95d5c6ace6c5a733828,1v1.LOL - Battle Royale Game,14750.01,282455
2025-06-01,5e06ead15be87a5edb3a1682,Animals & Coins Adventure Game,5134635.76,1750717
2025-06-01,55c52f2002ac64f9c0002d6c,Best Fiends - Match 3 Puzzles,1995670.08,71049
2025-06-01,55c5025102ac64f9c0001f98,Bingo Blitz - Bingo Games,14918237.44,563592
2025-06-01,56c7d3f82a8716af1602c81a,Blackjack 21 - Offline,0,204
2025-06-01,57d8a413d2d5654b3700adcc,Board Kings: Board Dice Games,537521.95,77402
2025-06-01,55c5061302ac64f9c000211f,Caesars Slots - Casino Games,2503024.42,176147
2025-06-01,66f3b0117426a073eac20328,Claire's Chronicles: Solitaire,690.59,8
2025-06-01,5d65daa6ef4c60138afb64a6,Dice Dreams,12954681.88,321023
2025-06-01,674a32c22947b59eda621005,Disney Solitaire,11541030.84,822732
2025-06-01,637ea0012ade4a0aeafad27b,Domino Dreams,7104101.77,395375
2025-06-01,55c5378102ac64f9c0003015,Governor of Poker 3 Card Games,1940655.25,154617
2025-06-01,56e014bdd7606a88f2001f70,Higher Lower - Hi Low,0,182
2025-06-01,53782e84830f782dbe000053,House of Fun: Casino Slots,4456515.24,161069
2025-06-01,55c509c102ac64f9c0002261,Jelly Splash: Fun Puzzle Game,21819.75,324
2025-06-01,589a7f2d9ed8007709000591,June's Journey: Hidden Objects,11800180.3,310809
2025-06-01,607c313eec1eca530a358272,JustFall.LOL: Battle Royale,0,2733
2025-06-01,59432da11df74b728f00010b,Learn How To Play Texas Poker,0,7343
2025-06-01,55f59e7b02ac6457c50000a4,Learn Poker - How to Play,0,4338
2025-06-01,5d57566b3811e924aa0d2f3f,MONOPOLY Poker - Texas Holdem,403147.69,67124
2025-06-01,5cb8debe62573f0afa45ef7b,Match 3 Game - Fiends Stars,37671.49,63
2025-06-01,55d93c3102ac645ad209bbb8,Pearl’s Peril: Hidden Objects,140973.02,8859
2025-06-01,55c5276302ac64f9c0002afc,Pirate Kings™️,545290.43,4191
2025-06-01,56e9838b02ac643da2000079,Poker Blind Timer - Offline,0,304
2025-06-01,569a77d402ac64be7900076e,Poker Hands - Learn Poker,0,59
2025-06-01,55c526af02ac64f9c0002aca,Poker Heat: Texas Holdem Games,312155.61,31960
2025-06-01,559e109938bfcaa857000941,Poker Odds Calculator Offline,0,253
2025-06-01,57597edb0211a67a7000043a,Poker Slot Spin - Texas Holdem,0,62
2025-06-01,56657dbe02ac64a755000002,Poker Win Challenge,0,52
2025-06-01,58be796a0211a6b60b0001ca,Poker World - Offline Poker,28013.59,30008
2025-06-01,5c135cb8249f1f505c245527,Redecor - Home Design Game,1326510.64,187657
2025-06-01,55c5020a02ac64f9c0001f66,Slotomania Slots Casino Games,8581943.69,272380
2025-06-01,594990020211a674a00013c6,Solitaire Grand Harvest,12381618.31,384291
2025-06-01,55d93f0d02ac645ad2121f56,TEXAS HOLDEM POKER PRO - OFFLINE,3951.93,2985
2025-06-01,62bef9d6a36ee9688ccb1844,Tiles Of Fortune™️,91217.05,35390
2025-06-01,58b397c0b16e673f5100983f,Tropicats: Tropical Match3,48850.77,20
2025-06-01,55dbda2f3c2f626849017d17,Vegas Downtown Slots & Words,138256.97,3258
2025-06-01,55c506cf02ac64f9c000215e,WSOP Poker: Texas Holdem Game,6639173.93,279497
2025-06-01,57aa7d5225186129ee000320,Wild West Chip Dozer - OFFLINE,0,30
2025-06-01,5789b1e11ca388086d000130,すみっコぐらし 〜パズルをするんです〜,35582.1,4702
2025-07-01,5eaef95d5c6ace6c5a733828,1v1.LOL - Battle Royale Game,15546.76,288604
2025-07-01,5e06ead15be87a5edb3a1682,Animals & Coins Adventure Game,4741612.81,1837891
2025-07-01,55c52f2002ac64f9c0002d6c,Best Fiends - Match 3 Puzzles,1858378.71,64418
2025-07-01,55c5025102ac64f9c0001f98,Bingo Blitz - Bingo Games,14657730.5,578050
2025-07-01,56c7d3f82a8716af1602c81a,Blackjack 21 - Offline,0,261
2025-07-01,57d8a413d2d5654b3700adcc,Board Kings: Board Dice Games,549268.37,63344
2025-07-01,55c5061302ac64f9c000211f,Caesars Slots - Casino Games,2634783.33,116873
2025-07-01,5d65daa6ef4c60138afb64a6,Dice Dreams,12123873.59,487631
2025-07-01,674a32c22947b59eda621005,Disney Solitaire,13651454,1092066
2025-07-01,637ea0012ade4a0aeafad27b,Domino Dreams,7390021.69,546065
2025-07-01,55c5378102ac64f9c0003015,Governor of Poker 3 Card Games,2072168.51,133636
2025-07-01,56e014bdd7606a88f2001f70,Higher Lower - Hi Low,0,119
2025-07-01,53782e84830f782dbe000053,House of Fun: Casino Slots,4357232.2,137196
2025-07-01,688044a2d9b0cdab15f36c85,Jackpot Tour™ 777 Casino Slots,9.65,29
2025-07-01,55c509c102ac64f9c0002261,Jelly Splash: Fun Puzzle Game,27103.61,236
2025-07-01,589a7f2d9ed8007709000591,June's Journey: Hidden Objects,10606527.56,337925
2025-07-01,607c313eec1eca530a358272,JustFall.LOL: Battle Royale,0,410
2025-07-01,59432da11df74b728f00010b,Learn How To Play Texas Poker,0,8088
2025-07-01,55f59e7b02ac6457c50000a4,Learn Poker - How to Play,0,5298
2025-07-01,5d57566b3811e924aa0d2f3f,MONOPOLY Poker - Texas Holdem,431350.45,70920
2025-07-01,5cb8debe62573f0afa45ef7b,Match 3 Game - Fiends Stars,37804.49,50
2025-07-01,55d93c3102ac645ad209bbb8,Pearl’s Peril: Hidden Objects,140759.52,9731
2025-07-01,55c5276302ac64f9c0002afc,Pirate Kings™️,564998.79,4082
2025-07-01,56e9838b02ac643da2000079,Poker Blind Timer - Offline,0,326
2025-07-01,569a77d402ac64be7900076e,Poker Hands - Learn Poker,0,87
2025-07-01,55c526af02ac64f9c0002aca,Poker Heat: Texas Holdem Games,334545.84,33459
2025-07-01,559e109938bfcaa857000941,Poker Odds Calculator Offline,0,273
2025-07-01,57597edb0211a67a7000043a,Poker Slot Spin - Texas Holdem,0,35
2025-07-01,56657dbe02ac64a755000002,Poker Win Challenge,0,66
2025-07-01,58be796a0211a6b60b0001ca,Poker World - Offline Poker,34056.06,32725
2025-07-01,5c135cb8249f1f505c245527,Redecor - Home Design Game,1361304.48,247949
2025-07-01,55c5020a02ac64f9c0001f66,Slotomania Slots Casino Games,8035858.79,147184
2025-07-01,594990020211a674a00013c6,Solitaire Grand Harvest,11602666.96,437697
2025-07-01,55d93f0d02ac645ad2121f56,TEXAS HOLDEM POKER PRO - OFFLINE,4384.03,3365
2025-07-01,62bef9d6a36ee9688ccb1844,Tiles Of Fortune™️,71068.1,31770
2025-07-01,58b397c0b16e673f5100983f,Tropicats: Tropical Match3,50145.65,38
2025-07-01,55dbda2f3c2f626849017d17,Vegas Downtown Slots & Words,109546.43,3809
2025-07-01,55c506cf02ac64f9c000215e,WSOP Poker: Texas Holdem Game,7391945.38,315926
2025-07-01,57aa7d5225186129ee000320,Wild West Chip Dozer - OFFLINE,0,12
2025-07-01,5789b1e11ca388086d000130,すみっコぐらし 〜パズルをするんです〜,59682,5189
2025-08-01,5eaef95d5c6ace6c5a733828,1v1.LOL - Battle Royale Game,15692.33,287974
2025-08-01,5e06ead15be87a5edb3a1682,Animals & Coins Adventure Game,4542659.5,1634522
2025-08-01,55c52f2002ac64f9c0002d6c,Best Fiends - Match 3 Puzzles,1709159.76,65210
2025-08-01,55c5025102ac64f9c0001f98,Bingo Blitz - Bingo Games,14648124.05,571428
2025-08-01,56c7d3f82a8716af1602c81a,Blackjack 21 - Offline,0,341
2025-08-01,57d8a413d2d5654b3700adcc,Board Kings: Board Dice Games,491090.37,50166
2025-08-01,55c5061302ac64f9c000211f,Caesars Slots - Casino Games,2447741.15,90663
2025-08-01,5d65daa6ef4c60138afb64a6,Dice Dreams,10929403.18,557285
2025-08-01,674a32c22947b59eda621005,Disney Solitaire,15031281.36,1785517
2025-08-01,637ea0012ade4a0aeafad27b,Domino Dreams,6891437.42,603924
2025-08-01,55c5378102ac64f9c0003015,Governor of Poker 3 Card Games,1989703.46,161591
2025-08-01,56e014bdd7606a88f2001f70,Higher Lower - Hi Low,0,140
2025-08-01,53782e84830f782dbe000053,House of Fun: Casino Slots,3903748.39,129446
2025-08-01,55c509c102ac64f9c0002261,Jelly Splash: Fun Puzzle Game,24449.98,351
2025-08-01,589a7f2d9ed8007709000591,June's Journey: Hidden Objects,11057668.35,320330
2025-08-01,607c313eec1eca530a358272,JustFall.LOL: Battle Royale,0,646
2025-08-01,59432da11df74b728f00010b,Learn How To Play Texas Poker,0,7563
2025-08-01,55f59e7b02ac6457c50000a4,Learn Poker - How to Play,0,5323
2025-08-01,5d57566b3811e924aa0d2f3f,MONOPOLY Poker - Texas Holdem,365064.82,71697
2025-08-01,5cb8debe62573f0afa45ef7b,Match 3 Game - Fiends Stars,35784.23,43
2025-08-01,55d93c3102ac645ad209bbb8,Pearl’s Peril: Hidden Objects,137308.4,8977
2025-08-01,55c5276302ac64f9c0002afc,Pirate Kings™️,514657.09,4012
2025-08-01,56e9838b02ac643da2000079,Poker Blind Timer - Offline,0,354
2025-08-01,569a77d402ac64be7900076e,Poker Hands - Learn Poker,0,77
2025-08-01,55c526af02ac64f9c0002aca,Poker Heat: Texas Holdem Games,310335.93,34192
2025-08-01,559e109938bfcaa857000941,Poker Odds Calculator Offline,0,282
2025-08-01,57597edb0211a67a7000043a,Poker Slot Spin - Texas Holdem,0,25
2025-08-01,56657dbe02ac64a755000002,Poker Win Challenge,0,39
2025-08-01,58be796a0211a6b60b0001ca,Poker World - Offline Poker,35744.04,33225
2025-08-01,5c135cb8249f1f505c245527,Redecor - Home Design Game,1294309.97,197897
2025-08-01,55c5020a02ac64f9c0001f66,Slotomania Slots Casino Games,7018888.47,197400
2025-08-01,594990020211a674a00013c6,Solitaire Grand Harvest,11158365.02,368478
2025-08-01,55d93f0d02ac645ad2121f56,TEXAS HOLDEM POKER PRO - OFFLINE,4782.41,3550
2025-08-01,62bef9d6a36ee9688ccb1844,Tiles Of Fortune™️,40734.16,10592
2025-08-01,58b397c0b16e673f5100983f,Tropicats: Tropical Match3,49829.9,23
2025-08-01,55dbda2f3c2f626849017d17,Vegas Downtown Slots & Words,100742.66,4164
2025-08-01,55c506cf02ac64f9c000215e,WSOP Poker: Texas Holdem Game,6442875.02,359727
2025-08-01,57aa7d5225186129ee000320,Wild West Chip Dozer - OFFLINE,0,21
2025-08-01,5789b1e11ca388086d000130,すみっコぐらし 〜パズルをするんです〜,54779.87,5638
2025-09-01,5eaef95d5c6ace6c5a733828,1v1.LOL - Battle Royale Game,3736.88,61008
2025-09-01,5e06ead15be87a5edb3a1682,Animals & Coins Adventure Game,4472954.33,1218773
2025-09-01,55c52f2002ac64f9c0002d6c,Best Fiends - Match 3 Puzzles,1503717.87,56239
2025-09-01,55c5025102ac64f9c0001f98,Bingo Blitz - Bingo Games,14160836.04,513274
2025-09-01,56c7d3f82a8716af1602c81a,Blackjack 21 - Offline,0,225
2025-09-01,57d8a413d2d5654b3700adcc,Board Kings: Board Dice Games,392503.67,21910
2025-09-01,55c5061302ac64f9c000211f,Caesars Slots - Casino Games,2342451.35,53115
2025-09-01,5d65daa6ef4c60138afb64a6,Dice Dreams,9691323.72,446090
2025-09-01,674a32c22947b59eda621005,Disney Solitaire,13474514.6,1389274
2025-09-01,637ea0012ade4a0aeafad27b,Domino Dreams,6434567.58,479373
2025-09-01,55c5378102ac64f9c0003015,Governor of Poker 3 Card Games,1744138.7,135316
2025-09-01,56e014bdd7606a88f2001f70,Higher Lower - Hi Low,0,85
2025-09-01,53782e84830f782dbe000053,House of Fun: Casino Slots,3639140.32,115442
2025-09-01,55c509c102ac64f9c0002261,Jelly Splash: Fun Puzzle Game,22377.54,175
2025-09-01,589a7f2d9ed8007709000591,June's Journey: Hidden Objects,10308478.08,351018
2025-09-01,607c313eec1eca530a358272,JustFall.LOL: Battle Royale,0,1003
2025-09-01,59432da11df74b728f00010b,Learn How To Play Texas Poker,0,6560
2025-09-01,55f59e7b02ac6457c50000a4,Learn Poker - How to Play,0,4118
2025-09-01,5d57566b3811e924aa0d2f3f,MONOPOLY Poker - Texas Holdem,345392.57,54426
2025-09-01,5cb8debe62573f0afa45ef7b,Match 3 Game - Fiends Stars,6736.74,12
2025-09-01,55d93c3102ac645ad209bbb8,Pearl’s Peril: Hidden Objects,150153.18,8519
2025-09-01,55c5276302ac64f9c0002afc,Pirate Kings™️,499961.99,3729
2025-09-01,56e9838b02ac643da2000079,Poker Blind Timer - Offline,0,272
2025-09-01,569a77d402ac64be7900076e,Poker Hands - Learn Poker,0,43
2025-09-01,55c526af02ac64f9c0002aca,Poker Heat: Texas Holdem Games,299045.57,25991
2025-09-01,559e109938bfcaa857000941,Poker Odds Calculator Offline,0,172
2025-09-01,57597edb0211a67a7000043a,Poker Slot Spin - Texas Holdem,0,32
2025-09-01,56657dbe02ac64a755000002,Poker Win Challenge,0,247
2025-09-01,58be796a0211a6b60b0001ca,Poker World - Offline Poker,37678.44,26705
2025-09-01,5c135cb8249f1f505c245527,Redecor - Home Design Game,1165620.81,219496
2025-09-01,55c5020a02ac64f9c0001f66,Slotomania Slots Casino Games,6482072.85,178321
2025-09-01,594990020211a674a00013c6,Solitaire Grand Harvest,9349092.27,383427
2025-09-01,55d93f0d02ac645ad2121f56,TEXAS HOLDEM POKER PRO - OFFLINE,3750.6,2994
2025-09-01,62bef9d6a36ee9688ccb1844,Tiles Of Fortune™️,14089.67,1832
2025-09-01,58b397c0b16e673f5100983f,Tropicats: Tropical Match3,46335.9,34
2025-09-01,55dbda2f3c2f626849017d17,Vegas Downtown Slots & Words,90426.47,3910
2025-09-01,55c506cf02ac64f9c000215e,WSOP Poker: Texas Holdem Game,5657423.45,247958
2025-09-01,57aa7d5225186129ee000320,Wild West Chip Dozer - OFFLINE,0,20
2025-09-01,5789b1e11ca388086d000130,すみっコぐらし 〜パズルをするんです〜,47067.06,4154
2025-10-01,5e06ead15be87a5edb3a1682,Animals & Coins Adventure Game,3933740.13,1310568
2025-10-01,55c52f2002ac64f9c0002d6c,Best Fiends - Match 3 Puzzles,1598151.18,35701
2025-10-01,55c5025102ac64f9c0001f98,Bingo Blitz - Bingo Games,14211773.07,429787
2025-10-01,56c7d3f82a8716af1602c81a,Blackjack 21 - Offline,0,236
2025-10-01,57d8a413d2d5654b3700adcc,Board Kings: Board Dice Games,387262.12,21212
2025-10-01,55c5061302ac64f9c000211f,Caesars Slots - Casino Games,2430861.91,33378
2025-10-01,5d65daa6ef4c60138afb64a6,Dice Dreams,10491070.52,938584
2025-10-01,674a32c22947b59eda621005,Disney Solitaire,13349044.11,2182021
2025-10-01,637ea0012ade4a0aeafad27b,Domino Dreams,6640577,649064
2025-10-01,55c5378102ac64f9c0003015,Governor of Poker 3 Card Games,1773584.16,148493
2025-10-01,56e014bdd7606a88f2001f70,Higher Lower - Hi Low,0,88
2025-10-01,53782e84830f782dbe000053,House of Fun: Casino Slots,3555574.49,79857
2025-10-01,55c509c102ac64f9c0002261,Jelly Splash: Fun Puzzle Game,20149.32,221
2025-10-01,589a7f2d9ed8007709000591,June's Journey: Hidden Objects,10384951.56,317001
2025-10-01,607c313eec1eca530a358272,JustFall.LOL: Battle Royale,0,1
2025-10-01,59432da11df74b728f00010b,Learn How To Play Texas Poker,0,9249
2025-10-01,55f59e7b02ac6457c50000a4,Learn Poker - How to Play,0,4434
2025-10-01,5d57566b3811e924aa0d2f3f,MONOPOLY Poker - Texas Holdem,312960.05,49768
2025-10-01,55d93c3102ac645ad209bbb8,Pearl’s Peril: Hidden Objects,141013.82,8309
2025-10-01,55c5276302ac64f9c0002afc,Pirate Kings™️,488773.29,3510
2025-10-01,56e9838b02ac643da2000079,Poker Blind Timer - Offline,0,287
2025-10-01,569a77d402ac64be7900076e,Poker Hands - Learn Poker,0,77
2025-10-01,55c526af02ac64f9c0002aca,Poker Heat: Texas Holdem Games,274693.91,28824
2025-10-01,559e109938bfcaa857000941,Poker Odds Calculator Offline,0,185
2025-10-01,57597edb0211a67a7000043a,Poker Slot Spin - Texas Holdem,0,63
2025-10-01,56657dbe02ac64a755000002,Poker Win Challenge,0,236
2025-10-01,58be796a0211a6b60b0001ca,Poker World - Offline Poker,30396.44,27975
2025-10-01,5c135cb8249f1f505c245527,Redecor - Home Design Game,1108823.68,141738
2025-10-01,55c5020a02ac64f9c0001f66,Slotomania Slots Casino Games,6290451.83,157615
2025-10-01,594990020211a674a00013c6,Solitaire Grand Harvest,9376856.05,301123
2025-10-01,55d93f0d02ac645ad2121f56,TEXAS HOLDEM POKER PRO - OFFLINE,4529.38,3189
2025-10-01,62bef9d6a36ee9688ccb1844,Tiles Of Fortune™️,4437.11,189
2025-10-01,58b397c0b16e673f5100983f,Tropicats: Tropical Match3,47061.77,18
2025-10-01,55dbda2f3c2f626849017d17,Vegas Downtown Slots & Words,109241.21,4474
2025-10-01,55c506cf02ac64f9c000215e,WSOP Poker: Texas Holdem Game,5578467.57,240403
2025-10-01,57aa7d5225186129ee000320,Wild West Chip Dozer - OFFLINE,0,11
2025-10-01,5789b1e11ca388086d000130,すみっコぐらし 〜パズルをするんです〜,41851.71,5664
2025-11-01,5e06ead15be87a5edb3a1682,Animals & Coins Adventure Game,3845798.06,1705763
2025-11-01,55c52f2002ac64f9c0002d6c,Best Fiends - Match 3 Puzzles,1438790.59,27768
2025-11-01,55c5025102ac64f9c0001f98,Bingo Blitz - Bingo Games,13245057.86,447918
2025-11-01,56c7d3f82a8716af1602c81a,Blackjack 21 - Offline,0,238
2025-11-01,57d8a413d2d5654b3700adcc,Board Kings: Board Dice Games,289065.03,18052
2025-11-01,55c5061302ac64f9c000211f,Caesars Slots - Casino Games,2238313.31,37422
2025-11-01,5d65daa6ef4c60138afb64a6,Dice Dreams,9461310.14,680285
2025-11-01,674a32c22947b59eda621005,Disney Solitaire,13877994.39,1325558
2025-11-01,637ea0012ade4a0aeafad27b,Domino Dreams,6766727.23,610254
2025-11-01,55c5378102ac64f9c0003015,Governor of Poker 3 Card Games,1809561.34,141601
2025-11-01,56e014bdd7606a88f2001f70,Higher Lower - Hi Low,0,61
2025-11-01,53782e84830f782dbe000053,House of Fun: Casino Slots,3397936.65,162673
2025-11-01,688044a2d9b0cdab15f36c85,Jackpot Tour™ 777 Casino Slots,0.02,88
2025-11-01,55c509c102ac64f9c0002261,Jelly Splash: Fun Puzzle Game,22627.63,219
2025-11-01,589a7f2d9ed8007709000591,June's Journey: Hidden Objects,11162853.59,329462
2025-11-01,59432da11df74b728f00010b,Learn How To Play Texas Poker,0,6448
2025-11-01,55f59e7b02ac6457c50000a4,Learn Poker - How to Play,0,4349
2025-11-01,5d57566b3811e924aa0d2f3f,MONOPOLY Poker - Texas Holdem,249735.08,44092
2025-11-01,55d93c3102ac645ad209bbb8,Pearl’s Peril: Hidden Objects,135446.16,8042
2025-11-01,55c5276302ac64f9c0002afc,Pirate Kings™️,422468.9,2976
2025-11-01,56e9838b02ac643da2000079,Poker Blind Timer - Offline,0,81
2025-11-01,569a77d402ac64be7900076e,Poker Hands - Learn Poker,0,86
2025-11-01,55c526af02ac64f9c0002aca,Poker Heat: Texas Holdem Games,293690.77,35185
2025-11-01,559e109938bfcaa857000941,Poker Odds Calculator Offline,0,190
2025-11-01,57597edb0211a67a7000043a,Poker Slot Spin - Texas Holdem,0,21
2025-11-01,56657dbe02ac64a755000002,Poker Win Challenge,0,37
2025-11-01,58be796a0211a6b60b0001ca,Poker World - Offline Poker,27912.63,26601
2025-11-01,5c135cb8249f1f505c245527,Redecor - Home Design Game,829021.22,145278
2025-11-01,55c5020a02ac64f9c0001f66,Slotomania Slots Casino Games,6265365.66,218567
2025-11-01,594990020211a674a00013c6,Solitaire Grand Harvest,8488241.75,268657
2025-11-01,55d93f0d02ac645ad2121f56,TEXAS HOLDEM POKER PRO - OFFLINE,4324.05,3406
2025-11-01,62bef9d6a36ee9688ccb1844,Tiles Of Fortune™️,5162.61,14
2025-11-01,58b397c0b16e673f5100983f,Tropicats: Tropical Match3,40092.2,25
2025-11-01,55dbda2f3c2f626849017d17,Vegas Downtown Slots & Words,115042.6,2804
2025-11-01,55c506cf02ac64f9c000215e,WSOP Poker: Texas Holdem Game,5451492.11,251192
2025-11-01,57aa7d5225186129ee000320,Wild West Chip Dozer - OFFLINE,0,19
2025-11-01,5789b1e11ca388086d000130,すみっコぐらし 〜パズルをするんです〜,42921.01,4579
2025-12-01,5e06ead15be87a5edb3a1682,Animals & Coins Adventure Game,4337406.51,1924301
2025-12-01,55c52f2002ac64f9c0002d6c,Best Fiends - Match 3 Puzzles,1109450.3,43535
2025-12-01,55c5025102ac64f9c0001f98,Bingo Blitz - Bingo Games,13542964.76,610820
2025-12-01,56c7d3f82a8716af1602c81a,Blackjack 21 - Offline,0,95
2025-12-01,57d8a413d2d5654b3700adcc,Board Kings: Board Dice Games,363163.02,49836
2025-12-01,55c5061302ac64f9c000211f,Caesars Slots - Casino Games,2214060.53,74551
2025-12-01,5d65daa6ef4c60138afb64a6,Dice Dreams,9673484.34,475566
2025-12-01,674a32c22947b59eda621005,Disney Solitaire,13347148.24,1190727
2025-12-01,637ea0012ade4a0aeafad27b,Domino Dreams,7187736.15,424540
2025-12-01,55c5378102ac64f9c0003015,Governor of Poker 3 Card Games,2185505.79,233128
2025-12-01,56e014bdd7606a88f2001f70,Higher Lower - Hi Low,0,29
2025-12-01,53782e84830f782dbe000053,House of Fun: Casino Slots,3536963.43,419707
2025-12-01,688044a2d9b0cdab15f36c85,Jackpot Tour™ 777 Casino Slots,527.91,91857
2025-12-01,55c509c102ac64f9c0002261,Jelly Splash: Fun Puzzle Game,19012.48,211
2025-12-01,589a7f2d9ed8007709000591,June's Journey: Hidden Objects,10473775.48,344466
2025-12-01,59432da11df74b728f00010b,Learn How To Play Texas Poker,0,8444
2025-12-01,55f59e7b02ac6457c50000a4,Learn Poker - How to Play,0,2057
2025-12-01,5d57566b3811e924aa0d2f3f,MONOPOLY Poker - Texas Holdem,269187.42,48135
2025-12-01,55d93c3102ac645ad209bbb8,Pearl’s Peril: Hidden Objects,141128.69,8068
2025-12-01,55c5276302ac64f9c0002afc,Pirate Kings™️,398288.97,3181
2025-12-01,56e9838b02ac643da2000079,Poker Blind Timer - Offline,0,34
2025-12-01,569a77d402ac64be7900076e,Poker Hands - Learn Poker,0,19
2025-12-01,55c526af02ac64f9c0002aca,Poker Heat: Texas Holdem Games,262380.53,42818
2025-12-01,559e109938bfcaa857000941,Poker Odds Calculator Offline,0,85
2025-12-01,57597edb0211a67a7000043a,Poker Slot Spin - Texas Holdem,0,9
2025-12-01,56657dbe02ac64a755000002,Poker Win Challenge,0,15
2025-12-01,58be796a0211a6b60b0001ca,Poker World - Offline Poker,31490.88,30651
2025-12-01,5c135cb8249f1f505c245527,Redecor - Home Design Game,777668.08,190539
2025-12-01,55c5020a02ac64f9c0001f66,Slotomania Slots Casino Games,6594230.13,195097
2025-12-01,594990020211a674a00013c6,Solitaire Grand Harvest,8779282.92,449945
2025-12-01,55d93f0d02ac645ad2121f56,TEXAS HOLDEM POKER PRO - OFFLINE,2471.55,1948
2025-12-01,62bef9d6a36ee9688ccb1844,Tiles Of Fortune™️,5526.01,18
2025-12-01,58b397c0b16e673f5100983f,Tropicats: Tropical Match3,25437.5,41
2025-12-01,55dbda2f3c2f626849017d17,Vegas Downtown Slots & Words,90177.56,3162
2025-12-01,55c506cf02ac64f9c000215e,WSOP Poker: Texas Holdem Game,5382018.14,333220
2025-12-01,57aa7d5225186129ee000320,Wild West Chip Dozer - OFFLINE,0,6
2025-12-01,5789b1e11ca388086d000130,すみっコぐらし 〜パズルをするんです〜,65721.59,3430
2026-01-01,5e06ead15be87a5edb3a1682,Animals & Coins Adventure Game,4768214.55,1586791
2026-01-01,55c52f2002ac64f9c0002d6c,Best Fiends - Match 3 Puzzles,1084513.21,61260
2026-01-01,55c5025102ac64f9c0001f98,Bingo Blitz - Bingo Games,13203639.24,720829
2026-01-01,57d8a413d2d5654b3700adcc,Board Kings: Board Dice Games,299622.08,19289
2026-01-01,55c5061302ac64f9c000211f,Caesars Slots - Casino Games,2258666.01,68952
2026-01-01,5d65daa6ef4c60138afb64a6,Dice Dreams,9319142.24,1811732
2026-01-01,674a32c22947b59eda621005,Disney Solitaire,16131915.66,5323819
2026-01-01,637ea0012ade4a0aeafad27b,Domino Dreams,7107325.58,1693881
2026-01-01,55c5378102ac64f9c0003015,Governor of Poker 3 Card Games,1924212.53,177571
2026-01-01,53782e84830f782dbe000053,House of Fun: Casino Slots,3297690.64,314060
2026-01-01,688044a2d9b0cdab15f36c85,Jackpot Tour™ 777 Casino Slots,3255.03,55482
2026-01-01,55c509c102ac64f9c0002261,Jelly Splash: Fun Puzzle Game,15721.15,172
2026-01-01,589a7f2d9ed8007709000591,June's Journey: Hidden Objects,8234425.57,351778
2026-01-01,59432da11df74b728f00010b,Learn How To Play Texas Poker,0,8643
2026-01-01,5d57566b3811e924aa0d2f3f,MONOPOLY Poker - Texas Holdem,246275.73,59216
2026-01-01,55d93c3102ac645ad209bbb8,Pearl’s Peril: Hidden Objects,133421.18,8560
2026-01-01,55c5276302ac64f9c0002afc,Pirate Kings™️,408514.92,3640
2026-01-01,55c526af02ac64f9c0002aca,Poker Heat: Texas Holdem Games,284016.41,41017
2026-01-01,58be796a0211a6b60b0001ca,Poker World - Offline Poker,33755.82,28470
2026-01-01,5c135cb8249f1f505c245527,Redecor - Home Design Game,741190.8,173539
2026-01-01,55c5020a02ac64f9c0001f66,Slotomania Slots Casino Games,6552206.86,222248
2026-01-01,594990020211a674a00013c6,Solitaire Grand Harvest,8700648.99,389297
2026-01-01,62bef9d6a36ee9688ccb1844,Tiles Of Fortune™️,1068.52,12
2026-01-01,58b397c0b16e673f5100983f,Tropicats: Tropical Match3,27777.94,28
2026-01-01,55dbda2f3c2f626849017d17,Vegas Downtown Slots & Words,76563.16,3758
2026-01-01,55c506cf02ac64f9c000215e,WSOP Poker: Texas Holdem Game,5630785.62,354914
2026-01-01,5789b1e11ca388086d000130,すみっコぐらし 〜パズルをするんです〜,51008.42,3486
2026-02-01,5e06ead15be87a5edb3a1682,Animals & Coins Adventure Game,4485754.29,1455157
2026-02-01,55c52f2002ac64f9c0002d6c,Best Fiends - Match 3 Puzzles,886228.07,39337
2026-02-01,55c5025102ac64f9c0001f98,Bingo Blitz - Bingo Games,10796341.94,538500
2026-02-01,57d8a413d2d5654b3700adcc,Board Kings: Board Dice Games,228705.31,16074
2026-02-01,55c5061302ac64f9c000211f,Caesars Slots - Casino Games,2120882.88,28520
2026-02-01,5d65daa6ef4c60138afb64a6,Dice Dreams,9899165.87,1446581
2026-02-01,674a32c22947b59eda621005,Disney Solitaire,20935205.23,5573117
2026-02-01,637ea0012ade4a0aeafad27b,Domino Dreams,7359411.59,1566480
2026-02-01,55c5378102ac64f9c0003015,Governor of Poker 3 Card Games,1827509,143391
2026-02-01,53782e84830f782dbe000053,House of Fun: Casino Slots,2861438.42,102320
2026-02-01,688044a2d9b0cdab15f36c85,Jackpot Tour™ 777 Casino Slots,4706.53,45586
2026-02-01,55c509c102ac64f9c0002261,Jelly Splash: Fun Puzzle Game,12754.46,140
2026-02-01,589a7f2d9ed8007709000591,June's Journey: Hidden Objects,8853926.92,339457
2026-02-01,5d57566b3811e924aa0d2f3f,MONOPOLY Poker - Texas Holdem,233826.58,56540
2026-02-01,55d93c3102ac645ad209bbb8,Pearl’s Peril: Hidden Objects,120722.35,6361
2026-02-01,55c5276302ac64f9c0002afc,Pirate Kings™️,322993.34,3125
2026-02-01,55c526af02ac64f9c0002aca,Poker Heat: Texas Holdem Games,213300.63,28844
2026-02-01,5c135cb8249f1f505c245527,Redecor - Home Design Game,699784.89,160966
2026-02-01,55c5020a02ac64f9c0001f66,Slotomania Slots Casino Games,6145487.89,176724
2026-02-01,594990020211a674a00013c6,Solitaire Grand Harvest,7273539.66,275031
2026-02-01,62bef9d6a36ee9688ccb1844,Tiles Of Fortune™️,1221.92,23
2026-02-01,58b397c0b16e673f5100983f,Tropicats: Tropical Match3,22539.05,7
2026-02-01,55dbda2f3c2f626849017d17,Vegas Downtown Slots & Words,121472.8,4242
2026-02-01,55c506cf02ac64f9c000215e,WSOP Poker: Texas Holdem Game,5190461.93,303802
2026-02-01,5789b1e11ca388086d000130,すみっコぐらし 〜パズルをするんです〜,39103.7,3302
2026-03-01,5e06ead15be87a5edb3a1682,Animals & Coins Adventure Game,4327257.48,1289980
2026-03-01,55c52f2002ac64f9c0002d6c,Best Fiends - Match 3 Puzzles,923283.34,34600
2026-03-01,55c5025102ac64f9c0001f98,Bingo Blitz - Bingo Games,12039667.61,576176
2026-03-01,57d8a413d2d5654b3700adcc,Board Kings: Board Dice Games,278115.07,15214
2026-03-01,55c5061302ac64f9c000211f,Caesars Slots - Casino Games,2218163.1,24220
2026-03-01,5d65daa6ef4c60138afb64a6,Dice Dreams,11505157.2,1020793
2026-03-01,674a32c22947b59eda621005,Disney Solitaire,26023261.19,4996345
2026-03-01,637ea0012ade4a0aeafad27b,Domino Dreams,7823267.96,1309176
2026-03-01,55c5378102ac64f9c0003015,Governor of Poker 3 Card Games,1817877.07,129070
2026-03-01,53782e84830f782dbe000053,House of Fun: Casino Slots,2968191.93,107879
2026-03-01,688044a2d9b0cdab15f36c85,Jackpot Tour™ 777 Casino Slots,10835.78,14718
2026-03-01,55c509c102ac64f9c0002261,Jelly Splash: Fun Puzzle Game,13506.47,154
2026-03-01,589a7f2d9ed8007709000591,June's Journey: Hidden Objects,10070921.85,325780
2026-03-01,5d57566b3811e924aa0d2f3f,MONOPOLY Poker - Texas Holdem,230941.59,62589
2026-03-01,55d93c3102ac645ad209bbb8,Pearl’s Peril: Hidden Objects,127349.58,6574
2026-03-01,55c5276302ac64f9c0002afc,Pirate Kings™️,366432.16,3192
2026-03-01,55c526af02ac64f9c0002aca,Poker Heat: Texas Holdem Games,236758.36,25420
2026-03-01,5c135cb8249f1f505c245527,Redecor - Home Design Game,714516.15,136395
2026-03-01,55c5020a02ac64f9c0001f66,Slotomania Slots Casino Games,6639844.91,200417
2026-03-01,594990020211a674a00013c6,Solitaire Grand Harvest,7166259.42,291862
2026-03-01,62bef9d6a36ee9688ccb1844,Tiles Of Fortune™️,73.77,8
2026-03-01,58b397c0b16e673f5100983f,Tropicats: Tropical Match3,25396.74,29
2026-03-01,55dbda2f3c2f626849017d17,Vegas Downtown Slots & Words,166857.58,3677
2026-03-01,55c506cf02ac64f9c000215e,WSOP Poker: Texas Holdem Game,5593970.19,252763
2026-03-01,5789b1e11ca388086d000130,すみっコぐらし 〜パズルをするんです〜,44608.38,2794
2026-04-01,5e06ead15be87a5edb3a1682,Animals & Coins Adventure Game,4170942.72,1177904
2026-04-01,55c52f2002ac64f9c0002d6c,Best Fiends - Match 3 Puzzles,853041.99,26106
2026-04-01,55c5025102ac64f9c0001f98,Bingo Blitz - Bingo Games,11690547.29,630868
2026-04-01,57d8a413d2d5654b3700adcc,Board Kings: Board Dice Games,275752.78,14834
2026-04-01,55c5061302ac64f9c000211f,Caesars Slots - Casino Games,1985308.83,23458
2026-04-01,5d65daa6ef4c60138afb64a6,Dice Dreams,9819849.01,778550
2026-04-01,674a32c22947b59eda621005,Disney Solitaire,25890857.89,3149980
2026-04-01,637ea0012ade4a0aeafad27b,Domino Dreams,6892247.69,735565
2026-04-01,55c5378102ac64f9c0003015,Governor of Poker 3 Card Games,1746288.78,126546
2026-04-01,53782e84830f782dbe000053,House of Fun: Casino Slots,2857096.5,83474
2026-04-01,688044a2d9b0cdab15f36c85,Jackpot Tour™ 777 Casino Slots,2424.26,2209
2026-04-01,55c509c102ac64f9c0002261,Jelly Splash: Fun Puzzle Game,12502.22,128
2026-04-01,589a7f2d9ed8007709000591,June's Journey: Hidden Objects,8915916.18,362731
2026-04-01,5d57566b3811e924aa0d2f3f,MONOPOLY Poker - Texas Holdem,215921.95,46056
2026-04-01,55d93c3102ac645ad209bbb8,Pearl’s Peril: Hidden Objects,121891.24,6554
2026-04-01,55c5276302ac64f9c0002afc,Pirate Kings™️,326179.64,2038
2026-04-01,55c526af02ac64f9c0002aca,Poker Heat: Texas Holdem Games,207428.39,21354
2026-04-01,5c135cb8249f1f505c245527,Redecor - Home Design Game,669929.69,107598
2026-04-01,55c5020a02ac64f9c0001f66,Slotomania Slots Casino Games,6478096.83,167268
2026-04-01,594990020211a674a00013c6,Solitaire Grand Harvest,7378765.1,368023
2026-04-01,62bef9d6a36ee9688ccb1844,Tiles Of Fortune™️,0,91
2026-04-01,58b397c0b16e673f5100983f,Tropicats: Tropical Match3,24419.09,16
2026-04-01,55dbda2f3c2f626849017d17,Vegas Downtown Slots & Words,153429.94,2444
2026-04-01,55c506cf02ac64f9c000215e,WSOP Poker: Texas Holdem Game,4854235.38,224961
2026-04-01,5789b1e11ca388086d000130,すみっコぐらし 〜パズルをするんです〜,45551.91,2707
