approximate,break_note,bubble_area_high_points2,bubble_area_low_points2,bubble_area_points2,chart_eligible,comparison_note,constraints,country,definition,denominator,derivation,display_period,display_value,geography_basis,industry_scope,iso2,marker_only,method_break,notes,observation_id,observation_period,period,population_basis,preferred,publication_date,publication_vintage,segment_id,series_id,source_id,source_layer,source_locator,source_title,source_url,status,subgroup,trend_eligible,trend_review,unit,url,value,value_high,value_low,value_qualifier,worker_status,year
,Firm database methods differ; comparable activity subset is not a fixed firm panel.,,,765.375,,"Definition close across three editions, but database methodology changed. Plot discrete observations or explicit methodology breaks; no 2019 index.",,United States,,Covered national workforce,40676 + 16921 + 3633 (Developer + Developer/Publisher + Publisher),,,domestic_workplace,Game development and publishing,US,,False,,US_core_2019_US_esa2020_3,2019 active-firm database,,national_estimate,True,,2020,,US_core,US_esa2020,,p9 Table1,Video Games in the 21st Century: 2020 Economic Impact Report,https://www.theesa.com/wp-content/uploads/2024/02/Video-Games-in-the-21st-Century-2020-Economic-Impact-Report-Final.pdf,derived,all,,,jobs,,61230,,,,Company workforce; precise employment-status scope varies,2019
,Firm database methods differ; comparable activity subset is not a fixed firm panel.,,,899.8875,,"Definition close across three editions, but database methodology changed. Plot discrete observations or explicit methodology breaks; no 2019 index.",,United States,,Covered national workforce,35954 + 32282 + 3755 (Developer + Developer/Publisher + Publisher),,,domestic_workplace,Game development and publishing,US,,True,,US_core_2023_US_esa2024_5,2023 industry database,,national_estimate,True,,2024,,US_core,US_esa2024,,p9 Table1,Video Games in the 21st Century: 2024 Economic Impact Report,https://www.theesa.com/wp-content/uploads/2024/02/EIR_ESA_2024.pdf,derived,all,,,jobs,,71991,,,,Company workforce; precise employment-status scope varies,2023
,Firm database methods differ; comparable activity subset is not a fixed firm panel.,,,753.45,,"Definition close across three editions, but database methodology changed. Plot discrete observations or explicit methodology breaks; no 2019 index.",,United States,,Covered national workforce,34070 + 23455 + 2751 (Developer + Developer/Publisher + Publisher),,,domestic_workplace,Game development and publishing,US,,True,,US_core_2025_US_esa2026_7,2025 database; mostly November-December employment,,national_estimate,True,,2026,,US_core,US_esa2026,,p10 Table1,Video Games in the 21st Century: 2026 Economic Impact Report,https://www.theesa.com/wp-content/uploads/2026/04/EIR_2026_FINAL.pdf,derived,all,,,jobs,,60276,,,,Company workforce; precise employment-status scope varies,2025
,,,,443.0625,,Domestic development/publishing. Latest survey frame excludes operating firms with no revenue; when this rule began is unresolved. Index withheld because population-frame continuity is not fully audited.,,South Korea,,Covered industry workforce,,,,domestic_workplace,"PC, mobile, console and arcade-game production/publishing; excludes PC cafes and arcade venues",KR,,False,,KR_core_2015_KR_content2018_0,2015,,national_estimate,True,,KR_content2018,,KR_core,KR_content2018,,"Printed p 187/PDF p 23, table 3-4-13",2018 Content Industry Statistics: game-industry extract,https://welcon.kocca.kr/cmm/fms/CrawlingFileDown.do?atchFileId=FILE_cd8dabeb-4b74-4f37-9b7f-121bfba576ab&fileSn=1,reported,all,,,people,,35445,,,,Source-reported workers; detailed status treatment not specified,2015
,,,,424.7375,,Domestic development/publishing. Latest survey frame excludes operating firms with no revenue; when this rule began is unresolved. Index withheld because population-frame continuity is not fully audited.,,South Korea,,Covered industry workforce,,,,domestic_workplace,"PC, mobile, console and arcade-game production/publishing; excludes PC cafes and arcade venues",KR,,False,,KR_core_2016_KR_white2019_6,2016,,national_estimate,True,,KR_white2019,,KR_core,KR_white2019,,"Printed p 10/PDF p 28, table 5","2019 White Paper on Korean Games, summary",https://welcon.kocca.kr/cmm/fms/CrawlingFileDown.do?atchFileId=FILE_7fde6d3f-d244-4e34-9269-cad836fd20ec&fileSn=1,reported,all,,,people,,33979,,,,Source-reported workers; detailed status treatment not specified,2016
,,,,433.325,,Domestic development/publishing. Latest survey frame excludes operating firms with no revenue; when this rule began is unresolved. Index withheld because population-frame continuity is not fully audited.,,South Korea,,Covered industry workforce,,,,domestic_workplace,"PC, mobile, console and arcade-game production/publishing; excludes PC cafes and arcade venues",KR,,False,"2017 core count revised from 34,665 in 2018 Content Industry Statistics to 34,666 in later White Papers.",KR_core_2017_KR_white2020_12,2017,,national_estimate,True,,KR_white2020,,KR_core,KR_white2020,,"Printed p 12/PDF p 14, table 5","2020 White Paper on Korean Games, English summary",https://welcon.kocca.kr/cmm/fms/CrawlingFileDown.do?atchFileId=FILE_94d12cb2-a33a-4bea-abe6-f0afcf9b349d&fileSn=1,reported,all,,,people,,34666,,,,Source-reported workers; detailed status treatment not specified,2017
,,,,462.9375,,Domestic development/publishing. Latest survey frame excludes operating firms with no revenue; when this rule began is unresolved. Index withheld because population-frame continuity is not fully audited.,,South Korea,,Covered industry workforce,,,,domestic_workplace,"PC, mobile, console and arcade-game production/publishing; excludes PC cafes and arcade venues",KR,,False,,KR_core_2018_KR_white2020_14,2018,,national_estimate,True,,KR_white2020,,KR_core,KR_white2020,,"Printed p 12/PDF p 14, table 5","2020 White Paper on Korean Games, English summary",https://welcon.kocca.kr/cmm/fms/CrawlingFileDown.do?atchFileId=FILE_94d12cb2-a33a-4bea-abe6-f0afcf9b349d&fileSn=1,reported,all,,,people,,37035,,,,Source-reported workers; detailed status treatment not specified,2018
,,,,492.375,,Domestic development/publishing. Latest survey frame excludes operating firms with no revenue; when this rule began is unresolved. Index withheld because population-frame continuity is not fully audited.,,South Korea,,Covered industry workforce,,,,domestic_workplace,"PC, mobile, console and arcade-game production/publishing; excludes PC cafes and arcade venues",KR,,False,,KR_core_2019_KR_white2020_16,2019,,national_estimate,True,,KR_white2020,,KR_core,KR_white2020,,"Printed p 12/PDF p 14, table 5","2020 White Paper on Korean Games, English summary",https://welcon.kocca.kr/cmm/fms/CrawlingFileDown.do?atchFileId=FILE_94d12cb2-a33a-4bea-abe6-f0afcf9b349d&fileSn=1,reported,all,,,people,,39390,,,,Source-reported workers; detailed status treatment not specified,2019
,,,,565.775,,Domestic development/publishing. Latest survey frame excludes operating firms with no revenue; when this rule began is unresolved. Index withheld because population-frame continuity is not fully audited.,,South Korea,,Covered industry workforce,,,,domestic_workplace,"PC, mobile, console and arcade-game production/publishing; excludes PC cafes and arcade venues",KR,,False,,KR_core_2021_KR_white2025_18,2021,,national_estimate,True,2026-05-27,KR_white2025,,KR_core,KR_white2025,,"PDF p 9, table 1-5","2025 White Paper on Korean Games, English summary",https://welcon.kocca.kr/cmm/fms/CrawlingFileDown.do?atchFileId=FILE_d10cac1b-7647-42a3-b7eb-c5330bc2dfd9&fileSn=1,reported,all,,,people,,45262,,,,Source-reported workers; detailed status treatment not specified,2021
,,,,606.425,,Domestic development/publishing. Latest survey frame excludes operating firms with no revenue; when this rule began is unresolved. Index withheld because population-frame continuity is not fully audited.,,South Korea,,Covered industry workforce,,,,domestic_workplace,"PC, mobile, console and arcade-game production/publishing; excludes PC cafes and arcade venues",KR,,False,,KR_core_2022_KR_white2025_20,2022,,national_estimate,True,2026-05-27,KR_white2025,,KR_core,KR_white2025,,"PDF p 9, table 1-5","2025 White Paper on Korean Games, English summary",https://welcon.kocca.kr/cmm/fms/CrawlingFileDown.do?atchFileId=FILE_d10cac1b-7647-42a3-b7eb-c5330bc2dfd9&fileSn=1,reported,all,,,people,,48514,,,,Source-reported workers; detailed status treatment not specified,2022
,,,,647.2875,,Domestic development/publishing. Latest survey frame excludes operating firms with no revenue; when this rule began is unresolved. Index withheld because population-frame continuity is not fully audited.,,South Korea,,Covered industry workforce,,,,domestic_workplace,"PC, mobile, console and arcade-game production/publishing; excludes PC cafes and arcade venues",KR,,False,,KR_core_2023_KR_white2025_22,2023,,national_estimate,True,2026-05-27,KR_white2025,,KR_core,KR_white2025,,"PDF p 9, table 1-5","2025 White Paper on Korean Games, English summary",https://welcon.kocca.kr/cmm/fms/CrawlingFileDown.do?atchFileId=FILE_d10cac1b-7647-42a3-b7eb-c5330bc2dfd9&fileSn=1,reported,all,,,people,,51783,,,,Source-reported workers; detailed status treatment not specified,2023
,,,,678.5625,,Domestic development/publishing. Latest survey frame excludes operating firms with no revenue; when this rule began is unresolved. Index withheld because population-frame continuity is not fully audited.,,South Korea,,Covered industry workforce,,,,domestic_workplace,"PC, mobile, console and arcade-game production/publishing; excludes PC cafes and arcade venues",KR,,False,,KR_core_2024_KR_white2025_24,2024,,national_estimate,True,2026-05-27,KR_white2025,,KR_core,KR_white2025,,"PDF p 9, table 1-5","2025 White Paper on Korean Games, English summary",https://welcon.kocca.kr/cmm/fms/CrawlingFileDown.do?atchFileId=FILE_d10cac1b-7647-42a3-b7eb-c5330bc2dfd9&fileSn=1,reported,all,,,people,,54285,,,,Source-reported workers; detailed status treatment not specified,2024
,,,,553.875,,Domestic development/publishing. Latest survey frame excludes operating firms with no revenue; when this rule began is unresolved. Index withheld because population-frame continuity is not fully audited.,,South Korea,,Covered industry workforce,,,,domestic_workplace,"PC, mobile, console and arcade-game production/publishing; excludes PC cafes and arcade venues",KR,,False,,KR_core_2020_KR_white2021,2020,,national_estimate,True,,2021 White Paper,,KR_core,KR_white2021,,"Printed p 11/PDF p 13, table 5","2021 White Paper on Korean Games, English summary",https://welcon.kocca.kr/cmm/fms/CrawlingFileDown.do?atchFileId=FILE_573eeddc-9abe-4bfc-8377-a5614989a5b8&fileSn=1,reported,all,,,people,,44310,,,,Source-reported workers; detailed status treatment not specified,2020
,,,,206.65,,"Development workforce incl contractors, without FTE prorating. Snapshot dates; no FTE or DCMS joins.",,United Kingdom,,Covered national workforce,,,,domestic_workplace,"UK studios, publishers, publisher studios, development-service companies and games divisions of broadcasters",GB,,False,,GB_tiga_people_2018_GB_tiga2020_6,November 2018,,national_estimate,True,2020-10-19,2020,GB_tiga_people,GB_tiga_people,GB_tiga2020,,Workforce including freelancers bullet,Making Games in the UK 2020: public research release,https://tiga.org/news/tiga-research-reveals-uk-video-games-industry-has-been-expanding-at-fastest-rate-ever-recorded,estimated,all,,,people,,16532,,,,Full-time development workers and counted freelancers,2018
,,,,228.4875,,"Development workforce incl contractors, without FTE prorating. Snapshot dates; no FTE or DCMS joins.",,United Kingdom,,Covered national workforce,,,,domestic_workplace,"UK studios, publishers, publisher studios, development-service companies and games divisions of broadcasters",GB,,False,,GB_tiga_people_2020_GB_tiga2020_7,April 2020,,national_estimate,True,2020-10-19,2020,GB_tiga_people,GB_tiga_people,GB_tiga2020,,Workforce including freelancers bullet,Making Games in the UK 2020: public research release,https://tiga.org/news/tiga-research-reveals-uk-video-games-industry-has-been-expanding-at-fastest-rate-ever-recorded,estimated,all,,,people,,18279,,,,Full-time development workers and counted freelancers,2020
,,,,312.825,,"Development workforce incl contractors, without FTE prorating. Snapshot dates; no FTE or DCMS joins.",,United Kingdom,,Covered national workforce,,,,domestic_workplace,"UK studios, publishers, publisher studios, development-service companies and games divisions of broadcasters",GB,,False,,GB_tiga_people_2023_GB_tiga2023_8,April 2023,,national_estimate,True,2023-08-30,2023,GB_tiga_people,GB_tiga_people,GB_tiga2023,,Workforce including freelancers bullet,Making Games in the UK 2023: public research release,https://tiga.org/news/studio-numbers-employment-rise-in-uk-video-games-industry-new-tiga-research,estimated,all,,,people,,25026,,,,Full-time development workers and counted freelancers,2023
,,,,356.45,,"Development workforce incl contractors, without FTE prorating. Snapshot dates; no FTE or DCMS joins.",,United Kingdom,,Covered national workforce,,,,domestic_workplace,"UK studios, publishers, publisher studios, development-service companies and games divisions of broadcasters",GB,,False,,GB_tiga_people_2024_GB_tiga2024_9,May 2024,,national_estimate,True,2024-11-06,2024,GB_tiga_people,GB_tiga_people,GB_tiga2024,,Workforce including freelancers bullet,"WEATHERING THE STORM: TIGA research reveals UK games dev sector continues to grow, despite global sector downturn",https://tiga.org/news/weathering-the-storm-tiga-research-reveals-uk-games-dev-sector-continues-to-grow-despite-global-sector-downturn,estimated,all,,,people,,28516,,,,Full-time development workers and counted freelancers,2024
,,,,341.8375,,"Development workforce incl contractors, without FTE prorating. Snapshot dates; no FTE or DCMS joins.",,United Kingdom,,Covered national workforce,,,,domestic_workplace,"UK studios, publishers, publisher studios, development-service companies and games divisions of broadcasters",GB,,False,,GB_tiga_people_2025_GB_tiga2025_10,September 2025,,national_estimate,True,2026-03-24,2026-03-24 release; September 2025 survey,GB_tiga_people,GB_tiga_people,GB_tiga2025,,Workforce including freelancers bullet,UK games dev sector suffers sharpest recorded decline as TIGA calls on Government to boost Video Games Expenditure Credit,https://tiga.org/news/uk-games-dev-sector-suffers-sharpest-recorded-decline-as-tiga-calls-on-government-to-boost-video-games-expenditure-credit,estimated,all,,,people,,27347,,,,Full-time development workers and counted freelancers,2025
,,,,151.375,,"Studio counting changed in 2025; the publisher says this is the only methodological shift. Workforce data can also be corrected as source coverage improves. Chart is an estimated industry workforce series, not a payroll census.",,Poland,,Covered industry workforce,,,,domestic_workplace,Actual game production including external development; excludes auxiliary service-only player support/localisation,PL,,False,,PL_core_workforce_2021_PL_parp2021_0,2021 current report estimate,,national_estimate,True,,PL_parp2021,,PL_core_workforce,PL_parp2021,,printedp 8,The Game Industry of Poland – Report 2021,https://www.parp.gov.pl/storage/publications/pdf/GIofP_2021_FINAL.pdf,estimated,all,,,people,,12110,,,,"Game-production people in developers, publishers and external development studios; individual B 2 B/owner split unknown",2021
,,,,191.125,,"Studio counting changed in 2025; the publisher says this is the only methodological shift. Workforce data can also be corrected as source coverage improves. Chart is an estimated industry workforce series, not a payroll census.",,Poland,,Covered industry workforce,,,,domestic_workplace,Actual game production including external development; excludes auxiliary service-only player support/localisation,PL,,False,,PL_core_workforce_2023_PL_parp2023_1,2023 current report estimate; studio frameMay 2023,,national_estimate,True,,PL_parp2023,,PL_core_workforce,PL_parp2023,,printedp 9,The Game Industry of Poland – Report 2023,https://www.parp.gov.pl/storage/publications/pdf/The_Game_Industry_Poland_2023_12_07.pdf,estimated,all,,,people,,15290,,,,"Game-production people in developers, publishers and external development studios; individual B 2 B/owner split unknown",2023
,"Publisher identifies the methodological shift as studio counting, not workforce definition; employment data may be revised with improved data.",,,182.1,,"Studio counting changed in 2025; the publisher says this is the only methodological shift. Workforce data can also be corrected as source coverage improves. Chart is an estimated industry workforce series, not a payroll census.",,Poland,,Covered industry workforce,,,,domestic_workplace,Actual game production including external development; excludes auxiliary service-only player support/localisation,PL,,False,,PL_core_workforce_2025_PL_parp2025_2,2025 current report estimate; studio frameOctober 2025,,national_estimate,True,,PL_parp2025,,PL_core_workforce,PL_parp2025,,printedp 18 Table 1,The Game Industry of Poland – Report 2025,https://www.parp.gov.pl/storage/publications/pdf/The_Game_Industry_Poland_2025_12_29.pdf,estimated,all,,,people,,14568,,,,"Game-production people in developers, publishers and external development studios; individual B 2 B/owner split unknown",2025
,,,,52.925,,"Discrete survey estimates with changing mapped coverage and respondent composition. 2018 historical chart contradicts table; use table 4,234 confirmed in 2022 and 2023. Not FTE or payroll-only national employment.",,Brazil,,Covered national workforce,,,,unknown,"Brazilian digital-game developers, including own games, work-for-hire/co-development and serious games; formal and non-formal firms",BR,,False,Table value preferred over inconsistent historical graphic.,BR_developer_people_2018_BR_survey2022_0,2018 current-workforce survey estimate,,national_estimate,True,,2022,,BR_developer_people,BR_survey2022,,p54 Table5,Pesquisa da indústria brasileira de games 2022,https://www.abragames.org/uploads/5/6/8/0/56805537/abragames-pt.pdf,estimated,all,,,people,,4234,,,,Partners/founders and collaborators at formal and non-formal developers,2018
,Long interval; mapped universe/respondent coverage changed markedly.,,,155.5125,,"Discrete survey estimates with changing mapped coverage and respondent composition. 2018 historical chart contradicts table; use table 4,234 confirmed in 2022 and 2023. Not FTE or payroll-only national employment.",,Brazil,,Covered national workforce,,,,unknown,"Brazilian digital-game developers, including own games, work-for-hire/co-development and serious games; formal and non-formal firms",BR,,True,Not the prior fiscal-year revenue reference period.,BR_developer_people_2022_BR_survey2022_1,2022 current-workforce survey estimate,,national_estimate,True,,2022,,BR_developer_people,BR_survey2022,,p54 Table5; p55 Figure17,Pesquisa da indústria brasileira de games 2022,https://www.abragames.org/uploads/5/6/8/0/56805537/abragames-pt.pdf,estimated,all,,,people,,12441,,,,Partners/founders and collaborators at formal and non-formal developers,2022
,,,,165.3125,,"Discrete survey estimates with changing mapped coverage and respondent composition. 2018 historical chart contradicts table; use table 4,234 confirmed in 2022 and 2023. Not FTE or payroll-only national employment.",,Brazil,,Covered national workforce,,,,unknown,"Brazilian digital-game developers, including own games, work-for-hire/co-development and serious games; formal and non-formal firms",BR,,False,Not the prior fiscal-year revenue reference period.,BR_developer_people_2023_BR_survey2023_2,2023 current-workforce survey estimate,,national_estimate,True,,2023,,BR_developer_people,BR_survey2023,,p52 Table7; p53 explanatory text,Brazilian Gaming Industry Survey 2023,https://brazilgames.org/wp-content/uploads/2025/03/2023-relatorio-final-v4.3.3-ENG.pdf,estimated,all,,,people,,13225,,,,Partners/founders and collaborators at formal and non-formal developers,2023
,,,,159.075,,Core market only. Snapshot year differs from financial observation-year series abroad. Persistent gamesmap concept; underlying population evolves.,,Germany,,Covered industry workforce,,,,domestic_workplace,Core game developers and publishers in Germany,DE,,False,Current 2025 data collected May 2025; historical chart retains original observation years.,DE_core_2015_DE_game2018_0,2015 association snapshot,,national_estimate,True,2018-08-02,DE_game2018,,DE_core,DE_game2018,,2018 chart,Beschäftigte in der deutschen Gamesbranche 2015–2018,https://www.game.de/marktdaten/beschaeftigte-in-der-deutschen-gamesbranche-2015-2018/,estimated,all,,,people,,12726,,,,Employees; freelance and unpaid-owner treatment unspecified,2015
,,,,160.4875,,Core market only. Snapshot year differs from financial observation-year series abroad. Persistent gamesmap concept; underlying population evolves.,,Germany,,Covered industry workforce,,,,domestic_workplace,Core game developers and publishers in Germany,DE,,False,Current 2025 data collected May 2025; historical chart retains original observation years.,DE_core_2016_DE_game2018_1,2016 association snapshot,,national_estimate,True,2018-08-02,DE_game2018,,DE_core,DE_game2018,,2018 chart,Beschäftigte in der deutschen Gamesbranche 2015–2018,https://www.game.de/marktdaten/beschaeftigte-in-der-deutschen-gamesbranche-2015-2018/,estimated,all,,,people,,12839,,,,Employees; freelance and unpaid-owner treatment unspecified,2016
,,,,139.25,,Core market only. Snapshot year differs from financial observation-year series abroad. Persistent gamesmap concept; underlying population evolves.,,Germany,,Covered industry workforce,,,,domestic_workplace,Core game developers and publishers in Germany,DE,,False,Current 2025 data collected May 2025; historical chart retains original observation years.,DE_core_2017_DE_game2018_2,2017 association snapshot,,national_estimate,True,2018-08-02,DE_game2018,,DE_core,DE_game2018,,2018 chart,Beschäftigte in der deutschen Gamesbranche 2015–2018,https://www.game.de/marktdaten/beschaeftigte-in-der-deutschen-gamesbranche-2015-2018/,estimated,all,,,people,,11140,,,,Employees; freelance and unpaid-owner treatment unspecified,2017
,,,,146.3125,,Core market only. Snapshot year differs from financial observation-year series abroad. Persistent gamesmap concept; underlying population evolves.,,Germany,,Covered industry workforce,,,,domestic_workplace,Core game developers and publishers in Germany,DE,,False,Current 2025 data collected May 2025; historical chart retains original observation years.,DE_core_2018_DE_game2018_3,2018 association snapshot,,national_estimate,True,2018-08-02,DE_game2018,,DE_core,DE_game2018,,2018 chart,Beschäftigte in der deutschen Gamesbranche 2015–2018,https://www.game.de/marktdaten/beschaeftigte-in-der-deutschen-gamesbranche-2015-2018/,estimated,all,,,people,,11705,,,,Employees; freelance and unpaid-owner treatment unspecified,2018
,,,,137.675,,Core market only. Snapshot year differs from financial observation-year series abroad. Persistent gamesmap concept; underlying population evolves.,,Germany,,Covered industry workforce,,,,domestic_workplace,Core game developers and publishers in Germany,DE,,False,Current 2025 data collected May 2025; historical chart retains original observation years.,DE_core_2019_DE_game2019_4,2019 association snapshot,,national_estimate,True,,DE_game2019,,DE_core,DE_game2019,,printedp 24,Jahresreport 2019,https://www.game.de/wp-content/uploads/2018/08/game-Jahresreport-2019_web.pdf,estimated,all,,,people,,11014,,,,Employees; freelance and unpaid-owner treatment unspecified,2019
,,,,125.8875,,Core market only. Snapshot year differs from financial observation-year series abroad. Persistent gamesmap concept; underlying population evolves.,,Germany,,Covered industry workforce,,,,domestic_workplace,Core game developers and publishers in Germany,DE,,False,Current 2025 data collected May 2025; historical chart retains original observation years.,DE_core_2020_DE_game2025_5,2020 association snapshot,,national_estimate,True,,DE_game2025,,DE_core,DE_game2025,,printedpp 28–29 employment chart,Annual report of the German games industry 2025,https://www.game.de/wp-content/uploads/2025/08/Annual-report-of-the-German-games-industry-2025-1.pdf,estimated,all,,,people,,10071,,,,Employees; freelance and unpaid-owner treatment unspecified,2020
,,,,136.325,,Core market only. Snapshot year differs from financial observation-year series abroad. Persistent gamesmap concept; underlying population evolves.,,Germany,,Covered industry workforce,,,,domestic_workplace,Core game developers and publishers in Germany,DE,,False,Current 2025 data collected May 2025; historical chart retains original observation years.,DE_core_2021_DE_game2025_6,2021 association snapshot,,national_estimate,True,,DE_game2025,,DE_core,DE_game2025,,printedpp 28–29 employment chart,Annual report of the German games industry 2025,https://www.game.de/wp-content/uploads/2025/08/Annual-report-of-the-German-games-industry-2025-1.pdf,estimated,all,,,people,,10906,,,,Employees; freelance and unpaid-owner treatment unspecified,2021
,,,,140.525,,Core market only. Snapshot year differs from financial observation-year series abroad. Persistent gamesmap concept; underlying population evolves.,,Germany,,Covered industry workforce,,,,domestic_workplace,Core game developers and publishers in Germany,DE,,False,Current 2025 data collected May 2025; historical chart retains original observation years.,DE_core_2022_DE_game2025_7,2022 association snapshot,,national_estimate,True,,DE_game2025,,DE_core,DE_game2025,,printedpp 28–29 employment chart,Annual report of the German games industry 2025,https://www.game.de/wp-content/uploads/2025/08/Annual-report-of-the-German-games-industry-2025-1.pdf,estimated,all,,,people,,11242,,,,Employees; freelance and unpaid-owner treatment unspecified,2022
,,,,149.9,,Core market only. Snapshot year differs from financial observation-year series abroad. Persistent gamesmap concept; underlying population evolves.,,Germany,,Covered industry workforce,,,,domestic_workplace,Core game developers and publishers in Germany,DE,,False,Current 2025 data collected May 2025; historical chart retains original observation years.,DE_core_2023_DE_game2025_8,2023 association snapshot,,national_estimate,True,,DE_game2025,,DE_core,DE_game2025,,printedpp 28–29 employment chart,Annual report of the German games industry 2025,https://www.game.de/wp-content/uploads/2025/08/Annual-report-of-the-German-games-industry-2025-1.pdf,estimated,all,,,people,,11992,,,,Employees; freelance and unpaid-owner treatment unspecified,2023
,,,,155.1,,Core market only. Snapshot year differs from financial observation-year series abroad. Persistent gamesmap concept; underlying population evolves.,,Germany,,Covered industry workforce,,,,domestic_workplace,Core game developers and publishers in Germany,DE,,False,Current 2025 data collected May 2025; historical chart retains original observation years.,DE_core_2024_DE_game2025_9,2024 association snapshot,,national_estimate,True,,DE_game2025,,DE_core,DE_game2025,,printedpp 28–29 employment chart,Annual report of the German games industry 2025,https://www.game.de/wp-content/uploads/2025/08/Annual-report-of-the-German-games-industry-2025-1.pdf,estimated,all,,,people,,12408,,,,Employees; freelance and unpaid-owner treatment unspecified,2024
,,,,151.675,,Core market only. Snapshot year differs from financial observation-year series abroad. Persistent gamesmap concept; underlying population evolves.,,Germany,,Covered industry workforce,,,,domestic_workplace,Core game developers and publishers in Germany,DE,,False,Current 2025 data collected May 2025; historical chart retains original observation years.,DE_core_2025_DE_game2025_10,2025 association snapshot,,national_estimate,True,,DE_game2025,,DE_core,DE_game2025,,printedpp 28–29 employment chart,Annual report of the German games industry 2025,https://www.game.de/wp-content/uploads/2025/08/Annual-report-of-the-German-games-industry-2025-1.pdf,estimated,all,,,people,,12134,,,,Employees; freelance and unpaid-owner treatment unspecified,2025
,,,,55.75,,DEV direct development employment. Historical chart matches overlapping original values; changing annual survey coverage. Excludes freelance/indirect totals and forecasts.,,Spain,,Covered industry workforce,,,,domestic_workplace,Active Spanish game-development companies including outsourcing/codesvelopment and other studio activities,ES,,False,"Source-reported actual estimate, not the adjacent forecast",ES_direct_2015_ES_dev2023_0,2015,,national_estimate,True,,ES_dev2023,ES_direct_reviewed,ES_direct,ES_dev2023,,p 31 Figure 16,Libro Blanco 2023,https://www.oficinamediaespana.eu/images/media_europa/2023_libro_blanco_dev_digital_media.pdf,estimated,all,,,people,,4460,,,,Direct workers; external freelance collaborators reported separately,2015
,,,,68.0,,DEV direct development employment. Historical chart matches overlapping original values; changing annual survey coverage. Excludes freelance/indirect totals and forecasts.,,Spain,,Covered industry workforce,,,,domestic_workplace,Active Spanish game-development companies including outsourcing/codesvelopment and other studio activities,ES,,False,"Source-reported actual estimate, not the adjacent forecast",ES_direct_2016_ES_dev2023_1,2016,,national_estimate,True,,ES_dev2023,ES_direct_reviewed,ES_direct,ES_dev2023,,p 31 Figure 16,Libro Blanco 2023,https://www.oficinamediaespana.eu/images/media_europa/2023_libro_blanco_dev_digital_media.pdf,estimated,all,,,people,,5440,,,,Direct workers; external freelance collaborators reported separately,2016
,,,,79.2125,,DEV direct development employment. Historical chart matches overlapping original values; changing annual survey coverage. Excludes freelance/indirect totals and forecasts.,,Spain,,Covered industry workforce,,,,domestic_workplace,Active Spanish game-development companies including outsourcing/codesvelopment and other studio activities,ES,,False,"Source-reported actual estimate, not the adjacent forecast",ES_direct_2017_ES_dev2023_2,2017,,national_estimate,True,,ES_dev2023,ES_direct_reviewed,ES_direct,ES_dev2023,,p 31 Figure 16,Libro Blanco 2023,https://www.oficinamediaespana.eu/images/media_europa/2023_libro_blanco_dev_digital_media.pdf,estimated,all,,,people,,6337,,,,Direct workers; external freelance collaborators reported separately,2017
,,,,86.25,,DEV direct development employment. Historical chart matches overlapping original values; changing annual survey coverage. Excludes freelance/indirect totals and forecasts.,,Spain,,Covered industry workforce,,,,domestic_workplace,Active Spanish game-development companies including outsourcing/codesvelopment and other studio activities,ES,,False,"Source-reported actual estimate, not the adjacent forecast",ES_direct_2018_ES_dev2023_3,2018,,national_estimate,True,,ES_dev2023,ES_direct_reviewed,ES_direct,ES_dev2023,,p 31 Figure 16,Libro Blanco 2023,https://www.oficinamediaespana.eu/images/media_europa/2023_libro_blanco_dev_digital_media.pdf,estimated,all,,,people,,6900,,,,Direct workers; external freelance collaborators reported separately,2018
,,,,91.5,,DEV direct development employment. Historical chart matches overlapping original values; changing annual survey coverage. Excludes freelance/indirect totals and forecasts.,,Spain,,Covered industry workforce,,,,domestic_workplace,Active Spanish game-development companies including outsourcing/codesvelopment and other studio activities,ES,,False,"Source-reported actual estimate, not the adjacent forecast",ES_direct_2019_ES_dev2023_4,2019,,national_estimate,True,,ES_dev2023,ES_direct_reviewed,ES_direct,ES_dev2023,,p 31 Figure 16,Libro Blanco 2023,https://www.oficinamediaespana.eu/images/media_europa/2023_libro_blanco_dev_digital_media.pdf,estimated,all,,,people,,7320,,,,Direct workers; external freelance collaborators reported separately,2019
,,,,100.325,,DEV direct development employment. Historical chart matches overlapping original values; changing annual survey coverage. Excludes freelance/indirect totals and forecasts.,,Spain,,Covered industry workforce,,,,domestic_workplace,Active Spanish game-development companies including outsourcing/codesvelopment and other studio activities,ES,,False,"Source-reported actual estimate, not the adjacent forecast",ES_direct_2020_ES_dev2025_5,2020,,national_estimate,True,2026-07-07,ES_dev2025,ES_direct_reviewed,ES_direct,ES_dev2025,,p 35 actual-history chart,Libro Blanco 2025,https://dev.org.es/wp-content/uploads/2026/07/2025_LIBRO_BLANCO_DEV.pdf,estimated,all,,,people,,8026,,,,Direct workers; external freelance collaborators reported separately,2020
,,,,110.4125,,DEV direct development employment. Historical chart matches overlapping original values; changing annual survey coverage. Excludes freelance/indirect totals and forecasts.,,Spain,,Covered industry workforce,,,,domestic_workplace,Active Spanish game-development companies including outsourcing/codesvelopment and other studio activities,ES,,False,"Source-reported actual estimate, not the adjacent forecast",ES_direct_2021_ES_dev2025_6,2021,,national_estimate,True,2026-07-07,ES_dev2025,ES_direct_reviewed,ES_direct,ES_dev2025,,p 35 actual-history chart,Libro Blanco 2025,https://dev.org.es/wp-content/uploads/2026/07/2025_LIBRO_BLANCO_DEV.pdf,estimated,all,,,people,,8833,,,,Direct workers; external freelance collaborators reported separately,2021
,,,,115.7625,,DEV direct development employment. Historical chart matches overlapping original values; changing annual survey coverage. Excludes freelance/indirect totals and forecasts.,,Spain,,Covered industry workforce,,,,domestic_workplace,Active Spanish game-development companies including outsourcing/codesvelopment and other studio activities,ES,,False,"Source-reported actual estimate, not the adjacent forecast",ES_direct_2022_ES_dev2025_7,2022,,national_estimate,True,2026-07-07,ES_dev2025,ES_direct_reviewed,ES_direct,ES_dev2025,,p 35 actual-history chart,Libro Blanco 2025,https://dev.org.es/wp-content/uploads/2026/07/2025_LIBRO_BLANCO_DEV.pdf,estimated,all,,,people,,9261,,,,Direct workers; external freelance collaborators reported separately,2022
,,,,128.2375,,DEV direct development employment. Historical chart matches overlapping original values; changing annual survey coverage. Excludes freelance/indirect totals and forecasts.,,Spain,,Covered industry workforce,,,,domestic_workplace,Active Spanish game-development companies including outsourcing/codesvelopment and other studio activities,ES,,False,"Source-reported actual estimate, not the adjacent forecast",ES_direct_2023_ES_dev2025_8,2023,,national_estimate,True,2026-07-07,ES_dev2025,ES_direct_reviewed,ES_direct,ES_dev2025,,p 35 actual-history chart,Libro Blanco 2025,https://dev.org.es/wp-content/uploads/2026/07/2025_LIBRO_BLANCO_DEV.pdf,estimated,all,,,people,,10259,,,,Direct workers; external freelance collaborators reported separately,2023
,,,,131.35,,DEV direct development employment. Historical chart matches overlapping original values; changing annual survey coverage. Excludes freelance/indirect totals and forecasts.,,Spain,,Covered industry workforce,,,,domestic_workplace,Active Spanish game-development companies including outsourcing/codesvelopment and other studio activities,ES,,False,"Source-reported actual estimate, not the adjacent forecast",ES_direct_2024_ES_dev2025_9,2024,,national_estimate,True,2026-07-07,ES_dev2025,ES_direct_reviewed,ES_direct,ES_dev2025,,p 35 actual-history chart,Libro Blanco 2025,https://dev.org.es/wp-content/uploads/2026/07/2025_LIBRO_BLANCO_DEV.pdf,estimated,all,,,people,,10508,,,,Direct workers; external freelance collaborators reported separately,2024
,,,,83.75,,Domestic direct employee FTE. Games-specificp 54 exclusion of independent workers overrides the generic appendix discussion of non-salaried work. Preferred annual chart retains the consistent roundedp 56 series; exactp 54 endpoints 6674 and 9944 are separately preserved nonpreferred. No splice with older EY editions.,,France,,Direct employee FTE in the defined French games sector; independent workers excluded,Source thousands of FTE ×1000,,,domestic_workplace,"Video-game publishers, developers and technology suppliers; excludes console/accessory manufacturing, local associations and esports organisations. Measured using EY weighted industry-code allocations.",FR,,False,"Published in thousands to one decimal; multiplied by 1000 solely for unit display, not FTE conversion.",FR_ey_direct_fte_2019_FR_ey2025_0,2019,,national_estimate,True,,FR_ey2025,,FR_ey_direct_fte,FR_ey2025,,printedp 56 employment chart,Panorama des Industries Culturelles et Créatives 2025,https://www.artcena.fr/sites/default/files/medias/rapport-panorama-industries-culturelles-creatives-2025.pdf,estimated,all,,,FTE,,6700,,,,Employee FTE; independent workers explicitly excluded by the games-sector definition on printedp 54. Salaried owner treatment is not separately described.,2019
,,,,121.25,,Domestic direct employee FTE. Games-specificp 54 exclusion of independent workers overrides the generic appendix discussion of non-salaried work. Preferred annual chart retains the consistent roundedp 56 series; exactp 54 endpoints 6674 and 9944 are separately preserved nonpreferred. No splice with older EY editions.,,France,,Direct employee FTE in the defined French games sector; independent workers excluded,Source thousands of FTE ×1000,,,domestic_workplace,"Video-game publishers, developers and technology suppliers; excludes console/accessory manufacturing, local associations and esports organisations. Measured using EY weighted industry-code allocations.",FR,,False,"Published in thousands to one decimal; multiplied by 1000 solely for unit display, not FTE conversion.",FR_ey_direct_fte_2020_FR_ey2025_1,2020,,national_estimate,True,,FR_ey2025,,FR_ey_direct_fte,FR_ey2025,,printedp 56 employment chart,Panorama des Industries Culturelles et Créatives 2025,https://www.artcena.fr/sites/default/files/medias/rapport-panorama-industries-culturelles-creatives-2025.pdf,estimated,all,,,FTE,,9700,,,,Employee FTE; independent workers explicitly excluded by the games-sector definition on printedp 54. Salaried owner treatment is not separately described.,2020
,,,,127.5,,Domestic direct employee FTE. Games-specificp 54 exclusion of independent workers overrides the generic appendix discussion of non-salaried work. Preferred annual chart retains the consistent roundedp 56 series; exactp 54 endpoints 6674 and 9944 are separately preserved nonpreferred. No splice with older EY editions.,,France,,Direct employee FTE in the defined French games sector; independent workers excluded,Source thousands of FTE ×1000,,,domestic_workplace,"Video-game publishers, developers and technology suppliers; excludes console/accessory manufacturing, local associations and esports organisations. Measured using EY weighted industry-code allocations.",FR,,False,"Published in thousands to one decimal; multiplied by 1000 solely for unit display, not FTE conversion.",FR_ey_direct_fte_2021_FR_ey2025_2,2021,,national_estimate,True,,FR_ey2025,,FR_ey_direct_fte,FR_ey2025,,printedp 56 employment chart,Panorama des Industries Culturelles et Créatives 2025,https://www.artcena.fr/sites/default/files/medias/rapport-panorama-industries-culturelles-creatives-2025.pdf,estimated,all,,,FTE,,10200,,,,Employee FTE; independent workers explicitly excluded by the games-sector definition on printedp 54. Salaried owner treatment is not separately described.,2021
,,,,141.25,,Domestic direct employee FTE. Games-specificp 54 exclusion of independent workers overrides the generic appendix discussion of non-salaried work. Preferred annual chart retains the consistent roundedp 56 series; exactp 54 endpoints 6674 and 9944 are separately preserved nonpreferred. No splice with older EY editions.,,France,,Direct employee FTE in the defined French games sector; independent workers excluded,Source thousands of FTE ×1000,,,domestic_workplace,"Video-game publishers, developers and technology suppliers; excludes console/accessory manufacturing, local associations and esports organisations. Measured using EY weighted industry-code allocations.",FR,,False,"Published in thousands to one decimal; multiplied by 1000 solely for unit display, not FTE conversion.",FR_ey_direct_fte_2022_FR_ey2025_3,2022,,national_estimate,True,,FR_ey2025,,FR_ey_direct_fte,FR_ey2025,,printedp 56 employment chart,Panorama des Industries Culturelles et Créatives 2025,https://www.artcena.fr/sites/default/files/medias/rapport-panorama-industries-culturelles-creatives-2025.pdf,estimated,all,,,FTE,,11300,,,,Employee FTE; independent workers explicitly excluded by the games-sector definition on printedp 54. Salaried owner treatment is not separately described.,2022
,,,,133.75,,Domestic direct employee FTE. Games-specificp 54 exclusion of independent workers overrides the generic appendix discussion of non-salaried work. Preferred annual chart retains the consistent roundedp 56 series; exactp 54 endpoints 6674 and 9944 are separately preserved nonpreferred. No splice with older EY editions.,,France,,Direct employee FTE in the defined French games sector; independent workers excluded,Source thousands of FTE ×1000,,,domestic_workplace,"Video-game publishers, developers and technology suppliers; excludes console/accessory manufacturing, local associations and esports organisations. Measured using EY weighted industry-code allocations.",FR,,False,"Published in thousands to one decimal; multiplied by 1000 solely for unit display, not FTE conversion.",FR_ey_direct_fte_2023_FR_ey2025_4,2023,,national_estimate,True,,FR_ey2025,,FR_ey_direct_fte,FR_ey2025,,printedp 56 employment chart,Panorama des Industries Culturelles et Créatives 2025,https://www.artcena.fr/sites/default/files/medias/rapport-panorama-industries-culturelles-creatives-2025.pdf,estimated,all,,,FTE,,10700,,,,Employee FTE; independent workers explicitly excluded by the games-sector definition on printedp 54. Salaried owner treatment is not separately described.,2023
,,,,123.75,,Domestic direct employee FTE. Games-specificp 54 exclusion of independent workers overrides the generic appendix discussion of non-salaried work. Preferred annual chart retains the consistent roundedp 56 series; exactp 54 endpoints 6674 and 9944 are separately preserved nonpreferred. No splice with older EY editions.,,France,,Direct employee FTE in the defined French games sector; independent workers excluded,Source thousands of FTE ×1000,,,domestic_workplace,"Video-game publishers, developers and technology suppliers; excludes console/accessory manufacturing, local associations and esports organisations. Measured using EY weighted industry-code allocations.",FR,,False,"Published in thousands to one decimal; multiplied by 1000 solely for unit display, not FTE conversion.",FR_ey_direct_fte_2024_FR_ey2025_5,2024,,national_estimate,True,,FR_ey2025,,FR_ey_direct_fte,FR_ey2025,,printedp 56 employment chart,Panorama des Industries Culturelles et Créatives 2025,https://www.artcena.fr/sites/default/files/medias/rapport-panorama-industries-culturelles-creatives-2025.pdf,estimated,all,,,FTE,,9900,,,,Employee FTE; independent workers explicitly excluded by the games-sector definition on printedp 54. Salaried owner treatment is not separately described.,2024
,,,,42.9875,,"Domestic series, distinct from overseas subsidiaries. 2024 sample excludes approximately 40 positions at firms bankrupt in 2025. King uses 2023 accounts. No conversion to year-end people.",,Sweden,,Covered industry workforce,,,,domestic_workplace,"Developers, publishers and game-specialist subcontracting companies, primarily limited companies",SE,,False,2025 report retrospective series,SE_domestic_2015_SE_gdi2025_0,2015 annual average,,administrative_population,True,,SE_gdi2025,,SE_domestic,SE_gdi2025,,p 18 chart,Game Developer Index 2025,https://static1.squarespace.com/static/5a61edb7a803bb7a65252b2d/t/693689ed99d1c01715824468/1765181933680/Game-Developer-Index-2025-ENG-WEB.pdf,reported,all,,,annual_average_full_time_positions,,3439,,,,Salaried employees and owners receiving salary or benefits; unpaid owners/dividend-only owners excluded,2015
,,,,46.875,,"Domestic series, distinct from overseas subsidiaries. 2024 sample excludes approximately 40 positions at firms bankrupt in 2025. King uses 2023 accounts. No conversion to year-end people.",,Sweden,,Covered industry workforce,,,,domestic_workplace,"Developers, publishers and game-specialist subcontracting companies, primarily limited companies",SE,,False,2025 report retrospective series,SE_domestic_2016_SE_gdi2025_1,2016 annual average,,administrative_population,True,,SE_gdi2025,,SE_domestic,SE_gdi2025,,p 18 chart,Game Developer Index 2025,https://static1.squarespace.com/static/5a61edb7a803bb7a65252b2d/t/693689ed99d1c01715824468/1765181933680/Game-Developer-Index-2025-ENG-WEB.pdf,reported,all,,,annual_average_full_time_positions,,3750,,,,Salaried employees and owners receiving salary or benefits; unpaid owners/dividend-only owners excluded,2016
,,,,58.375,,"Domestic series, distinct from overseas subsidiaries. 2024 sample excludes approximately 40 positions at firms bankrupt in 2025. King uses 2023 accounts. No conversion to year-end people.",,Sweden,,Covered industry workforce,,,,domestic_workplace,"Developers, publishers and game-specialist subcontracting companies, primarily limited companies",SE,,False,2025 report retrospective series,SE_domestic_2017_SE_gdi2025_2,2017 annual average,,administrative_population,True,,SE_gdi2025,,SE_domestic,SE_gdi2025,,p 18 chart,Game Developer Index 2025,https://static1.squarespace.com/static/5a61edb7a803bb7a65252b2d/t/693689ed99d1c01715824468/1765181933680/Game-Developer-Index-2025-ENG-WEB.pdf,reported,all,,,annual_average_full_time_positions,,4670,,,,Salaried employees and owners receiving salary or benefits; unpaid owners/dividend-only owners excluded,2017
,,,,66.5,,"Domestic series, distinct from overseas subsidiaries. 2024 sample excludes approximately 40 positions at firms bankrupt in 2025. King uses 2023 accounts. No conversion to year-end people.",,Sweden,,Covered industry workforce,,,,domestic_workplace,"Developers, publishers and game-specialist subcontracting companies, primarily limited companies",SE,,False,2025 report retrospective series,SE_domestic_2018_SE_gdi2025_3,2018 annual average,,administrative_population,True,,SE_gdi2025,,SE_domestic,SE_gdi2025,,p 18 chart,Game Developer Index 2025,https://static1.squarespace.com/static/5a61edb7a803bb7a65252b2d/t/693689ed99d1c01715824468/1765181933680/Game-Developer-Index-2025-ENG-WEB.pdf,reported,all,,,annual_average_full_time_positions,,5320,,,,Salaried employees and owners receiving salary or benefits; unpaid owners/dividend-only owners excluded,2018
,,,,74.0625,,"Domestic series, distinct from overseas subsidiaries. 2024 sample excludes approximately 40 positions at firms bankrupt in 2025. King uses 2023 accounts. No conversion to year-end people.",,Sweden,,Covered industry workforce,,,,domestic_workplace,"Developers, publishers and game-specialist subcontracting companies, primarily limited companies",SE,,False,2025 report retrospective series,SE_domestic_2019_SE_gdi2025_4,2019 annual average,,administrative_population,True,,SE_gdi2025,,SE_domestic,SE_gdi2025,,p 18 chart,Game Developer Index 2025,https://static1.squarespace.com/static/5a61edb7a803bb7a65252b2d/t/693689ed99d1c01715824468/1765181933680/Game-Developer-Index-2025-ENG-WEB.pdf,reported,all,,,annual_average_full_time_positions,,5925,,,,Salaried employees and owners receiving salary or benefits; unpaid owners/dividend-only owners excluded,2019
,,,,82.45,,"Domestic series, distinct from overseas subsidiaries. 2024 sample excludes approximately 40 positions at firms bankrupt in 2025. King uses 2023 accounts. No conversion to year-end people.",,Sweden,,Covered industry workforce,,,,domestic_workplace,"Developers, publishers and game-specialist subcontracting companies, primarily limited companies",SE,,False,2025 report retrospective series,SE_domestic_2020_SE_gdi2025_5,2020 annual average,,administrative_population,True,,SE_gdi2025,,SE_domestic,SE_gdi2025,,p 18 chart,Game Developer Index 2025,https://static1.squarespace.com/static/5a61edb7a803bb7a65252b2d/t/693689ed99d1c01715824468/1765181933680/Game-Developer-Index-2025-ENG-WEB.pdf,reported,all,,,annual_average_full_time_positions,,6596,,,,Salaried employees and owners receiving salary or benefits; unpaid owners/dividend-only owners excluded,2020
,,,,99.3,,"Domestic series, distinct from overseas subsidiaries. 2024 sample excludes approximately 40 positions at firms bankrupt in 2025. King uses 2023 accounts. No conversion to year-end people.",,Sweden,,Covered industry workforce,,,,domestic_workplace,"Developers, publishers and game-specialist subcontracting companies, primarily limited companies",SE,,False,2025 report retrospective series,SE_domestic_2021_SE_gdi2025_6,2021 annual average,,administrative_population,True,,SE_gdi2025,,SE_domestic,SE_gdi2025,,p 18 chart,Game Developer Index 2025,https://static1.squarespace.com/static/5a61edb7a803bb7a65252b2d/t/693689ed99d1c01715824468/1765181933680/Game-Developer-Index-2025-ENG-WEB.pdf,reported,all,,,annual_average_full_time_positions,,7944,,,,Salaried employees and owners receiving salary or benefits; unpaid owners/dividend-only owners excluded,2021
,,,,105.5625,,"Domestic series, distinct from overseas subsidiaries. 2024 sample excludes approximately 40 positions at firms bankrupt in 2025. King uses 2023 accounts. No conversion to year-end people.",,Sweden,,Covered industry workforce,,,,domestic_workplace,"Developers, publishers and game-specialist subcontracting companies, primarily limited companies",SE,,False,2025 report retrospective series,SE_domestic_2022_SE_gdi2025_7,2022 annual average,,administrative_population,True,,SE_gdi2025,,SE_domestic,SE_gdi2025,,p 18 chart,Game Developer Index 2025,https://static1.squarespace.com/static/5a61edb7a803bb7a65252b2d/t/693689ed99d1c01715824468/1765181933680/Game-Developer-Index-2025-ENG-WEB.pdf,reported,all,,,annual_average_full_time_positions,,8445,,,,Salaried employees and owners receiving salary or benefits; unpaid owners/dividend-only owners excluded,2022
,,,,113.6125,,"Domestic series, distinct from overseas subsidiaries. 2024 sample excludes approximately 40 positions at firms bankrupt in 2025. King uses 2023 accounts. No conversion to year-end people.",,Sweden,,Covered industry workforce,,,,domestic_workplace,"Developers, publishers and game-specialist subcontracting companies, primarily limited companies",SE,,False,2025 report retrospective series,SE_domestic_2023_SE_gdi2025_8,2023 annual average,,administrative_population,True,,SE_gdi2025,,SE_domestic,SE_gdi2025,,p 18 chart,Game Developer Index 2025,https://static1.squarespace.com/static/5a61edb7a803bb7a65252b2d/t/693689ed99d1c01715824468/1765181933680/Game-Developer-Index-2025-ENG-WEB.pdf,reported,all,,,annual_average_full_time_positions,,9089,,,,Salaried employees and owners receiving salary or benefits; unpaid owners/dividend-only owners excluded,2023
,2024 cohort excludes firms bankrupt in 2025; King uses prior-year accounts,,,114.125,,"Domestic series, distinct from overseas subsidiaries. 2024 sample excludes approximately 40 positions at firms bankrupt in 2025. King uses 2023 accounts. No conversion to year-end people.",,Sweden,,Covered industry workforce,,,,domestic_workplace,"Developers, publishers and game-specialist subcontracting companies, primarily limited companies",SE,,True,2025 report retrospective series,SE_domestic_2024_SE_gdi2025_9,2024 annual average,,administrative_population,True,,SE_gdi2025,,SE_domestic,SE_gdi2025,,p 18 chart,Game Developer Index 2025,https://static1.squarespace.com/static/5a61edb7a803bb7a65252b2d/t/693689ed99d1c01715824468/1765181933680/Game-Developer-Index-2025-ENG-WEB.pdf,reported,all,,,annual_average_full_time_positions,,9130,,,,Salaried employees and owners receiving salary or benefits; unpaid owners/dividend-only owners excluded,2024
,,,,76.25,,2024-only series because prior infographic explicitly includes collaborators. Source reports-7.4% but contractor perimeter not reconciled.,,Romania,,Covered industry workforce,,,,domestic_workplace,Romanian game-development industry including international studios and service providers,RO,,False,Reported rounded count; do not infer precise 2023 baseline from-7.4%.,RO_employees2024_2024_RO_rgda2025_0,2024,,national_estimate,True,,RO_rgda2025,,RO_employees2024,RO_rgda2025,,p 2 headcount,Romania game development industry in 2024,https://rgda.ro/wp-content/uploads/2025/09/2025-09-12-RGDA-Romania-game-development-industry-in-2024-EN-BT.pdf,estimated,all,,,people,,6100,,,,Employees; source no longer says collaborators,2024
,,,,85.0,,"Employees and collaborators, legal-status split undisclosed. No join to 2020 qualified headline or 2024 employee-only series.",,Romania,,Covered industry workforce,,,,domestic_workplace,"Game development, original IP and service companies in Romania",RO,,False,,RO_employees_collaborators_2022_RO_rgda2023_1,2022,,national_estimate,True,,RO_rgda2023,RO_collaborator_inclusive_reviewed,RO_employees_collaborators,RO_rgda2023,,p 1,Romanian video-games industry development 2022,https://rgda.ro/wp-content/uploads/2023/10/2023-10-05-RGDA-Infografic-industrie-2022-EN.pdf,estimated,all,,,people,,6800,,,,Employees and collaborators (freelance or contract collaborator legal status unspecified),2022
,,,,82.5,,"Employees and collaborators, legal-status split undisclosed. No join to 2020 qualified headline or 2024 employee-only series.",,Romania,,Covered industry workforce,,,,domestic_workplace,"Game development, original IP and service companies in Romania",RO,,False,,RO_employees_collaborators_2023_RO_rgda2024_2,2023,,national_estimate,True,,RO_rgda2024,RO_collaborator_inclusive_reviewed,RO_employees_collaborators,RO_rgda2024,,headcount infographic,Romanian video-games industry development 2023,https://rgda.ro/wp-content/uploads/2024/11/RGDA_2024_snapshot_07_EN.png,estimated,all,,,people,,6600,,,,Employees and collaborators (freelance or contract collaborator legal status unspecified),2023
,,,,47.925,,"Same published definition; most 2021–2023 decline is reclassification of company focus, not job loss. No 2019 observation.",,Netherlands,,Covered industry workforce,,,,domestic_workplace,"Development, production, publishing, facilitation and electronic distribution; entertainment and applied games; specialist services and freelancers; excludes retail and gambling",NL,,False,,NL_domestic_broad_2018_NL_gm2024_0,end of 2018,,administrative_population,True,,NL_gm2024,,NL_domestic_broad,NL_gm2024,,p 18 Table 1.1,Games Monitor 2024,https://investgame.net/wp-content/uploads/2025/12/2025-12-17-GM24_losse_paginas.pdf,reported,all,,,jobs,,3834,,,,Employees and active self-employed specialists; founders with main employment elsewhere not active jobs,2018
,,,,57.0,,"Same published definition; most 2021–2023 decline is reclassification of company focus, not job loss. No 2019 observation.",,Netherlands,,Covered industry workforce,,,,domestic_workplace,"Development, production, publishing, facilitation and electronic distribution; entertainment and applied games; specialist services and freelancers; excludes retail and gambling",NL,,False,,NL_domestic_broad_2021_NL_gm2024_1,end of 2021,,administrative_population,True,,NL_gm2024,,NL_domestic_broad,NL_gm2024,,p 18 Table 1.1,Games Monitor 2024,https://investgame.net/wp-content/uploads/2025/12/2025-12-17-GM24_losse_paginas.pdf,reported,all,,,jobs,,4560,,,,Employees and active self-employed specialists; founders with main employment elsewhere not active jobs,2021
,Company-focus changes remove jobs from games coverage without those jobs necessarily disappearing.,,,53.6375,,"Same published definition; most 2021–2023 decline is reclassification of company focus, not job loss. No 2019 observation.",,Netherlands,,Covered industry workforce,,,,domestic_workplace,"Development, production, publishing, facilitation and electronic distribution; entertainment and applied games; specialist services and freelancers; excludes retail and gambling",NL,,True,,NL_domestic_broad_2023_NL_gm2024_2,end of 2023,,administrative_population,True,,NL_gm2024,,NL_domestic_broad,NL_gm2024,,p 18 Table 1.1,Games Monitor 2024,https://investgame.net/wp-content/uploads/2025/12/2025-12-17-GM24_losse_paginas.pdf,reported,all,,,jobs,,4291,,,,Employees and active self-employed specialists; founders with main employment elsewhere not active jobs,2023
,"2015 estimates 35 companies; later report finds employment information for all companies. Stable broad industry definition, changing evidence completeness.",,,37.875,,"Same published definition; most 2021–2023 decline is reclassification of company focus, not job loss. No 2019 observation.",,Netherlands,,Covered industry workforce,,,,domestic_workplace,"Development, production, publishing, facilitation and electronic distribution; entertainment and applied games; specialist services and freelancers; excludes retail and gambling",NL,,True,,NL_domestic_broad_2015_NL_gm2015_4,"2015, May 2015 register plus survey",,administrative_population,True,,NL_gm2015,,NL_domestic_broad,NL_gm2015,,p 8 Table 1.1,Games Monitor 2015,https://catalogus.boekman.nl/pub/P16-0091.pdf,estimated,all,,,jobs,,3030,,,,Employees and active self-employed specialists; founders with main employment elsewhere not active jobs,2015
,,,,56.25,,National estimate distinguished from respondent count. Treatment of 115 respondent workers outside Serbia is unresolved; exclude strict domestic comparison.,,Serbia,,Covered industry workforce,,,,mixed,"Serbian development studios and teams, including service development",RS,,False,"2024 explicitly described as 300 more than 2025, alongside 2025 estimate.",RS_national_estimate_2024_RS_release2025_0,2024,,national_estimate,True,2026-04-20,RS_release2025,,RS_national_estimate,RS_release2025,,Other data section,"Fewest games released, highest revenue ever: 2025 industry report",https://sga.rs/en/news/fewest-games-released-highest-revenue-ever-read-the-new-report-on-serbian-video-game-industry-for-2025/,estimated,all,,,people,,4500,,,,Game development professionals; detailed employee/contractor boundary not supplied,2024
,,,,52.5,,National estimate distinguished from respondent count. Treatment of 115 respondent workers outside Serbia is unresolved; exclude strict domestic comparison.,,Serbia,,Covered industry workforce,,,,mixed,"Serbian development studios and teams, including service development",RS,,False,"2024 explicitly described as 300 more than 2025, alongside 2025 estimate.",RS_national_estimate_2025_RS_release2025_1,2025,,national_estimate,True,2026-04-20,RS_release2025,,RS_national_estimate,RS_release2025,,Other data section,"Fewest games released, highest revenue ever: 2025 industry report",https://sga.rs/en/news/fewest-games-released-highest-revenue-ever-read-the-new-report-on-serbian-video-game-industry-for-2025/,estimated,all,,,people,,4200,,,,Game development professionals; detailed employee/contractor boundary not supplied,2025
,,,,10.525,,Financial years ending 30 June. Changing studio samples; no continuous population estimate or index.,,Australia,,All employment covered by this series.,,,,domestic_workplace,"Australian game development studios including contracted development and all internal roles; broader publishing distribution, hardware, retail, venues, esports and indirect employment not included as separate sectors.",AU,,False,63 companies in source historical table; 2016 employment reference within fiscal year not further resolved.,AU_igea_survey_2016_AU_agds2024_0,FY ending 30 June 2016,,survey_sample,True,,AU_agds2024,,AU_igea_survey,AU_agds2024,,p6 historical table,Australian Game Development Survey FY2024,https://igea.net/wp-content/uploads/2024/12/AGDS-2024-Report-Final.pdf,reported,all,,,source_reported_full_time_employment,,842,,,,"Source says full-time employees, includes full-time equivalents and contractors. Conversion of every contractor to FTE is not established. Founders/interns/apprentices not separately specified.",2016
,,,,11.6,,Financial years ending 30 June. Changing studio samples; no continuous population estimate or index.,,Australia,,All employment covered by this series.,,,,domestic_workplace,"Australian game development studios including contracted development and all internal roles; broader publishing distribution, hardware, retail, venues, esports and indirect employment not included as separate sectors.",AU,,False,114 companies in source historical table; 2017 employment reference within fiscal year not further resolved.,AU_igea_survey_2017_AU_agds2024_1,FY ending 30 June 2017,,survey_sample,True,,AU_agds2024,,AU_igea_survey,AU_agds2024,,p6 historical table,Australian Game Development Survey FY2024,https://igea.net/wp-content/uploads/2024/12/AGDS-2024-Report-Final.pdf,reported,all,,,source_reported_full_time_employment,,928,,,,"Source says full-time employees, includes full-time equivalents and contractors. Conversion of every contractor to FTE is not established. Founders/interns/apprentices not separately specified.",2017
,,,,15.9375,,Financial years ending 30 June. Changing studio samples; no continuous population estimate or index.,,Australia,,All employment covered by this series.,,,,domestic_workplace,"Australian game development studios including contracted development and all internal roles; broader publishing distribution, hardware, retail, venues, esports and indirect employment not included as separate sectors.",AU,,False,143 companies in source historical table; 2019 employment reference within fiscal year not further resolved.,AU_igea_survey_2019_AU_agds2024_2,FY ending 30 June 2019,,survey_sample,True,,AU_agds2024,,AU_igea_survey,AU_agds2024,,p6 historical table,Australian Game Development Survey FY2024,https://igea.net/wp-content/uploads/2024/12/AGDS-2024-Report-Final.pdf,reported,all,,,source_reported_full_time_employment,,1275,,,,"Source says full-time employees, includes full-time equivalents and contractors. Conversion of every contractor to FTE is not established. Founders/interns/apprentices not separately specified.",2019
,,,,15.5625,,Financial years ending 30 June. Changing studio samples; no continuous population estimate or index.,,Australia,,All employment covered by this series.,,,,domestic_workplace,"Australian game development studios including contracted development and all internal roles; broader publishing distribution, hardware, retail, venues, esports and indirect employment not included as separate sectors.",AU,,False,97 companies in source historical table; 2020 employment reference within fiscal year not further resolved.,AU_igea_survey_2020_AU_agds2024_3,FY ending 30 June 2020,,survey_sample,True,,AU_agds2024,,AU_igea_survey,AU_agds2024,,p6 historical table,Australian Game Development Survey FY2024,https://igea.net/wp-content/uploads/2024/12/AGDS-2024-Report-Final.pdf,reported,all,,,source_reported_full_time_employment,,1245,,,,"Source says full-time employees, includes full-time equivalents and contractors. Conversion of every contractor to FTE is not established. Founders/interns/apprentices not separately specified.",2020
,,,,16.5875,,Financial years ending 30 June. Changing studio samples; no continuous population estimate or index.,,Australia,,All employment covered by this series.,,,,domestic_workplace,"Australian game development studios including contracted development and all internal roles; broader publishing distribution, hardware, retail, venues, esports and indirect employment not included as separate sectors.",AU,,False,187 companies in source historical table; 2021 employment reference within fiscal year not further resolved.,AU_igea_survey_2021_AU_agds2024_4,FY ending 30 June 2021,,survey_sample,True,,AU_agds2024,,AU_igea_survey,AU_agds2024,,p6 historical table,Australian Game Development Survey FY2024,https://igea.net/wp-content/uploads/2024/12/AGDS-2024-Report-Final.pdf,reported,all,,,source_reported_full_time_employment,,1327,,,,"Source says full-time employees, includes full-time equivalents and contractors. Conversion of every contractor to FTE is not established. Founders/interns/apprentices not separately specified.",2021
,,,,26.3,,Financial years ending 30 June. Changing studio samples; no continuous population estimate or index.,,Australia,,All employment covered by this series.,,,,domestic_workplace,"Australian game development studios including contracted development and all internal roles; broader publishing distribution, hardware, retail, venues, esports and indirect employment not included as separate sectors.",AU,,False,102 companies in source historical table; 2022 employment reference within fiscal year not further resolved.,AU_igea_survey_2022_AU_agds2024_5,FY ending 30 June 2022,,survey_sample,True,,AU_agds2024,,AU_igea_survey,AU_agds2024,,p6 historical table,Australian Game Development Survey FY2024,https://igea.net/wp-content/uploads/2024/12/AGDS-2024-Report-Final.pdf,reported,all,,,source_reported_full_time_employment,,2104,,,,"Source says full-time employees, includes full-time equivalents and contractors. Conversion of every contractor to FTE is not established. Founders/interns/apprentices not separately specified.",2022
,,,,30.725,,Financial years ending 30 June. Changing studio samples; no continuous population estimate or index.,,Australia,,All employment covered by this series.,,,,domestic_workplace,"Australian game development studios including contracted development and all internal roles; broader publishing distribution, hardware, retail, venues, esports and indirect employment not included as separate sectors.",AU,,False,111 companies in source historical table; 2023 employment reference within fiscal year not further resolved.,AU_igea_survey_2023_AU_agds2024_6,FY ending 30 June 2023,,survey_sample,True,,AU_agds2024,,AU_igea_survey,AU_agds2024,,p6 historical table,Australian Game Development Survey FY2024,https://igea.net/wp-content/uploads/2024/12/AGDS-2024-Report-Final.pdf,reported,all,,,source_reported_full_time_employment,,2458,,,,"Source says full-time employees, includes full-time equivalents and contractors. Conversion of every contractor to FTE is not established. Founders/interns/apprentices not separately specified.",2023
,,,,30.8125,,Financial years ending 30 June. Changing studio samples; no continuous population estimate or index.,,Australia,,All employment covered by this series.,,,,domestic_workplace,"Australian game development studios including contracted development and all internal roles; broader publishing distribution, hardware, retail, venues, esports and indirect employment not included as separate sectors.",AU,,False,137 companies in source historical table; 2024 employment reference within fiscal year not further resolved.,AU_igea_survey_2024_AU_agds2024_7,FY ending 30 June 2024,,survey_sample,True,,AU_agds2024,,AU_igea_survey,AU_agds2024,,p6 historical table,Australian Game Development Survey FY2024,https://igea.net/wp-content/uploads/2024/12/AGDS-2024-Report-Final.pdf,reported,all,,,source_reported_full_time_employment,,2465,,,,"Source says full-time employees, includes full-time equivalents and contractors. Conversion of every contractor to FTE is not established. Founders/interns/apprentices not separately specified.",2024
,AU_faq2025 describes added employment estimates for nonresponding studios.,,,30.5375,,Methodology break from historical survey. Source_native total retained; do not calculate a consistent 2024-25 decline.,,Australia,,All employment covered by this series.,,,,domestic_workplace,"Australian game development studios including contracted development and all internal roles; broader publishing distribution, hardware, retail, venues, esports and indirect employment not included as separate sectors.",AU,,True,,AU_igea_augmented_2025_AU_agds2025_8,FY 1 July 2024 to 30 June 2025; collected Oct 2025-Jan 2026,,national_estimate,True,2026-03-18,AU_agds2025,,AU_igea_augmented,AU_agds2025,,p1; p3,Australian Game Development Industry Snapshot FY2025,https://igea.net/wp-content/uploads/2026/03/AGD-2025-Standalone-Infographic.pdf,estimated,all,,,source_reported_full_time_employment,,2443,,,,Full-time employees including FTEs and contractors; other statuses unknown.,2025
,,,,7.1,,Fiscal years ending 31 March; reference-date exceptions in country notes. Variable samples and source units; no line trend or index. Overseas-office inclusion unresolved in later summaries.,,New Zealand,,All employment covered by this series.,,,,mixed,"Games and interactive studios; later surveys explicitly include VR/AR, education technology and serious games. Contract development and studio services included; hardware, retail, venues and indirect employment not the intended scope.",NZ,,False,Survey respondents: 27 studios. ,NZ_fulltime_2015_NZ_survey2015_0,FY ending 31 March 2015; employment at March where specified,,survey_sample,True,2015-08-21,NZ_survey2015,,NZ_fulltime,NZ_survey2015,,Employment / Job Creation paragraph,NZGDA industry survey 2015,https://www.nzgda.com/blog/news/survey2015,reported,all,,,full_time_positions,,568,,,,"Source wording shown per observation. Contractors, founders, agency staff, apprentices and interns not separately defined.",2015
,,,,5.9375,,Fiscal years ending 31 March; reference-date exceptions in country notes. Variable samples and source units; no line trend or index. Overseas-office inclusion unresolved in later summaries.,,New Zealand,,All employment covered by this series.,,,,mixed,"Games and interactive studios; later surveys explicitly include VR/AR, education technology and serious games. Contract development and studio services included; hardware, retail, venues and indirect employment not the intended scope.",NZ,,False,Survey respondents: 38 studios. ,NZ_fte_2016_NZ_survey2016_1,FY ending 31 March 2016; employment at March where specified,,survey_sample,True,2016-08-03,NZ_survey2016,,NZ_fte,NZ_survey2016,,Employment / Job Creation paragraph,NZ video game exports continue to grow (NZGDA release),https://igea.net/2016/08/nz-video-game-exports-continue-to-grow/,reported,all,,,FTE,,475,,,,"Source wording shown per observation. Contractors, founders, agency staff, apprentices and interns not separately defined.",2016
,,,,6.25,,Fiscal years ending 31 March; reference-date exceptions in country notes. Variable samples and source units; no line trend or index. Overseas-office inclusion unresolved in later summaries.,,New Zealand,,All employment covered by this series.,,,,mixed,"Games and interactive studios; later surveys explicitly include VR/AR, education technology and serious games. Contract development and studio services included; hardware, retail, venues and indirect employment not the intended scope.",NZ,,False,Survey respondents: 29 studios. ,NZ_workers_2017_NZ_survey2017_2,FY ending 31 March 2017; employment at March where specified,,survey_sample,True,2017-09-04,NZ_survey2017,,NZ_workers,NZ_survey2017,,Employment / Job Creation paragraph,NZGDA industry survey 2017,https://www.nzgda.com/blog/news/survey2017,reported,all,,,people,,500,,,,"Source wording shown per observation. Contractors, founders, agency staff, apprentices and interns not separately defined.",2017
,,,,6.875,,Fiscal years ending 31 March; reference-date exceptions in country notes. Variable samples and source units; no line trend or index. Overseas-office inclusion unresolved in later summaries.,,New Zealand,,All employment covered by this series.,,,,mixed,"Games and interactive studios; later surveys explicitly include VR/AR, education technology and serious games. Contract development and studio services included; hardware, retail, venues and indirect employment not the intended scope.",NZ,,False,Survey respondents: 41 studios. ,NZ_fulltime_2018_NZ_survey2018_3,FY ending 31 March 2018; employment at March where specified,,survey_sample,True,2018-08-02,NZ_survey2018,,NZ_fulltime,NZ_survey2018,,Employment / Job Creation paragraph,NZGDA industry survey 2018,https://www.nzgda.com/blog/news/survey2018,reported,all,,,full_time_positions,,550,,,,"Source wording shown per observation. Contractors, founders, agency staff, apprentices and interns not separately defined.",2018
,,,,8.5375,,Fiscal years ending 31 March; reference-date exceptions in country notes. Variable samples and source units; no line trend or index. Overseas-office inclusion unresolved in later summaries.,,New Zealand,,All employment covered by this series.,,,,mixed,"Games and interactive studios; later surveys explicitly include VR/AR, education technology and serious games. Contract development and studio services included; hardware, retail, venues and indirect employment not the intended scope.",NZ,,False,Survey respondents: 39 studios. ,NZ_workers_2019_NZ_survey2019_4,FY ending 31 March 2019; employment at March where specified,,survey_sample,True,2020-02-07,NZ_survey2019,,NZ_workers,NZ_survey2019,,Employment / Job Creation paragraph,NZGDA industry survey 2019,https://www.nzgda.com/blog/news/survey2019,reported,all,,,people,,683,,,,"Source wording shown per observation. Contractors, founders, agency staff, apprentices and interns not separately defined.",2019
,,,,9.3375,,Fiscal years ending 31 March; reference-date exceptions in country notes. Variable samples and source units; no line trend or index. Overseas-office inclusion unresolved in later summaries.,,New Zealand,,All employment covered by this series.,,,,mixed,"Games and interactive studios; later surveys explicitly include VR/AR, education technology and serious games. Contract development and studio services included; hardware, retail, venues and indirect employment not the intended scope.",NZ,,False,Survey respondents: 42 studios. ,NZ_fulltime_2020_NZ_survey2020_5,FY ending 31 March 2020; employment at March where specified,,survey_sample,True,2020-12-11,NZ_survey2020,,NZ_fulltime,NZ_survey2020,,Employment / Job Creation paragraph,NZGDA industry survey 2020,https://www.nzgda.com/blog/news/survey2020,reported,all,,,full_time_positions,,747,,,,"Source wording shown per observation. Contractors, founders, agency staff, apprentices and interns not separately defined.",2020
,,,,12.1125,,Fiscal years ending 31 March; reference-date exceptions in country notes. Variable samples and source units; no line trend or index. Overseas-office inclusion unresolved in later summaries.,,New Zealand,,All employment covered by this series.,,,,mixed,"Games and interactive studios; later surveys explicitly include VR/AR, education technology and serious games. Contract development and studio services included; hardware, retail, venues and indirect employment not the intended scope.",NZ,,False,Survey respondents: 63 studios. ,NZ_fte_2021_NZ_survey2021_6,FY ending 31 March 2021; employment at March where specified,,survey_sample,True,2021-12-10,NZ_survey2021,,NZ_fte,NZ_survey2021,,Employment / Job Creation paragraph,NZGDA industry survey 2021,https://www.nzgda.com/blog/news/survey2021,reported,all,,,FTE,,969,,,,"Source wording shown per observation. Contractors, founders, agency staff, apprentices and interns not separately defined.",2021
,,,,13.375,,Fiscal years ending 31 March; reference-date exceptions in country notes. Variable samples and source units; no line trend or index. Overseas-office inclusion unresolved in later summaries.,,New Zealand,,All employment covered by this series.,,,,mixed,"Games and interactive studios; later surveys explicitly include VR/AR, education technology and serious games. Contract development and studio services included; hardware, retail, venues and indirect employment not the intended scope.",NZ,,False,Survey respondents: 74 studios. ,NZ_fulltime_2022_NZ_survey2022_7,FY ending 31 March 2022; employment at March where specified,,survey_sample,True,2022-11-28,NZ_survey2022,,NZ_fulltime,NZ_survey2022,,Employment / Job Creation paragraph,NZGDA industry survey 2022,https://www.nzgda.com/blog/news/nz-interactive-media-industry-survey-2022,reported,all,,,full_time_positions,,1070,,,,"Source wording shown per observation. Contractors, founders, agency staff, apprentices and interns not separately defined.",2022
,,,,13.825,,Fiscal years ending 31 March; reference-date exceptions in country notes. Variable samples and source units; no line trend or index. Overseas-office inclusion unresolved in later summaries.,,New Zealand,,All employment covered by this series.,,,,mixed,"Games and interactive studios; later surveys explicitly include VR/AR, education technology and serious games. Contract development and studio services included; hardware, retail, venues and indirect employment not the intended scope.",NZ,,False,Survey respondents: 93 studios. ,NZ_fte_2023_NZ_survey2023_8,FY ending 31 March 2023; employment at March where specified,,survey_sample,True,2023-12-19,NZ_survey2023,,NZ_fte,NZ_survey2023,,Employment / Job Creation paragraph,NZGDA industry survey 2023,https://www.nzgda.com/blog/news/nz-interactive-media-industry-survey-2023,reported,all,,,FTE,,1106,,,,"Source wording shown per observation. Contractors, founders, agency staff, apprentices and interns not separately defined.",2023
,,,,13.7125,,Fiscal years ending 31 March; reference-date exceptions in country notes. Variable samples and source units; no line trend or index. Overseas-office inclusion unresolved in later summaries.,,New Zealand,,All employment covered by this series.,,,,mixed,"Games and interactive studios; later surveys explicitly include VR/AR, education technology and serious games. Contract development and studio services included; hardware, retail, venues and indirect employment not the intended scope.",NZ,,False,Survey respondents: 100 studios. 2024 value is explicit comparison in 2025 release; not a value inferred from a percentage.,NZ_fte_2024_NZ_survey2025_9,FY ending 31 March 2024; employment at March where specified,,survey_sample,True,2025-11-25,NZ_survey2025,,NZ_fte,NZ_survey2025,,Employment / Job Creation paragraph,NZGDA industry survey 2025,https://www.nzgda.com/blog/new-zealand-game-development-industry-breaks-records,reported,all,,,FTE,,1097,,,,"Source wording shown per observation. Contractors, founders, agency staff, apprentices and interns not separately defined.",2024
,,,,17.725,,Fiscal years ending 31 March; reference-date exceptions in country notes. Variable samples and source units; no line trend or index. Overseas-office inclusion unresolved in later summaries.,,New Zealand,,All employment covered by this series.,,,,mixed,"Games and interactive studios; later surveys explicitly include VR/AR, education technology and serious games. Contract development and studio services included; hardware, retail, venues and indirect employment not the intended scope.",NZ,,False,Survey respondents: not stated in release studios. ,NZ_fte_2025_NZ_survey2025_10,FY ending 31 March 2025; employment at March where specified,,survey_sample,True,2025-11-25,NZ_survey2025,,NZ_fte,NZ_survey2025,,Employment / Job Creation paragraph,NZGDA industry survey 2025,https://www.nzgda.com/blog/new-zealand-game-development-industry-breaks-records,reported,all,,,FTE,,1418,,,,"Source wording shown per observation. Contractors, founders, agency staff, apprentices and interns not separately defined.",2025
,,,,9.2125,,"2024 edition reconstructs five previous years. Company population revised in 2021; use within-edition history, not naive edition splicing.",,Denmark,,Covered industry workforce,,,,domestic_workplace,Core game content producers; excludes serious games/XR classified under Interactive,DK,,False,Domestic workplaces. Narrative first-line 2021 is a typo; chart and surrounding context assign 1281 to 2022.,DK_payroll_fte_2017_DK_dip2024_0,2017 annual payroll FTE,,administrative_population,True,,DK_dip2024,,DK_payroll_fte,DK_dip2024,,p 20 chart,Danske Indholdsproducenter 2024,https://gamesdenmark.dk/wp-content/uploads/2024/09/Danske-Indholdsproducenter2024.pdf,reported,all,,,FTE,,737,,,,"Payroll employees, including part-time hours converted by publisher; excludes invoice-only work and sole-proprietor hours",2017
,,,,10.025,,"2024 edition reconstructs five previous years. Company population revised in 2021; use within-edition history, not naive edition splicing.",,Denmark,,Covered industry workforce,,,,domestic_workplace,Core game content producers; excludes serious games/XR classified under Interactive,DK,,False,Domestic workplaces. Narrative first-line 2021 is a typo; chart and surrounding context assign 1281 to 2022.,DK_payroll_fte_2018_DK_dip2024_1,2018 annual payroll FTE,,administrative_population,True,,DK_dip2024,,DK_payroll_fte,DK_dip2024,,p 20 chart,Danske Indholdsproducenter 2024,https://gamesdenmark.dk/wp-content/uploads/2024/09/Danske-Indholdsproducenter2024.pdf,reported,all,,,FTE,,802,,,,"Payroll employees, including part-time hours converted by publisher; excludes invoice-only work and sole-proprietor hours",2018
,,,,10.4125,,"2024 edition reconstructs five previous years. Company population revised in 2021; use within-edition history, not naive edition splicing.",,Denmark,,Covered industry workforce,,,,domestic_workplace,Core game content producers; excludes serious games/XR classified under Interactive,DK,,False,Domestic workplaces. Narrative first-line 2021 is a typo; chart and surrounding context assign 1281 to 2022.,DK_payroll_fte_2019_DK_dip2024_2,2019 annual payroll FTE,,administrative_population,True,,DK_dip2024,,DK_payroll_fte,DK_dip2024,,p 20 chart,Danske Indholdsproducenter 2024,https://gamesdenmark.dk/wp-content/uploads/2024/09/Danske-Indholdsproducenter2024.pdf,reported,all,,,FTE,,833,,,,"Payroll employees, including part-time hours converted by publisher; excludes invoice-only work and sole-proprietor hours",2019
,,,,11.3875,,"2024 edition reconstructs five previous years. Company population revised in 2021; use within-edition history, not naive edition splicing.",,Denmark,,Covered industry workforce,,,,domestic_workplace,Core game content producers; excludes serious games/XR classified under Interactive,DK,,False,Domestic workplaces. Narrative first-line 2021 is a typo; chart and surrounding context assign 1281 to 2022.,DK_payroll_fte_2020_DK_dip2024_3,2020 annual payroll FTE,,administrative_population,True,,DK_dip2024,,DK_payroll_fte,DK_dip2024,,p 20 chart,Danske Indholdsproducenter 2024,https://gamesdenmark.dk/wp-content/uploads/2024/09/Danske-Indholdsproducenter2024.pdf,reported,all,,,FTE,,911,,,,"Payroll employees, including part-time hours converted by publisher; excludes invoice-only work and sole-proprietor hours",2020
,,,,13.5875,,"2024 edition reconstructs five previous years. Company population revised in 2021; use within-edition history, not naive edition splicing.",,Denmark,,Covered industry workforce,,,,domestic_workplace,Core game content producers; excludes serious games/XR classified under Interactive,DK,,False,Domestic workplaces. Narrative first-line 2021 is a typo; chart and surrounding context assign 1281 to 2022.,DK_payroll_fte_2021_DK_dip2024_4,2021 annual payroll FTE,,administrative_population,True,,DK_dip2024,,DK_payroll_fte,DK_dip2024,,p 20 chart,Danske Indholdsproducenter 2024,https://gamesdenmark.dk/wp-content/uploads/2024/09/Danske-Indholdsproducenter2024.pdf,reported,all,,,FTE,,1087,,,,"Payroll employees, including part-time hours converted by publisher; excludes invoice-only work and sole-proprietor hours",2021
,,,,16.0125,,"2024 edition reconstructs five previous years. Company population revised in 2021; use within-edition history, not naive edition splicing.",,Denmark,,Covered industry workforce,,,,domestic_workplace,Core game content producers; excludes serious games/XR classified under Interactive,DK,,False,Domestic workplaces. Narrative first-line 2021 is a typo; chart and surrounding context assign 1281 to 2022.,DK_payroll_fte_2022_DK_dip2024_5,2022 annual payroll FTE,,administrative_population,True,,DK_dip2024,,DK_payroll_fte,DK_dip2024,,p 20 chart,Danske Indholdsproducenter 2024,https://gamesdenmark.dk/wp-content/uploads/2024/09/Danske-Indholdsproducenter2024.pdf,reported,all,,,FTE,,1281,,,,"Payroll employees, including part-time hours converted by publisher; excludes invoice-only work and sole-proprietor hours",2022
,,,,2787.5,,"Company panel excluded from national core chart and index; cannot infer country employment contraction. Eligible only for a clearly labelled source-native snapshot, sample or context chart; not a comparable domestic core trend.",,China,,Covered industry workforce,"Source unit 万人 multiplied by 10,000; no FTE conversion.",,,unknown,Selected major listed Chinese game companies; game-only allocation not shown,CN,,False,,CN_listed_panel_2021_CN_cng2025_0,2021,,company_panel,True,,CN_cng2025,,CN_listed_panel,CN_cng2025,,PDF p 8 personnel chart,2025 game industry new productive forces development report,https://pdf.dfcfw.com/pdf/H3_AP202507181711204583_1.pdf?1752858662000.pdf=,reported,all,,,people,,223000,,,,Source-reported workers; detailed status treatment not specified,2021
,,,,2691.25,,"Company panel excluded from national core chart and index; cannot infer country employment contraction. Eligible only for a clearly labelled source-native snapshot, sample or context chart; not a comparable domestic core trend.",,China,,Covered industry workforce,"Source unit 万人 multiplied by 10,000; no FTE conversion.",,,unknown,Selected major listed Chinese game companies; game-only allocation not shown,CN,,False,,CN_listed_panel_2022_CN_cng2025_1,2022,,company_panel,True,,CN_cng2025,,CN_listed_panel,CN_cng2025,,PDF p 8 personnel chart,2025 game industry new productive forces development report,https://pdf.dfcfw.com/pdf/H3_AP202507181711204583_1.pdf?1752858662000.pdf=,reported,all,,,people,,215300,,,,Source-reported workers; detailed status treatment not specified,2022
,,,,2581.25,,"Company panel excluded from national core chart and index; cannot infer country employment contraction. Eligible only for a clearly labelled source-native snapshot, sample or context chart; not a comparable domestic core trend.",,China,,Covered industry workforce,"Source unit 万人 multiplied by 10,000; no FTE conversion.",,,unknown,Selected major listed Chinese game companies; game-only allocation not shown,CN,,False,,CN_listed_panel_2023_CN_cng2025_2,2023,,company_panel,True,,CN_cng2025,,CN_listed_panel,CN_cng2025,,PDF p 8 personnel chart,2025 game industry new productive forces development report,https://pdf.dfcfw.com/pdf/H3_AP202507181711204583_1.pdf?1752858662000.pdf=,reported,all,,,people,,206500,,,,Source-reported workers; detailed status treatment not specified,2023
,,,,2572.5,,"Company panel excluded from national core chart and index; cannot infer country employment contraction. Eligible only for a clearly labelled source-native snapshot, sample or context chart; not a comparable domestic core trend.",,China,,Covered industry workforce,"Source unit 万人 multiplied by 10,000; no FTE conversion.",,,unknown,Selected major listed Chinese game companies; game-only allocation not shown,CN,,False,,CN_listed_panel_2024_CN_cng2025_3,2024,,company_panel,True,,CN_cng2025,,CN_listed_panel,CN_cng2025,,PDF p 8 personnel chart,2025 game industry new productive forces development report,https://pdf.dfcfw.com/pdf/H3_AP202507181711204583_1.pdf?1752858662000.pdf=,reported,all,,,people,,205800,,,,Source-reported workers; detailed status treatment not specified,2024
,,,,2535.0,,"Company panel excluded from national core chart and index; cannot infer country employment contraction. Eligible only for a clearly labelled source-native snapshot, sample or context chart; not a comparable domestic core trend.",,China,,Covered industry workforce,"20.28 × 10,000.",H1 2025 estimate,,unknown,Selected major listed Chinese game companies; game-only allocation not shown,CN,,False,Source labels H 1 2025 E.,CN_listed_panel_2025_CN_cng2025_5,2025 first half estimate,,company_panel,True,,CN_cng2025,,CN_listed_panel,CN_cng2025,,PDF p 8 personnel chart,2025 game industry new productive forces development report,https://pdf.dfcfw.com/pdf/H3_AP202507181711204583_1.pdf?1752858662000.pdf=,estimated,all,,,people,,202800,,,,Source-reported workers; detailed status treatment not specified,2025
,,,,,,DEV direct development employment. Historical chart matches overlapping original values; changing annual survey coverage. Excludes freelance/indirect totals and forecasts.,DEV direct development employment. Historical chart matches overlapping original values; changing annual survey coverage. Excludes freelance/indirect totals and forecasts.,Spain,,,,,,,,ES,,False,,ES_direct_2013,annual direct-employment estimate,,,,,,ES_direct_reviewed,ES_direct,,accepted extension,"PDF p. 31 / printed p. 31, Figura 16, 'Evolución del empleo en el videojuego español (2013-2022)'.",,https://www.oficinamediaespana.eu/images/media_europa/2023_libro_blanco_dev_digital_media.pdf,accepted_primary_verified,,,,people,https://www.oficinamediaespana.eu/images/media_europa/2023_libro_blanco_dev_digital_media.pdf,2630,,,,,2013
,,,,,,DEV direct development employment. Historical chart matches overlapping original values; changing annual survey coverage. Excludes freelance/indirect totals and forecasts.,DEV direct development employment. Historical chart matches overlapping original values; changing annual survey coverage. Excludes freelance/indirect totals and forecasts.,Spain,,,,,,,,ES,,False,,ES_direct_2014,annual direct-employment estimate,,,,,,ES_direct_reviewed,ES_direct,,accepted extension,"PDF p. 31 / printed p. 31, Figura 16, 'Evolución del empleo en el videojuego español (2013-2022)'.",,https://www.oficinamediaespana.eu/images/media_europa/2023_libro_blanco_dev_digital_media.pdf,accepted_primary_verified,,,,people,https://www.oficinamediaespana.eu/images/media_europa/2023_libro_blanco_dev_digital_media.pdf,3376,,,,,2014
,,,,,,"Employees and collaborators, legal-status split undisclosed. No join to 2020 qualified headline or 2024 employee-only series.","Employees and collaborators, legal-status split undisclosed. No join to 2020 qualified headline or 2024 employee-only series.",Romania,,,,,,,,RO,,False,,RO_employees_collaborators_2021,calendar year 2021,,,,,,RO_collaborator_inclusive_reviewed,RO_employees_collaborators,,accepted extension,"PDF p. 14 / printed slide 13, slide headed '2021 snapshot of Romania’s video games industry' (dated October 2022): 'Employees and collaborators: 6,700'; also states +12% versus 2020",,https://rgda.ro/wp-content/uploads/2023/01/RGDAs-General-Assembly.pdf,accepted_primary_verified,,,,people,https://rgda.ro/wp-content/uploads/2023/01/RGDAs-General-Assembly.pdf,6700,,,,,2021
,,,,,,"GDI2020 Sweden-based employment historical segment only. Annual-account full-time averages with report timing qualifications, not uniform year-end counts. No splice into latest vintage; overlap2015 differs.","GDI2020 Sweden-based employment historical segment only. Annual-account full-time averages with report timing qualifications, not uniform year-end counts. No splice into latest vintage; overlap2015 differs.",Sweden,,,,,,,,SE,,False,,SE_domestic_gdi2020_vintage_2012,2012 accounting period; timing qualifications in report,,,,,,SE_domestic_gdi2020_vintage,SE_domestic_gdi2020_vintage,,accepted extension,PDF p13 / printed p10 employment chart; method printed p9,,https://dataspelsbranschen.squarespace.com/s/15122020_GDI_EN_48p_digital_s_below20.pdf,accepted historical report vintage,,,,reported full-time positions,https://dataspelsbranschen.squarespace.com/s/15122020_GDI_EN_48p_digital_s_below20.pdf,1967,,,,,2012
,,,,,,"GDI2020 Sweden-based employment historical segment only. Annual-account full-time averages with report timing qualifications, not uniform year-end counts. No splice into latest vintage; overlap2015 differs.","GDI2020 Sweden-based employment historical segment only. Annual-account full-time averages with report timing qualifications, not uniform year-end counts. No splice into latest vintage; overlap2015 differs.",Sweden,,,,,,,,SE,,False,,SE_domestic_gdi2020_vintage_2013,2013 accounting period; timing qualifications in report,,,,,,SE_domestic_gdi2020_vintage,SE_domestic_gdi2020_vintage,,accepted extension,PDF p13 / printed p10 employment chart; method printed p9,,https://dataspelsbranschen.squarespace.com/s/15122020_GDI_EN_48p_digital_s_below20.pdf,accepted historical report vintage,,,,reported full-time positions,https://dataspelsbranschen.squarespace.com/s/15122020_GDI_EN_48p_digital_s_below20.pdf,2534,,,,,2013
,,,,,,"GDI2020 Sweden-based employment historical segment only. Annual-account full-time averages with report timing qualifications, not uniform year-end counts. No splice into latest vintage; overlap2015 differs.","GDI2020 Sweden-based employment historical segment only. Annual-account full-time averages with report timing qualifications, not uniform year-end counts. No splice into latest vintage; overlap2015 differs.",Sweden,,,,,,,,SE,,False,,SE_domestic_gdi2020_vintage_2014,2014 accounting period; timing qualifications in report,,,,,,SE_domestic_gdi2020_vintage,SE_domestic_gdi2020_vintage,,accepted extension,PDF p13 / printed p10 employment chart; method printed p9,,https://dataspelsbranschen.squarespace.com/s/15122020_GDI_EN_48p_digital_s_below20.pdf,accepted historical report vintage,,,,reported full-time positions,https://dataspelsbranschen.squarespace.com/s/15122020_GDI_EN_48p_digital_s_below20.pdf,3117,,,,,2014
,,,,,,Source-native2008/2009 core game-producer payroll FTE pair. Selected company population excludes freelancers/support firms. No joins to later report vintages.,Source-native2008/2009 core game-producer payroll FTE pair. Selected company population excludes freelancers/support firms. No joins to later report vintages.,Denmark,,,,,,,,DK,,False,,DK_core_game_producers_v2009_2008,"annual, 2008",,,,,,DK_core_game_producers_v2009,DK_core_game_producers_v2009,,accepted extension,"PDF p26 / printed p29, Table8; FTE definition in employment narrative and methodology",,https://pro-f.dk/sites/default/files/2021-10/Danske%20Indholdsproducenter%202009_1_1.pdf,accepted historical payroll FTE vintage,,,,FTE,https://pro-f.dk/sites/default/files/2021-10/Danske%20Indholdsproducenter%202009_1_1.pdf,486,,,,,2008
,,,,,,Source-native2008/2009 core game-producer payroll FTE pair. Selected company population excludes freelancers/support firms. No joins to later report vintages.,Source-native2008/2009 core game-producer payroll FTE pair. Selected company population excludes freelancers/support firms. No joins to later report vintages.,Denmark,,,,,,,,DK,,False,,DK_core_game_producers_v2009_2009,"annual, 2009",,,,,,DK_core_game_producers_v2009,DK_core_game_producers_v2009,,accepted extension,"PDF p26 / printed p29, Table8; FTE definition in employment narrative and methodology",,https://pro-f.dk/sites/default/files/2021-10/Danske%20Indholdsproducenter%202009_1_1.pdf,accepted historical payroll FTE vintage,,,,FTE,https://pro-f.dk/sites/default/files/2021-10/Danske%20Indholdsproducenter%202009_1_1.pdf,552,,,,,2009
,,,,,,"PwC actor-database broad ecosystem employment: studios, publishers, distributors and other actors. Source-native 2010-2018 comparison only; not FTE. No join to EY2019-2024. Exact within-year timing and independent-worker coverage unstated; retain printed totals despite component discrepancies.","PwC actor-database broad ecosystem employment: studios, publishers, distributors and other actors. Source-native 2010-2018 comparison only; not FTE. No join to EY2019-2024. Exact within-year timing and independent-worker coverage unstated; retain printed totals despite component discrepancies.",France,,,,,,,,FR,,False,,FR_dge_pwc_broad_industry_persons_2010,2010 annual figure; precise stock/average timing unspecified,,,,,,FR_dge_pwc_broad_industry_persons,FR_dge_pwc_broad_industry_persons,,accepted extension,"printed p. 7, Figure 3; PDF p. 7",,https://www.entreprises.gouv.fr/files/files/Publications/2021/Dossiers-dge/industrie-du-jeu-video-tissu-economique-et-competitivite-mars-2021.pdf,accepted_primary_verified,,,,persons,https://www.entreprises.gouv.fr/files/files/Publications/2021/Dossiers-dge/industrie-du-jeu-video-tissu-economique-et-competitivite-mars-2021.pdf,6201,,,,,2010
,,,,,,"PwC actor-database broad ecosystem employment: studios, publishers, distributors and other actors. Source-native 2010-2018 comparison only; not FTE. No join to EY2019-2024. Exact within-year timing and independent-worker coverage unstated; retain printed totals despite component discrepancies.","PwC actor-database broad ecosystem employment: studios, publishers, distributors and other actors. Source-native 2010-2018 comparison only; not FTE. No join to EY2019-2024. Exact within-year timing and independent-worker coverage unstated; retain printed totals despite component discrepancies.",France,,,,,,,,FR,,False,,FR_dge_pwc_broad_industry_persons_2011,2011 annual figure; precise stock/average timing unspecified,,,,,,FR_dge_pwc_broad_industry_persons,FR_dge_pwc_broad_industry_persons,,accepted extension,"printed p. 7, Figure 3; PDF p. 7",,https://www.entreprises.gouv.fr/files/files/Publications/2021/Dossiers-dge/industrie-du-jeu-video-tissu-economique-et-competitivite-mars-2021.pdf,accepted_primary_verified,,,,persons,https://www.entreprises.gouv.fr/files/files/Publications/2021/Dossiers-dge/industrie-du-jeu-video-tissu-economique-et-competitivite-mars-2021.pdf,6718,,,,,2011
,,,,,,"PwC actor-database broad ecosystem employment: studios, publishers, distributors and other actors. Source-native 2010-2018 comparison only; not FTE. No join to EY2019-2024. Exact within-year timing and independent-worker coverage unstated; retain printed totals despite component discrepancies.","PwC actor-database broad ecosystem employment: studios, publishers, distributors and other actors. Source-native 2010-2018 comparison only; not FTE. No join to EY2019-2024. Exact within-year timing and independent-worker coverage unstated; retain printed totals despite component discrepancies.",France,,,,,,,,FR,,False,,FR_dge_pwc_broad_industry_persons_2012,2012 annual figure; precise stock/average timing unspecified,,,,,,FR_dge_pwc_broad_industry_persons,FR_dge_pwc_broad_industry_persons,,accepted extension,"printed p. 7, Figure 3; PDF p. 7",,https://www.entreprises.gouv.fr/files/files/Publications/2021/Dossiers-dge/industrie-du-jeu-video-tissu-economique-et-competitivite-mars-2021.pdf,accepted_primary_verified,,,,persons,https://www.entreprises.gouv.fr/files/files/Publications/2021/Dossiers-dge/industrie-du-jeu-video-tissu-economique-et-competitivite-mars-2021.pdf,7178,,,,,2012
,,,,,,"PwC actor-database broad ecosystem employment: studios, publishers, distributors and other actors. Source-native 2010-2018 comparison only; not FTE. No join to EY2019-2024. Exact within-year timing and independent-worker coverage unstated; retain printed totals despite component discrepancies.","PwC actor-database broad ecosystem employment: studios, publishers, distributors and other actors. Source-native 2010-2018 comparison only; not FTE. No join to EY2019-2024. Exact within-year timing and independent-worker coverage unstated; retain printed totals despite component discrepancies.",France,,,,,,,,FR,,False,,FR_dge_pwc_broad_industry_persons_2013,2013 annual figure; precise stock/average timing unspecified,,,,,,FR_dge_pwc_broad_industry_persons,FR_dge_pwc_broad_industry_persons,,accepted extension,"printed p. 7, Figure 3; PDF p. 7",,https://www.entreprises.gouv.fr/files/files/Publications/2021/Dossiers-dge/industrie-du-jeu-video-tissu-economique-et-competitivite-mars-2021.pdf,accepted_primary_verified,,,,persons,https://www.entreprises.gouv.fr/files/files/Publications/2021/Dossiers-dge/industrie-du-jeu-video-tissu-economique-et-competitivite-mars-2021.pdf,8279,,,,,2013
,,,,,,"PwC actor-database broad ecosystem employment: studios, publishers, distributors and other actors. Source-native 2010-2018 comparison only; not FTE. No join to EY2019-2024. Exact within-year timing and independent-worker coverage unstated; retain printed totals despite component discrepancies.","PwC actor-database broad ecosystem employment: studios, publishers, distributors and other actors. Source-native 2010-2018 comparison only; not FTE. No join to EY2019-2024. Exact within-year timing and independent-worker coverage unstated; retain printed totals despite component discrepancies.",France,,,,,,,,FR,,False,,FR_dge_pwc_broad_industry_persons_2014,2014 annual figure; precise stock/average timing unspecified,,,,,,FR_dge_pwc_broad_industry_persons,FR_dge_pwc_broad_industry_persons,,accepted extension,"printed p. 7, Figure 3; PDF p. 7",,https://www.entreprises.gouv.fr/files/files/Publications/2021/Dossiers-dge/industrie-du-jeu-video-tissu-economique-et-competitivite-mars-2021.pdf,accepted_primary_verified,,,,persons,https://www.entreprises.gouv.fr/files/files/Publications/2021/Dossiers-dge/industrie-du-jeu-video-tissu-economique-et-competitivite-mars-2021.pdf,8863,,,,,2014
,,,,,,"PwC actor-database broad ecosystem employment: studios, publishers, distributors and other actors. Source-native 2010-2018 comparison only; not FTE. No join to EY2019-2024. Exact within-year timing and independent-worker coverage unstated; retain printed totals despite component discrepancies.","PwC actor-database broad ecosystem employment: studios, publishers, distributors and other actors. Source-native 2010-2018 comparison only; not FTE. No join to EY2019-2024. Exact within-year timing and independent-worker coverage unstated; retain printed totals despite component discrepancies.",France,,,,,,,,FR,,False,,FR_dge_pwc_broad_industry_persons_2015,2015 annual figure; precise stock/average timing unspecified,,,,,,FR_dge_pwc_broad_industry_persons,FR_dge_pwc_broad_industry_persons,,accepted extension,"printed p. 7, Figure 3; PDF p. 7",,https://www.entreprises.gouv.fr/files/files/Publications/2021/Dossiers-dge/industrie-du-jeu-video-tissu-economique-et-competitivite-mars-2021.pdf,accepted_primary_verified,,,,persons,https://www.entreprises.gouv.fr/files/files/Publications/2021/Dossiers-dge/industrie-du-jeu-video-tissu-economique-et-competitivite-mars-2021.pdf,9465,,,,,2015
,,,,,,"PwC actor-database broad ecosystem employment: studios, publishers, distributors and other actors. Source-native 2010-2018 comparison only; not FTE. No join to EY2019-2024. Exact within-year timing and independent-worker coverage unstated; retain printed totals despite component discrepancies.","PwC actor-database broad ecosystem employment: studios, publishers, distributors and other actors. Source-native 2010-2018 comparison only; not FTE. No join to EY2019-2024. Exact within-year timing and independent-worker coverage unstated; retain printed totals despite component discrepancies.",France,,,,,,,,FR,,False,,FR_dge_pwc_broad_industry_persons_2016,2016 annual figure; precise stock/average timing unspecified,,,,,,FR_dge_pwc_broad_industry_persons,FR_dge_pwc_broad_industry_persons,,accepted extension,"printed p. 7, Figure 3; PDF p. 7",,https://www.entreprises.gouv.fr/files/files/Publications/2021/Dossiers-dge/industrie-du-jeu-video-tissu-economique-et-competitivite-mars-2021.pdf,accepted_primary_verified,,,,persons,https://www.entreprises.gouv.fr/files/files/Publications/2021/Dossiers-dge/industrie-du-jeu-video-tissu-economique-et-competitivite-mars-2021.pdf,9900,,,,,2016
,,,,,,"PwC actor-database broad ecosystem employment: studios, publishers, distributors and other actors. Source-native 2010-2018 comparison only; not FTE. No join to EY2019-2024. Exact within-year timing and independent-worker coverage unstated; retain printed totals despite component discrepancies.","PwC actor-database broad ecosystem employment: studios, publishers, distributors and other actors. Source-native 2010-2018 comparison only; not FTE. No join to EY2019-2024. Exact within-year timing and independent-worker coverage unstated; retain printed totals despite component discrepancies.",France,,,,,,,,FR,,False,,FR_dge_pwc_broad_industry_persons_2017,2017 annual figure; precise stock/average timing unspecified,,,,,,FR_dge_pwc_broad_industry_persons,FR_dge_pwc_broad_industry_persons,,accepted extension,"printed p. 7, Figure 3; PDF p. 7",,https://www.entreprises.gouv.fr/files/files/Publications/2021/Dossiers-dge/industrie-du-jeu-video-tissu-economique-et-competitivite-mars-2021.pdf,accepted_primary_verified,,,,persons,https://www.entreprises.gouv.fr/files/files/Publications/2021/Dossiers-dge/industrie-du-jeu-video-tissu-economique-et-competitivite-mars-2021.pdf,11060,,,,,2017
,,,,,,"PwC actor-database broad ecosystem employment: studios, publishers, distributors and other actors. Source-native 2010-2018 comparison only; not FTE. No join to EY2019-2024. Exact within-year timing and independent-worker coverage unstated; retain printed totals despite component discrepancies.","PwC actor-database broad ecosystem employment: studios, publishers, distributors and other actors. Source-native 2010-2018 comparison only; not FTE. No join to EY2019-2024. Exact within-year timing and independent-worker coverage unstated; retain printed totals despite component discrepancies.",France,,,,,,,,FR,,False,,FR_dge_pwc_broad_industry_persons_2018,2018 annual figure; precise stock/average timing unspecified,,,,,,FR_dge_pwc_broad_industry_persons,FR_dge_pwc_broad_industry_persons,,accepted extension,"printed p. 7, Figure 3; PDF p. 7",,https://www.entreprises.gouv.fr/files/files/Publications/2021/Dossiers-dge/industrie-du-jeu-video-tissu-economique-et-competitivite-mars-2021.pdf,accepted_primary_verified,,,,persons,https://www.entreprises.gouv.fr/files/files/Publications/2021/Dossiers-dge/industrie-du-jeu-video-tissu-economique-et-competitivite-mars-2021.pdf,11936,,,,,2018
,,,,,,Annual individual labour units; provinces only. Not FTE or headcount. Table values override contradictory narrative.,Annual individual labour units; provinces only. Not FTE or headcount. Table values override contradictory narrative.,Canada,,,,,,,,CA,,False,,CA_statcan_ilu_2013,2013 calendar-year ILUs,,,,,,CA_statcan_ilu,CA_statcan_ilu,CA_statcan2025,accepted extension,"Table 3, Total row",,https://www150.statcan.gc.ca/n1/pub/36-28-0001/2025008/article/00001-eng.htm,accepted,,,,ILU,https://www150.statcan.gc.ca/n1/pub/36-28-0001/2025008/article/00001-eng.htm,27612,,,,,2013
,,,,,,Annual individual labour units; provinces only. Not FTE or headcount. Table values override contradictory narrative.,Annual individual labour units; provinces only. Not FTE or headcount. Table values override contradictory narrative.,Canada,,,,,,,,CA,,False,,CA_statcan_ilu_2014,2014 calendar-year ILUs,,,,,,CA_statcan_ilu,CA_statcan_ilu,CA_statcan2025,accepted extension,"Table 3, Total row",,https://www150.statcan.gc.ca/n1/pub/36-28-0001/2025008/article/00001-eng.htm,accepted,,,,ILU,https://www150.statcan.gc.ca/n1/pub/36-28-0001/2025008/article/00001-eng.htm,28616,,,,,2014
,,,,,,Annual individual labour units; provinces only. Not FTE or headcount. Table values override contradictory narrative.,Annual individual labour units; provinces only. Not FTE or headcount. Table values override contradictory narrative.,Canada,,,,,,,,CA,,False,,CA_statcan_ilu_2015_CA_statcan2025_0,2015 calendar year,,,,,,CA_statcan_ilu,CA_statcan_ilu,CA_statcan2025,original,Table 3 Total row,,https://www150.statcan.gc.ca/n1/pub/36-28-0001/2025008/article/00001-eng.htm,reported,,,,ILU,https://www150.statcan.gc.ca/n1/pub/36-28-0001/2025008/article/00001-eng.htm,36484,,,,,2015
,,,,,,Annual individual labour units; provinces only. Not FTE or headcount. Table values override contradictory narrative.,Annual individual labour units; provinces only. Not FTE or headcount. Table values override contradictory narrative.,Canada,,,,,,,,CA,,False,,CA_statcan_ilu_2016_CA_statcan2025_1,2016 calendar year,,,,,,CA_statcan_ilu,CA_statcan_ilu,CA_statcan2025,original,Table 3 Total row,,https://www150.statcan.gc.ca/n1/pub/36-28-0001/2025008/article/00001-eng.htm,reported,,,,ILU,https://www150.statcan.gc.ca/n1/pub/36-28-0001/2025008/article/00001-eng.htm,37189,,,,,2016
,,,,,,Annual individual labour units; provinces only. Not FTE or headcount. Table values override contradictory narrative.,Annual individual labour units; provinces only. Not FTE or headcount. Table values override contradictory narrative.,Canada,,,,,,,,CA,,False,,CA_statcan_ilu_2017_CA_statcan2025_2,2017 calendar year,,,,,,CA_statcan_ilu,CA_statcan_ilu,CA_statcan2025,original,Table 3 Total row,,https://www150.statcan.gc.ca/n1/pub/36-28-0001/2025008/article/00001-eng.htm,reported,,,,ILU,https://www150.statcan.gc.ca/n1/pub/36-28-0001/2025008/article/00001-eng.htm,47256,,,,,2017
,,,,,,Annual individual labour units; provinces only. Not FTE or headcount. Table values override contradictory narrative.,Annual individual labour units; provinces only. Not FTE or headcount. Table values override contradictory narrative.,Canada,,,,,,,,CA,,False,,CA_statcan_ilu_2018_CA_statcan2025_3,2018 calendar year,,,,,,CA_statcan_ilu,CA_statcan_ilu,CA_statcan2025,original,Table 3 Total row,,https://www150.statcan.gc.ca/n1/pub/36-28-0001/2025008/article/00001-eng.htm,reported,,,,ILU,https://www150.statcan.gc.ca/n1/pub/36-28-0001/2025008/article/00001-eng.htm,50378,,,,,2018
,,,,,,Annual individual labour units; provinces only. Not FTE or headcount. Table values override contradictory narrative.,Annual individual labour units; provinces only. Not FTE or headcount. Table values override contradictory narrative.,Canada,,,,,,,,CA,,False,,CA_statcan_ilu_2019_CA_statcan2025_4,2019 calendar year,,,,,,CA_statcan_ilu,CA_statcan_ilu,CA_statcan2025,original,Table 3 Total row,,https://www150.statcan.gc.ca/n1/pub/36-28-0001/2025008/article/00001-eng.htm,reported,,,,ILU,https://www150.statcan.gc.ca/n1/pub/36-28-0001/2025008/article/00001-eng.htm,57378,,,,,2019
,,,,,,Annual individual labour units; provinces only. Not FTE or headcount. Table values override contradictory narrative.,Annual individual labour units; provinces only. Not FTE or headcount. Table values override contradictory narrative.,Canada,,,,,,,,CA,,False,,CA_statcan_ilu_2020_CA_statcan2025_5,2020 calendar year,,,,,,CA_statcan_ilu,CA_statcan_ilu,CA_statcan2025,original,Table 3 Total row,,https://www150.statcan.gc.ca/n1/pub/36-28-0001/2025008/article/00001-eng.htm,reported,,,,ILU,https://www150.statcan.gc.ca/n1/pub/36-28-0001/2025008/article/00001-eng.htm,58221,,,,,2020
,,,,,,Annual individual labour units; provinces only. Not FTE or headcount. Table values override contradictory narrative.,Annual individual labour units; provinces only. Not FTE or headcount. Table values override contradictory narrative.,Canada,,,,,,,,CA,,False,,CA_statcan_ilu_2021_CA_statcan2025_6,2021 calendar year,,,,,,CA_statcan_ilu,CA_statcan_ilu,CA_statcan2025,original,Table 3 Total row,,https://www150.statcan.gc.ca/n1/pub/36-28-0001/2025008/article/00001-eng.htm,reported,,,,ILU,https://www150.statcan.gc.ca/n1/pub/36-28-0001/2025008/article/00001-eng.htm,58279,,,,,2021
,,,,,,Annual individual labour units; provinces only. Not FTE or headcount. Table values override contradictory narrative.,Annual individual labour units; provinces only. Not FTE or headcount. Table values override contradictory narrative.,Canada,,,,,,,,CA,,False,Table values used; total rises 2021-2022 despite contradictory source prose.,CA_statcan_ilu_2022_CA_statcan2025_7,2022 calendar year,,,,,,CA_statcan_ilu,CA_statcan_ilu,CA_statcan2025,original,Table 3 Total row,,https://www150.statcan.gc.ca/n1/pub/36-28-0001/2025008/article/00001-eng.htm,reported,,,,ILU,https://www150.statcan.gc.ca/n1/pub/36-28-0001/2025008/article/00001-eng.htm,59689,,,,,2022
,,,,,,Revised 2025 comparator and 31 March 2026 only; do not join older unrevised series.,Revised 2025 comparator and 31 March 2026 only; do not join older unrevised series.,Germany,,,,,,,,DE,,False,,DE_core_revised2026_2025,2025 comparator restated in2026,,,,,,DE_core_revised2026,DE_core_revised2026,,accepted extension,Employment paragraphs and methodological note,,https://www.gamecampus.de/arbeiten/daten-fakten,accepted revised-vintage observation,,,,people,https://www.gamecampus.de/arbeiten/daten-fakten,12659,,,,,2025
,,,,,,Revised 2025 comparator and 31 March 2026 only; do not join older unrevised series.,Revised 2025 comparator and 31 March 2026 only; do not join older unrevised series.,Germany,,,,,,,,DE,,False,,DE_core_revised2026_2026,31 March 2026,,,,,,DE_core_revised2026,DE_core_revised2026,,accepted extension,Employment paragraphs and methodological note,,https://www.gamecampus.de/arbeiten/daten-fakten,accepted revised-vintage observation,,,,people,https://www.gamecampus.de/arbeiten/daten-fakten,12235,,,,,2026
,,,,,,"Development workforce incl contractors, without FTE prorating. Snapshot dates; no FTE or DCMS joins.","Development workforce incl contractors, without FTE prorating. Snapshot dates; no FTE or DCMS joins.",United Kingdom,,,,,,,,GB,,False,"Endpoint reported alongside November 2018. Existing packet already carries the later 2018 value as 16,532.",GB_tiga_people_2017_GB_tiga2019_2017endpoint_5,November 2017,,,,,,GB_tiga_people,GB_tiga_people,GB_tiga2019_2017endpoint,accepted extension,"November 2017 to November 2018 bullet: 'total games development workforce, including contractors, grew from 15,851 to 16,532'",,https://tiga.org/news/the-uk-video-games-development-sector-surges-forward,accepted_primary_verified,,,,people,https://tiga.org/news/the-uk-video-games-development-sector-surges-forward,15851,,,,,2017
,,,,,,ESA2014 modeled all-worker pair only. Keep reported 42975 despite component discrepancy. No other ESA vintage joins.,ESA2014 modeled all-worker pair only. Keep reported 42975 despite component discrepancy. No other ESA vintage joins.,United States,,,,,,,,US,,False,Table D-2 labels this as total direct employment for all workers.,US_legacy_siwek_all_establishments_2009_US_esa2014_0,2009 annual estimate,,,,,,US_legacy_siwek_all_establishments,US_legacy_siwek_all_establishments,US_esa2014_legacy,accepted extension,"printed p. 14, Table D-2",,https://www.igea.net/wp-content/uploads/2014/11/VideoGames21stCentury_2014.pdf,accepted source-reported estimate,,,,people,https://www.igea.net/wp-content/uploads/2014/11/VideoGames21stCentury_2014.pdf,33140,,,,,2009
,,,,,,ESA2014 modeled all-worker pair only. Keep reported 42975 despite component discrepancy. No other ESA vintage joins.,ESA2014 modeled all-worker pair only. Keep reported 42975 despite component discrepancy. No other ESA vintage joins.,United States,,,,,,,,US,,False,"Retain the source-reported Table D-2 value of 42,975; record the one-person arithmetic inconsistency rather than replacing it with a calculated value.",US_legacy_siwek_all_establishments_2012_US_esa2014_1,2012 annual estimate,,,,,,US_legacy_siwek_all_establishments,US_legacy_siwek_all_establishments,US_esa2014_legacy,accepted extension,"printed p. 14, Table D-2",,https://www.igea.net/wp-content/uploads/2014/11/VideoGames21stCentury_2014.pdf,accepted source-reported estimate,,,,people,https://www.igea.net/wp-content/uploads/2014/11/VideoGames21stCentury_2014.pdf,42975,,,,,2012
,,,,,,Source mapping history with changing coverage; excludes missing employment/founding-year data. Do not connect to wider 2016 universe.,Source mapping history with changing coverage; excludes missing employment/founding-year data. Do not connect to wider 2016 universe.,United States,,,,,,,,US,,False,"E-1 reports 1,296 locations reporting employment.",US_mapping_2017_2013_US_esa2017_existing_0,2013 ESA Mapping Project observation,,,,,,US_mapping_2017_2013_2015,US_mapping_2017,US_esa2017,accepted extension,"printed p. 19, Tables E-1/E-2",,https://www.theesa.com/wp-content/uploads/2024/02/2017-EIR-National-Report.pdf,accepted reported mapping observation,,,,people,https://www.theesa.com/wp-content/uploads/2024/02/2017-EIR-National-Report.pdf,56712,,,,,2013
,,,,,,Source mapping history with changing coverage; excludes missing employment/founding-year data. Do not connect to wider 2016 universe.,Source mapping history with changing coverage; excludes missing employment/founding-year data. Do not connect to wider 2016 universe.,United States,,,,,,,,US,,False,Intermediate year in Table E-2; source reports a 2.88 percent compound annual growth rate from 2013 to 2015.,US_mapping_2017_2014_US_esa2017_existing_1,2014 ESA Mapping Project observation,,,,,,US_mapping_2017_2013_2015,US_mapping_2017,US_esa2017,accepted extension,"printed p. 19, Table E-2",,https://www.theesa.com/wp-content/uploads/2024/02/2017-EIR-National-Report.pdf,accepted reported mapping observation,,,,people,https://www.theesa.com/wp-content/uploads/2024/02/2017-EIR-National-Report.pdf,58963,,,,,2014
,,,,,,Source mapping history with changing coverage; excludes missing employment/founding-year data. Do not connect to wider 2016 universe.,Source mapping history with changing coverage; excludes missing employment/founding-year data. Do not connect to wider 2016 universe.,United States,,,,,,,,US,,False,"p14 calls impact year 2015; p19 explicitly describes 65,678 as 2016. Use 2016 for latest mapping total; 2015 table has 60,031.",US_mapping_2017_2015_US_esa2017_0,2015 ESA mapping observation,,,,,,US_mapping_2017_2013_2015,US_mapping_2017,US_esa2017,original,p19 Tables E-1/E-2,,https://www.theesa.com/wp-content/uploads/2024/02/2017-EIR-National-Report.pdf,reported,,,,people,https://www.theesa.com/wp-content/uploads/2024/02/2017-EIR-National-Report.pdf,60031,,,,,2015
,,,,,True,GDI2021 Sweden-labelled historical figures. Annual-account full-time averages with timing substitutions; original reports carried forward unavailable company accounts (eight firms in 2010; three in 2011). Coverage excludes some legal forms and activities. Marker-only pending historical frame comparability; no join across report vintages.,,Sweden,GDI2021 Sweden-labelled historical figures. Annual-account full-time averages with timing substitutions; original reports carried forward unavailable company accounts (eight firms in 2010; three in 2011). Coverage excludes some legal forms and activities. Marker-only pending historical frame comparability; no join across report vintages.,,,,,,,SE,True,True,,SE_domestic_gdi2021_early_2010,,2010 accounting period; timing qualifications in report,,,,,,SE_domestic_gdi2021_early,,,GDI2021 PDF/printed p12 historical domestic chart; p48 method. Third edition March 2022.,,https://dataspelsbranschen.squarespace.com/s/Spelutvecklarindex2021-SV-WEBB.pdf,accepted historical marker,,False,GDI2021 Sweden-labelled historical figures. Annual-account full-time averages with timing substitutions; original reports carried forward unavailable company accounts (eight firms in 2010; three in 2011). Coverage excludes some legal forms and activities. Marker-only pending historical frame comparability; no join across report vintages.,reported full-time positions,https://dataspelsbranschen.squarespace.com/s/Spelutvecklarindex2021-SV-WEBB.pdf,1203,,,,,2010
,,,,,True,GDI2021 Sweden-labelled historical figures. Annual-account full-time averages with timing substitutions; original reports carried forward unavailable company accounts (eight firms in 2010; three in 2011). Coverage excludes some legal forms and activities. Marker-only pending historical frame comparability; no join across report vintages.,,Sweden,GDI2021 Sweden-labelled historical figures. Annual-account full-time averages with timing substitutions; original reports carried forward unavailable company accounts (eight firms in 2010; three in 2011). Coverage excludes some legal forms and activities. Marker-only pending historical frame comparability; no join across report vintages.,,,,,,,SE,True,True,,SE_domestic_gdi2021_early_2011,,2011 accounting period; timing qualifications in report,,,,,,SE_domestic_gdi2021_early,,,GDI2021 PDF/printed p12 historical domestic chart; p48 method. Third edition March 2022.,,https://dataspelsbranschen.squarespace.com/s/Spelutvecklarindex2021-SV-WEBB.pdf,accepted historical marker,,False,GDI2021 Sweden-labelled historical figures. Annual-account full-time averages with timing substitutions; original reports carried forward unavailable company accounts (eight firms in 2010; three in 2011). Coverage excludes some legal forms and activities. Marker-only pending historical frame comparability; no join across report vintages.,reported full-time positions,https://dataspelsbranschen.squarespace.com/s/Spelutvecklarindex2021-SV-WEBB.pdf,1512,,,,,2011
,,,,,True,2020 production/global-publishing full-time employee estimate. Changed scope/discovery in later editions prevents a join; people are not converted to FTE.,,Poland,"Game Industry Conference's tighter estimate of 9,710 full-time employees in Poland's game-production sector. The scope includes game-production studios, external-development companies and global publishers; it excludes Polish local-market distribution and non-production service providers, including separately discussed QA/localisation providers.",,,,,,,PL,True,True,,PL_core_workforce_2020,,2020 current estimate,,,,,,PL_core_workforce,,,PDF/printed p8 infographic and p28-29 Employment in game production,,https://gic.gd/d/The_Game_Industry_of_Poland_report_2020.pdf,accepted_primary_verified,,False,2020 production/global-publishing full-time employee estimate. Changed scope/discovery in later editions prevents a join; people are not converted to FTE.,people,https://gic.gd/d/The_Game_Industry_of_Poland_report_2020.pdf,9710,,,,,2020
,,,,,True,"GIC estimate of people working in game production in Poland, labelled 2022. Exact stock date unstated in inspected article; not FTE or uniform year-end count. Author describes approximately 2100 additional workers over 15 months, despite chart YoY labels. Marker only; no cross-vintage annual growth calculation.",,Poland,GIC estimate of people working in game production in Poland. Infographic reports490 producers and publishers. Exact contractor/full-time conversion and geographic counting rules not restated in article.,,,,,,,PL,True,True,,PL_gic_magazine2022_2022,,2022 as labelled by source; exact stock date not specified,,,,,,PL_gic_magazine2022,,,"PolskiGamedev.pl Magazyn vol2 2022/2023, PDF/printed pp140-141; Trzy wykresy spowolnienia by Jakub Marszalkowski",,https://drive.google.com/file/d/1MQ8HMbRiFoX5phR5PqvzmrIN2M0MhSW6/view,accepted_primary_verified,,False,"GIC estimate of people working in game production in Poland, labelled 2022. Exact stock date unstated in inspected article; not FTE or uniform year-end count. Author describes approximately 2100 additional workers over 15 months, despite chart YoY labels. Marker only; no cross-vintage annual growth calculation.",people,https://drive.google.com/file/d/1MQ8HMbRiFoX5phR5PqvzmrIN2M0MhSW6/view,14200,,,,,2022
,,,,,True,"All four values are NZGDA member-studio survey full-time-equivalent values, but the responding count changes 21, 33, 33, 30; 2011 uses September while 2012-2014 use 31 March; no population gross-up or continuous panel is established. The country catalogue marks NZ_fte chart_eligible but trend_eligible false. The 2014 source additionally distinguishes 450 FTE professionals from several hundred part-time developers without defining their relationship to the FTE total. Isolated markers only; no connecting lines.",,New Zealand,"NZGDA member-studio survey, 21 studios; full-time equivalents. Changing respondents and reference dates, no verified population gross-up or continuous panel.",,,,,,,NZ,True,True,,NZ_nzgda_historical_snapshots_2011,September 2011,September 2011,,,,,,NZ_nzgda_historical_snapshots,,,Employment paragraph and closing survey-method paragraph,,https://www.nzgda.com/blog/news/new-zealand-made-video-games-industry-grew-46-this-year,accepted_primary_verified,,False,"All four values are NZGDA member-studio survey full-time-equivalent values, but the responding count changes 21, 33, 33, 30; 2011 uses September while 2012-2014 use 31 March; no population gross-up or continuous panel is established. The country catalogue marks NZ_fte chart_eligible but trend_eligible false. The 2014 source additionally distinguishes 450 FTE professionals from several hundred part-time developers without defining their relationship to the FTE total. Isolated markers only; no connecting lines.",FTE,https://www.nzgda.com/blog/news/new-zealand-made-video-games-industry-grew-46-this-year,359,,,,,2011
,,,,,True,"All four values are NZGDA member-studio survey full-time-equivalent values, but the responding count changes 21, 33, 33, 30; 2011 uses September while 2012-2014 use 31 March; no population gross-up or continuous panel is established. The country catalogue marks NZ_fte chart_eligible but trend_eligible false. The 2014 source additionally distinguishes 450 FTE professionals from several hundred part-time developers without defining their relationship to the FTE total. Isolated markers only; no connecting lines.",,New Zealand,"NZGDA member-studio survey, 33 studios; full-time equivalents. Changing respondents and reference dates, no verified population gross-up or continuous panel.",,,,,,,NZ,True,True,,NZ_nzgda_historical_snapshots_2012,31 March 2012,31 March 2012,,,,,,NZ_nzgda_historical_snapshots,,,Employment paragraph and closing survey-method paragraph,,https://www.nzgda.com/blog/news/nz-video-games-industry-continues-to-grow,accepted_primary_verified,,False,"All four values are NZGDA member-studio survey full-time-equivalent values, but the responding count changes 21, 33, 33, 30; 2011 uses September while 2012-2014 use 31 March; no population gross-up or continuous panel is established. The country catalogue marks NZ_fte chart_eligible but trend_eligible false. The 2014 source additionally distinguishes 450 FTE professionals from several hundred part-time developers without defining their relationship to the FTE total. Isolated markers only; no connecting lines.",FTE,https://www.nzgda.com/blog/news/nz-video-games-industry-continues-to-grow,380,,,,,2012
,,,,,True,"All four values are NZGDA member-studio survey full-time-equivalent values, but the responding count changes 21, 33, 33, 30; 2011 uses September while 2012-2014 use 31 March; no population gross-up or continuous panel is established. The country catalogue marks NZ_fte chart_eligible but trend_eligible false. The 2014 source additionally distinguishes 450 FTE professionals from several hundred part-time developers without defining their relationship to the FTE total. Isolated markers only; no connecting lines.",,New Zealand,"NZGDA member-studio survey, 33 studios; full-time equivalents. Changing respondents and reference dates, no verified population gross-up or continuous panel.",,,,,,,NZ,True,True,,NZ_nzgda_historical_snapshots_2013,31 March 2013,31 March 2013,,,,,,NZ_nzgda_historical_snapshots,,,Employment paragraph and closing survey-method paragraph,,https://www.nzgda.com/blog/news/nz-made-video-games-industry-grew-86-in-2012,accepted_primary_verified,,False,"All four values are NZGDA member-studio survey full-time-equivalent values, but the responding count changes 21, 33, 33, 30; 2011 uses September while 2012-2014 use 31 March; no population gross-up or continuous panel is established. The country catalogue marks NZ_fte chart_eligible but trend_eligible false. The 2014 source additionally distinguishes 450 FTE professionals from several hundred part-time developers without defining their relationship to the FTE total. Isolated markers only; no connecting lines.",FTE,https://www.nzgda.com/blog/news/nz-made-video-games-industry-grew-86-in-2012,448,,,,,2013
,,,,,True,"All four values are NZGDA member-studio survey full-time-equivalent values, but the responding count changes 21, 33, 33, 30; 2011 uses September while 2012-2014 use 31 March; no population gross-up or continuous panel is established. The country catalogue marks NZ_fte chart_eligible but trend_eligible false. The 2014 source additionally distinguishes 450 FTE professionals from several hundred part-time developers without defining their relationship to the FTE total. Isolated markers only; no connecting lines.",,New Zealand,"NZGDA member-studio survey, 30 studios; full-time equivalents. Changing respondents and reference dates, no verified population gross-up or continuous panel.",,,,,,,NZ,True,True,,NZ_nzgda_historical_snapshots_2014,31 March 2014,31 March 2014,,,,,,NZ_nzgda_historical_snapshots,,,Employment paragraph and closing survey-method paragraph,,https://www.nzgda.com/blog/news/nz-video-games-industry-doubles-exports,accepted_primary_verified,,False,"All four values are NZGDA member-studio survey full-time-equivalent values, but the responding count changes 21, 33, 33, 30; 2011 uses September while 2012-2014 use 31 March; no population gross-up or continuous panel is established. The country catalogue marks NZ_fte chart_eligible but trend_eligible false. The 2014 source additionally distinguishes 450 FTE professionals from several hundred part-time developers without defining their relationship to the FTE total. Isolated markers only; no connecting lines.",FTE,https://www.nzgda.com/blog/news/nz-video-games-industry-doubles-exports,450,,,,,2014
,,,,,True,Historical SGA estimates retained as isolated contextual markers. Unresolved expansion method and overseas-worker treatment prevent historical joins. Preserve approximate/plus qualifiers; PwC revenue work does not validate workforce estimates.,,Serbia,"SGA headline industry estimate: approximately 2,200+; not respondent workforce. Exact expansion method and treatment of overseas remote workers unresolved. PwC contribution concerns revenues, not validation of workforce counts.",,,,"approximately 2,200+",,,RS,True,True,,RS_national_estimate_historical_2021,,2021 report reference year; precise within-year stock date unspecified,,,,,,RS_national_estimate_historical,,,"PDF p5, Year at a glance; publisher annual-report archive identifies reference year",,https://drive.google.com/file/d/1I6azl-z3xSWhEEbiLKmyGvkBPbLBzQaZ/view,accepted_primary_verified,,False,Historical SGA estimates retained as isolated contextual markers. Unresolved expansion method and overseas-worker treatment prevent historical joins. Preserve approximate/plus qualifiers; PwC revenue work does not validate workforce estimates.,people,https://drive.google.com/file/d/1I6azl-z3xSWhEEbiLKmyGvkBPbLBzQaZ/view,2200,,,"approximately 2,200+",,2021
,,,,,True,Historical SGA estimates retained as isolated contextual markers. Unresolved expansion method and overseas-worker treatment prevent historical joins. Preserve approximate/plus qualifiers; PwC revenue work does not validate workforce estimates.,,Serbia,"SGA headline industry estimate: approximately 2,500+; not respondent workforce. Exact expansion method and treatment of overseas remote workers unresolved. PwC contribution concerns revenues, not validation of workforce counts.",,,,"approximately 2,500+",,,RS,True,True,,RS_national_estimate_historical_2022,,2022 report reference year; precise within-year stock date unspecified,,,,,,RS_national_estimate_historical,,,"PDF p6, Year at a glance; publisher annual-report archive identifies reference year",,https://drive.google.com/file/d/1iu6B8M8s30mV3boam1xAD5x68heI6bPc/view,accepted_primary_verified,,False,Historical SGA estimates retained as isolated contextual markers. Unresolved expansion method and overseas-worker treatment prevent historical joins. Preserve approximate/plus qualifiers; PwC revenue work does not validate workforce estimates.,people,https://drive.google.com/file/d/1iu6B8M8s30mV3boam1xAD5x68heI6bPc/view,2500,,,"approximately 2,500+",,2022
,,,,,True,Historical SGA estimates retained as isolated contextual markers. Unresolved expansion method and overseas-worker treatment prevent historical joins. Preserve approximate/plus qualifiers; PwC revenue work does not validate workforce estimates.,,Serbia,"SGA headline industry estimate: estimated 4,300; not respondent workforce. Exact expansion method and treatment of overseas remote workers unresolved. PwC contribution concerns revenues, not validation of workforce counts.",,,,"estimated 4,300",,,RS,True,True,,RS_national_estimate_historical_2023,,2023 report reference year; precise within-year stock date unspecified,,,,,,RS_national_estimate_historical,,,"PDF p6, Year at a glance; publisher annual-report archive identifies reference year",,https://drive.google.com/file/d/1xQujc0aNvveXoqVrkks8G5nFFedM4kMe/view,accepted_primary_verified,,False,Historical SGA estimates retained as isolated contextual markers. Unresolved expansion method and overseas-worker treatment prevent historical joins. Preserve approximate/plus qualifiers; PwC revenue work does not validate workforce estimates.,people,https://drive.google.com/file/d/1xQujc0aNvveXoqVrkks8G5nFFedM4kMe/view,4300,,,"estimated 4,300",,2023
,,,,,True,"2021 employees and collaborators extends the 2022-2023 collaborator-inclusive series only. 2020 6,000+ is an isolated qualified headline; no employee-only 2024 join.",,Romania,"Source states 6,000+ employees in the Romanian gaming industry. RGDA says the report draws on public material, discussions, and industry-member forms and has not been audited. It does not state whether the headline includes collaborators; retain as a lower bound, not an exact 6,000 observation. Preserve the plus sign without imposing a strict mathematical inequality.",,,,"6,000+",,,RO,True,True,,RO_earlier_benchmark_2020,,calendar year 2020,,,,,,RO_earlier_benchmark,,,"PDF p. 3, Executive Summary metric '6000+ employees'; the associated RGDA report page is dated 29 October 2021",,https://rgda.ro/wp-content/uploads/2021/10/RGDA-Report-2020_ffinal.pdf,accepted_primary_verified,,False,"2021 employees and collaborators extends the 2022-2023 collaborator-inclusive series only. 2020 6,000+ is an isolated qualified headline; no employee-only 2024 join.",people (qualified lower-bound headline),https://rgda.ro/wp-content/uploads/2021/10/RGDA-Report-2020_ffinal.pdf,6000,,,"6,000+",,2020
,,,,,True,Original KOCCA historical production/distribution count verified; exact within-year date and survey-frame continuity unresolved. Isolated marker only; excludes separate venue/distribution-consumption workforce.,,South Korea,KOCCA-reported game production and distribution workforce; excludes separately tabulated distribution and consumption businesses. Historical frame and worker-status continuity unresolved.,,,,,,,KR,True,True,,KR_core_archive_2008_2009_2008,,reference year2008; within-year stock date not established,,,,,,KR_core_archive_2008_2009,,,Summary PDF page8 / printed page22 / Table4,,https://www.kocca.kr/knowledge/publication/indu/__icsFiles/afieldfile/2011/10/14/zKKTQgQzXSMC.pdf,accepted_primary_verified,,False,Original KOCCA historical production/distribution count verified; exact within-year date and survey-frame continuity unresolved. Isolated marker only; excludes separate venue/distribution-consumption workforce.,people,https://www.kocca.kr/knowledge/publication/indu/__icsFiles/afieldfile/2011/10/14/zKKTQgQzXSMC.pdf,42730,,,,,2008
,,,,,True,Original KOCCA historical production/distribution count verified; exact within-year date and survey-frame continuity unresolved. Isolated marker only; excludes separate venue/distribution-consumption workforce.,,South Korea,"KOCCA-reported production/distribution workers, excluding separately reported PC cafes, arcade and video-game venues. Historical source-native observation; frame and worker-status continuity unresolved.",,,,,,,KR,True,True,,KR_core_archive_2008_2009_2009,,reference year 2009; within-year reference date not established,,,,,,KR_core_archive_2008_2009,,,"2012 White Paper on Korean Games, Korean summary, PDF p. 8, Table 4, game production and distribution row.",,https://m.kocca.kr/knowledge/publication/indu/__icsFiles/afieldfile/2012/10/10/w0uw0G1FcfBw.pdf,accepted_primary_verified,,False,Original KOCCA historical production/distribution count verified; exact within-year date and survey-frame continuity unresolved. Isolated marker only; excludes separate venue/distribution-consumption workforce.,people,https://m.kocca.kr/knowledge/publication/indu/__icsFiles/afieldfile/2012/10/10/w0uw0G1FcfBw.pdf,43365,,,,,2009
,,,,,True,Historical KOCCA production/distribution counts verified; survey-frame continuity unresolved. Isolated historical markers only; excludes PC cafes and arcades.,,South Korea,"KOCCA's game production and distribution workforce: covered development/publishing businesses, separately tabulated from PC cafes, arcade game rooms and video-game venues. Unit is people; national annual survey estimate. Historical source vintages retained separately; survey-frame continuity not yet established.",,,,,,,KR,True,True,,KR_core_archive_2010_2014_2010,,annual stock (2010),,,,,,KR_core_archive_2010_2014,,,"PDF p. 9 / printed p. 25, Table 4, '게임산업 종사자 수(2010~2012)' / Number of game-industry employees (2010-2012), row '게임 제작 및 배급' (game production and distribution).",,https://www.kocca.kr/knowledge/publication/indu/__icsFiles/afieldfile/2013/11/11/uQ38hyWQZt2L.pdf,accepted_primary_verified,,False,Historical KOCCA production/distribution counts verified; survey-frame continuity unresolved. Isolated historical markers only; excludes PC cafes and arcades.,people,https://www.kocca.kr/knowledge/publication/indu/__icsFiles/afieldfile/2013/11/11/uQ38hyWQZt2L.pdf,48585,,,,,2010
,,,,,True,Historical KOCCA production/distribution counts verified; survey-frame continuity unresolved. Isolated historical markers only; excludes PC cafes and arcades.,,South Korea,"KOCCA's game production and distribution workforce: covered development/publishing businesses, separately tabulated from PC cafes, arcade game rooms and video-game venues. Unit is people; national annual survey estimate. Historical source vintages retained separately; survey-frame continuity not yet established.",,,,,,,KR,True,True,,KR_core_archive_2010_2014_2011,,annual stock (2011),,,,,,KR_core_archive_2010_2014,,,"PDF p. 9 / printed p. 25, Table 4, '게임산업 종사자 수(2010~2012)' / Number of game-industry employees (2010-2012), row '게임 제작 및 배급' (game production and distribution).",,https://www.kocca.kr/knowledge/publication/indu/__icsFiles/afieldfile/2013/11/11/uQ38hyWQZt2L.pdf,accepted_primary_verified,,False,Historical KOCCA production/distribution counts verified; survey-frame continuity unresolved. Isolated historical markers only; excludes PC cafes and arcades.,people,https://www.kocca.kr/knowledge/publication/indu/__icsFiles/afieldfile/2013/11/11/uQ38hyWQZt2L.pdf,51859,,,,,2011
,,,,,True,Historical KOCCA production/distribution counts verified; survey-frame continuity unresolved. Isolated historical markers only; excludes PC cafes and arcades.,,South Korea,"KOCCA's game production and distribution workforce: covered development/publishing businesses, separately tabulated from PC cafes, arcade game rooms and video-game venues. Unit is people; national annual survey estimate. Historical source vintages retained separately; survey-frame continuity not yet established.",,,,,,,KR,True,True,,KR_core_archive_2010_2014_2012,,annual stock (2012),,,,,,KR_core_archive_2010_2014,,,"PDF p. 9 / printed p. 25, Table 4, '게임산업 종사자 수(2010~2012)' / Number of game-industry employees (2010-2012), row '게임 제작 및 배급' (game production and distribution).",,https://www.kocca.kr/knowledge/publication/indu/__icsFiles/afieldfile/2013/11/11/uQ38hyWQZt2L.pdf,accepted_primary_verified,,False,Historical KOCCA production/distribution counts verified; survey-frame continuity unresolved. Isolated historical markers only; excludes PC cafes and arcades.,people,https://www.kocca.kr/knowledge/publication/indu/__icsFiles/afieldfile/2013/11/11/uQ38hyWQZt2L.pdf,52466,,,,,2012
,,,,,True,Historical KOCCA production/distribution counts verified; survey-frame continuity unresolved. Isolated historical markers only; excludes PC cafes and arcades.,,South Korea,"KOCCA's game production and distribution workforce: covered development/publishing businesses, separately tabulated from game distribution and consumption (PC cafes and arcades). Unit is people; government report reproduces the KOCCA White Paper table. Historical source vintages retained separately; survey-frame continuity not yet established.",,,,,,,KR,True,True,,KR_core_archive_2010_2014_2013,,annual stock (2013),,,,,,KR_core_archive_2010_2014,,,"PDF p. 133 / printed p. 105, Table II-8, '국내 게임산업 종사자수(2012~2014년)' / Domestic game-industry worker count (2012-2014), row '게임 제작 및 배급'. Table credits KOCCA, 2015 White Paper on Korean Games (2015-10).",,https://m.korea.kr/expertWeb/resources/files/data/document_file/2016/2016%20%EC%A0%80%EC%9E%91%EA%B6%8C%20%EB%B3%B4%ED%98%B8%20%EC%97%B0%EC%B0%A8%EB%B3%B4%EA%B3%A0%EC%84%9C.pdf,accepted_government_reproduction_verified,,False,Historical KOCCA production/distribution counts verified; survey-frame continuity unresolved. Isolated historical markers only; excludes PC cafes and arcades.,people,https://m.korea.kr/expertWeb/resources/files/data/document_file/2016/2016%20%EC%A0%80%EC%9E%91%EA%B6%8C%20%EB%B3%B4%ED%98%B8%20%EC%97%B0%EC%B0%A8%EB%B3%B4%EA%B3%A0%EC%84%9C.pdf,40541,,,,,2013
,,,,,True,Historical KOCCA production/distribution counts verified; survey-frame continuity unresolved. Isolated historical markers only; excludes PC cafes and arcades.,,South Korea,"KOCCA/MCST game development and distribution workforce: covered development/publishing businesses, separately tabulated from game circulation/consumption businesses (PC Bangs and arcade game rooms). Unit is people; national annual survey estimate. Historical source vintages retained separately; survey-frame continuity not yet established.",,,,,,,KR,True,True,,KR_core_archive_2010_2014_2014,,annual stock (2014),,,,,,KR_core_archive_2010_2014,,,"PDF/printed p. 12, Table 5, 'Number of game industry employees (2014-2016)', row 'Game development/distribution firms - Sub Total'.",,https://welcon.kocca.kr/cmm/fms/CrawlingFileDown.do?atchFileId=FILE_3d4caf8b-17a4-4c87-8804-d2b91e83b471&fileSn=1,accepted_primary_verified,,False,Historical KOCCA production/distribution counts verified; survey-frame continuity unresolved. Isolated historical markers only; excludes PC cafes and arcades.,people,https://welcon.kocca.kr/cmm/fms/CrawlingFileDown.do?atchFileId=FILE_3d4caf8b-17a4-4c87-8804-d2b91e83b471&fileSn=1,39221,,,,,2014
,,,,,True,"Both are ABS headcounts at the last pay period ending June, but the archive describes changing scope/coverage and expressly cautions historical comparison. The country catalogue likewise records AU_abs_headcount as chart_eligible but trend_eligible false and prohibits joining it to IGEA. Isolated markers only; no connecting lines.",,Australia,"Businesses primarily developing digital games; census headcount, not FTE. ABS cautions historical change estimates; retain as snapshots, separate from IGEA.",,,,,,,AU,True,True,,AU_abs_historical_snapshots_2007,last pay period ending June 2007,Last pay period ending June 2007,,,,,,AU_abs_historical_snapshots,,,Summary of findings: Employment,,https://www.abs.gov.au/AUSSTATS/abs%40.nsf/mf/8515.0,accepted_primary_verified,,False,"Both are ABS headcounts at the last pay period ending June, but the archive describes changing scope/coverage and expressly cautions historical comparison. The country catalogue likewise records AU_abs_headcount as chart_eligible but trend_eligible false and prohibits joining it to IGEA. Isolated markers only; no connecting lines.",people,https://www.abs.gov.au/AUSSTATS/abs%40.nsf/mf/8515.0,1431,,,,,2007
,,,,,True,"Both are ABS headcounts at the last pay period ending June, but the archive describes changing scope/coverage and expressly cautions historical comparison. The country catalogue likewise records AU_abs_headcount as chart_eligible but trend_eligible false and prohibits joining it to IGEA. Isolated markers only; no connecting lines.",,Australia,"Businesses primarily developing digital games; census headcount, not FTE. ABS cautions historical change estimates; retain as snapshots, separate from IGEA.",,,,,,,AU,True,True,,AU_abs_historical_snapshots_2012,last pay period ending June 2012,Last pay period ending June 2012,,,,,,AU_abs_historical_snapshots,,,Financial activity: Digital game developers,,https://www.abs.gov.au/AUSSTATS/abs%40.nsf/Previousproducts/8679.0Main%20Features32011-12,accepted_primary_verified,,False,"Both are ABS headcounts at the last pay period ending June, but the archive describes changing scope/coverage and expressly cautions historical comparison. The country catalogue likewise records AU_abs_headcount as chart_eligible but trend_eligible false and prohibits joining it to IGEA. Isolated markers only; no connecting lines.",people,https://www.abs.gov.au/AUSSTATS/abs%40.nsf/Previousproducts/8679.0Main%20Features32011-12,581,,,,,2012
,,,,,True,"Isolated legacy and interim estimates. Appendix Banen explicitly dates 3,000 jobs to 2011, supplemented by summer-2012 survey/web data and imputation; no precise synchronized census date. 2020 is approximately 4,000 from a limited interim survey.",,Netherlands,"Dutch establishments of companies and self-employed persons whose core activity is electronic-game development, production, publishing, facilitation or distribution; includes applied and entertainment games and qualifying specialist services; excludes clients, education, government, retail, physical games and online gambling. LISA jobs are paid jobs of at least 12 hours per week, supplemented by website/survey estimates. Foreign establishments are excluded.",,,,,,,NL,True,True,,NL_domestic_broad_legacy_vintage_2011,,2011 employment stock,,,,,,NL_domestic_broad_legacy_vintage,,,"Games Monitor '12, printed p. 28 / PDF p. 28, Appendix 1 Methodological accountability, Banen; corroborating headline printed p. 7 / PDF p. 7",,https://drive.google.com/file/d/1S78-Bjqu71hewnHVnI08ShLVP1HADvkc/view?usp=sharing,accepted_primary_verified,,False,"Isolated legacy and interim estimates. Appendix Banen explicitly dates 3,000 jobs to 2011, supplemented by summer-2012 survey/web data and imputation; no precise synchronized census date. 2020 is approximately 4,000 from a limited interim survey.",jobs,https://drive.google.com/file/d/1S78-Bjqu71hewnHVnI08ShLVP1HADvkc/view?usp=sharing,3000,,,,,2011
True,,,,,True,"Isolated legacy and interim estimates. Appendix Banen explicitly dates 3,000 jobs to 2011, supplemented by summer-2012 survey/web data and imputation; no precise synchronized census date. 2020 is approximately 4,000 from a limited interim survey.",,Netherlands,"Limited-survey interim estimate for the Dutch video-game industry using the same criteria as earlier Games Monitor editions. The report says the database was updated and a November 2020 survey sent to around 500 people, with a little over 100 responses; websites, LinkedIn profiles and directory updates support the approximate employee total. Includes applied and entertainment companies, but the report does not publish a full headcount methodology or an exact all-worker census.",,,,"approximately 4,000",,,NL,True,True,,NL_domestic_broad_covid_update_2020,,2020 interim estimate; exact stock date unspecified,,,,,,NL_domestic_broad_covid_update,,,"Games Monitor 2020 Update - COVID Impact, printed/PDF p. 6, Revenue Development / Employee Development; corroborating printed/PDF p. 8, Summary",,https://drive.google.com/file/d/1fXRIKtclZrateBHpLYh7UEZgS_g-r0mP/view?usp=share_link,accepted_primary_verified,,False,"Isolated legacy and interim estimates. Appendix Banen explicitly dates 3,000 jobs to 2011, supplemented by summer-2012 survey/web data and imputation; no precise synchronized census date. 2020 is approximately 4,000 from a limited interim survey.",people,https://drive.google.com/file/d/1fXRIKtclZrateBHpLYh7UEZgS_g-r0mP/view?usp=share_link,4000,,,"approximately 4,000",,2020
