iso2,country,observation_id,series_id,source_id,observation_period,year,value,value_low,value_high,status,preferred,subgroup,denominator,source_locator,publication_vintage,method_break,break_note,derivation,notes,unit,population_basis,geography_basis,source_url,source_title,publication_date,industry_scope,worker_status,comparison_note,bubble_area_points2,bubble_area_low_points2,bubble_area_high_points2,value_qualifier,display_period
US,United States,US_core_2019_US_esa2020_3,US_core,US_esa2020,2019 active-firm database,2019,61230,,,derived,True,all,Covered national workforce,p9 Table1,2020,False,Firm database methods differ; comparable activity subset is not a fixed firm panel.,40676 + 16921 + 3633 (Developer + Developer/Publisher + Publisher),,jobs,national_estimate,domestic_workplace,https://www.theesa.com/wp-content/uploads/2024/02/Video-Games-in-the-21st-Century-2020-Economic-Impact-Report-Final.pdf,Video Games in the 21st Century: 2020 Economic Impact Report,,Game development and publishing,Company workforce; precise employment-status scope varies,"Definition close across three editions, but database methodology changed. Plot discrete observations or explicit methodology breaks; no 2019 index.",765.375,,,,
US,United States,US_core_2023_US_esa2024_5,US_core,US_esa2024,2023 industry database,2023,71991,,,derived,True,all,Covered national workforce,p9 Table1,2024,True,Firm database methods differ; comparable activity subset is not a fixed firm panel.,35954 + 32282 + 3755 (Developer + Developer/Publisher + Publisher),,jobs,national_estimate,domestic_workplace,https://www.theesa.com/wp-content/uploads/2024/02/EIR_ESA_2024.pdf,Video Games in the 21st Century: 2024 Economic Impact Report,,Game development and publishing,Company workforce; precise employment-status scope varies,"Definition close across three editions, but database methodology changed. Plot discrete observations or explicit methodology breaks; no 2019 index.",899.8875,,,,
US,United States,US_core_2025_US_esa2026_7,US_core,US_esa2026,2025 database; mostly November-December employment,2025,60276,,,derived,True,all,Covered national workforce,p10 Table1,2026,True,Firm database methods differ; comparable activity subset is not a fixed firm panel.,34070 + 23455 + 2751 (Developer + Developer/Publisher + Publisher),,jobs,national_estimate,domestic_workplace,https://www.theesa.com/wp-content/uploads/2026/04/EIR_2026_FINAL.pdf,Video Games in the 21st Century: 2026 Economic Impact Report,,Game development and publishing,Company workforce; precise employment-status scope varies,"Definition close across three editions, but database methodology changed. Plot discrete observations or explicit methodology breaks; no 2019 index.",753.45,,,,
CA,Canada,CA_esac_legacy_2017_CA_esac2017_9,CA_esac_legacy,CA_esac2017,2017 survey/report estimate,2017,21700,,,estimated,True,all,Covered national workforce,PDF p3 executive summary (printed p2),2017,False,,,Not a calendar annual average claim.,FTE,national_estimate,domestic_workplace,https://theesa.ca/wp-content/uploads/2022/11/ESAC-Video-Games-in-Canada-Profile-2017_FINAL.pdf,Canada’s Video Game Industry 2017,,"Companies developing, publishing/selling video games and directly related services","Full-time, part-time and contract/freelance workforce expressed in FTEs",2017 and 2019 survey vintages; 2021 original retained but superseded by revised estimate. Dates can mean prior fiscal year or survey-year business status. Cannot join revised 2021/2024 as an unbroken method.,271.25,,,,
CA,Canada,CA_esac_legacy_2019_CA_esac2021_10,CA_esac_legacy,CA_esac2021,"2018 fiscal year or 2019 business status, reported as 2019",2019,27700,,,estimated,True,all,Covered national workforce,p20 Table 4; p6 date note,2021 retrospective comparison,False,,,,FTE,national_estimate,domestic_workplace,https://theesa.ca/wp-content/uploads/2022/10/esac-2021-final-report.pdf,The Canadian Video Game Industry 2021,,"Companies developing, publishing/selling video games and directly related services","Full-time, part-time and contract/freelance workforce expressed in FTEs",2017 and 2019 survey vintages; 2021 original retained but superseded by revised estimate. Dates can mean prior fiscal year or survey-year business status. Cannot join revised 2021/2024 as an unbroken method.,346.25,,,,
CA,Canada,CA_esac_revised_2021_CA_esac2024_12,CA_esac_revised,CA_esac2024,2020-21 revised estimate,2021,35250,,,estimated,True,all,Covered national workforce,p40 FTE revision table,2024,False,,,"Replaces original 32,300 after more detailed company-size gross-up.",FTE,national_estimate,domestic_workplace,https://theesa.ca/wp-content/uploads/2025/01/CVGI_2024_EN_FINAL.pdf,Canada’s Video Game Industry 2024,,"Companies developing, publishing/selling video games and directly related services","Full-time, part-time and contract/freelance workforce expressed in FTEs","2024 method adds eight company-size strata; source reapplied method to 2021, making this pair comparable. Reference periods 2020-21 and 2023-24.",440.625,,,,
CA,Canada,CA_esac_revised_2024_CA_esac2024_13,CA_esac_revised,CA_esac2024,2023-24 estimate; 2023 fiscal year or 2024 current business,2024,34010,,,estimated,True,all,Covered national workforce,"pp13,15; p38 reference-period note",2024,False,,,,FTE,national_estimate,domestic_workplace,https://theesa.ca/wp-content/uploads/2025/01/CVGI_2024_EN_FINAL.pdf,Canada’s Video Game Industry 2024,,"Companies developing, publishing/selling video games and directly related services","Full-time, part-time and contract/freelance workforce expressed in FTEs","2024 method adds eight company-size strata; source reapplied method to 2021, making this pair comparable. Reference periods 2020-21 and 2023-24.",425.125,,,,
KR,South Korea,KR_core_2015_KR_content2018_0,KR_core,KR_content2018,2015,2015,35445,,,reported,True,all,Covered industry workforce,"Printed p 187/PDF p 23, table 3-4-13",KR_content2018,False,,,,people,national_estimate,domestic_workplace,https://welcon.kocca.kr/cmm/fms/CrawlingFileDown.do?atchFileId=FILE_cd8dabeb-4b74-4f37-9b7f-121bfba576ab&fileSn=1,2018 Content Industry Statistics: game-industry extract,,"PC, mobile, console and arcade-game production/publishing; excludes PC cafes and arcade venues",Source-reported workers; detailed status treatment not specified,Domestic development/publishing. Latest survey frame excludes operating firms with no revenue; when this rule began is unresolved. Index withheld because population-frame continuity is not fully audited.,443.0625,,,,
KR,South Korea,KR_core_2016_KR_white2019_6,KR_core,KR_white2019,2016,2016,33979,,,reported,True,all,Covered industry workforce,"Printed p 10/PDF p 28, table 5",KR_white2019,False,,,,people,national_estimate,domestic_workplace,https://welcon.kocca.kr/cmm/fms/CrawlingFileDown.do?atchFileId=FILE_7fde6d3f-d244-4e34-9269-cad836fd20ec&fileSn=1,"2019 White Paper on Korean Games, summary",,"PC, mobile, console and arcade-game production/publishing; excludes PC cafes and arcade venues",Source-reported workers; detailed status treatment not specified,Domestic development/publishing. Latest survey frame excludes operating firms with no revenue; when this rule began is unresolved. Index withheld because population-frame continuity is not fully audited.,424.7375,,,,
KR,South Korea,KR_core_2017_KR_white2020_12,KR_core,KR_white2020,2017,2017,34666,,,reported,True,all,Covered industry workforce,"Printed p 12/PDF p 14, table 5",KR_white2020,False,,,"2017 core count revised from 34,665 in 2018 Content Industry Statistics to 34,666 in later White Papers.",people,national_estimate,domestic_workplace,https://welcon.kocca.kr/cmm/fms/CrawlingFileDown.do?atchFileId=FILE_94d12cb2-a33a-4bea-abe6-f0afcf9b349d&fileSn=1,"2020 White Paper on Korean Games, English summary",,"PC, mobile, console and arcade-game production/publishing; excludes PC cafes and arcade venues",Source-reported workers; detailed status treatment not specified,Domestic development/publishing. Latest survey frame excludes operating firms with no revenue; when this rule began is unresolved. Index withheld because population-frame continuity is not fully audited.,433.325,,,,
KR,South Korea,KR_core_2018_KR_white2020_14,KR_core,KR_white2020,2018,2018,37035,,,reported,True,all,Covered industry workforce,"Printed p 12/PDF p 14, table 5",KR_white2020,False,,,,people,national_estimate,domestic_workplace,https://welcon.kocca.kr/cmm/fms/CrawlingFileDown.do?atchFileId=FILE_94d12cb2-a33a-4bea-abe6-f0afcf9b349d&fileSn=1,"2020 White Paper on Korean Games, English summary",,"PC, mobile, console and arcade-game production/publishing; excludes PC cafes and arcade venues",Source-reported workers; detailed status treatment not specified,Domestic development/publishing. Latest survey frame excludes operating firms with no revenue; when this rule began is unresolved. Index withheld because population-frame continuity is not fully audited.,462.9375,,,,
KR,South Korea,KR_core_2019_KR_white2020_16,KR_core,KR_white2020,2019,2019,39390,,,reported,True,all,Covered industry workforce,"Printed p 12/PDF p 14, table 5",KR_white2020,False,,,,people,national_estimate,domestic_workplace,https://welcon.kocca.kr/cmm/fms/CrawlingFileDown.do?atchFileId=FILE_94d12cb2-a33a-4bea-abe6-f0afcf9b349d&fileSn=1,"2020 White Paper on Korean Games, English summary",,"PC, mobile, console and arcade-game production/publishing; excludes PC cafes and arcade venues",Source-reported workers; detailed status treatment not specified,Domestic development/publishing. Latest survey frame excludes operating firms with no revenue; when this rule began is unresolved. Index withheld because population-frame continuity is not fully audited.,492.375,,,,
KR,South Korea,KR_core_2021_KR_white2025_18,KR_core,KR_white2025,2021,2021,45262,,,reported,True,all,Covered industry workforce,"PDF p 9, table 1-5",KR_white2025,False,,,,people,national_estimate,domestic_workplace,https://welcon.kocca.kr/cmm/fms/CrawlingFileDown.do?atchFileId=FILE_d10cac1b-7647-42a3-b7eb-c5330bc2dfd9&fileSn=1,"2025 White Paper on Korean Games, English summary",2026-05-27,"PC, mobile, console and arcade-game production/publishing; excludes PC cafes and arcade venues",Source-reported workers; detailed status treatment not specified,Domestic development/publishing. Latest survey frame excludes operating firms with no revenue; when this rule began is unresolved. Index withheld because population-frame continuity is not fully audited.,565.775,,,,
KR,South Korea,KR_core_2022_KR_white2025_20,KR_core,KR_white2025,2022,2022,48514,,,reported,True,all,Covered industry workforce,"PDF p 9, table 1-5",KR_white2025,False,,,,people,national_estimate,domestic_workplace,https://welcon.kocca.kr/cmm/fms/CrawlingFileDown.do?atchFileId=FILE_d10cac1b-7647-42a3-b7eb-c5330bc2dfd9&fileSn=1,"2025 White Paper on Korean Games, English summary",2026-05-27,"PC, mobile, console and arcade-game production/publishing; excludes PC cafes and arcade venues",Source-reported workers; detailed status treatment not specified,Domestic development/publishing. Latest survey frame excludes operating firms with no revenue; when this rule began is unresolved. Index withheld because population-frame continuity is not fully audited.,606.425,,,,
KR,South Korea,KR_core_2023_KR_white2025_22,KR_core,KR_white2025,2023,2023,51783,,,reported,True,all,Covered industry workforce,"PDF p 9, table 1-5",KR_white2025,False,,,,people,national_estimate,domestic_workplace,https://welcon.kocca.kr/cmm/fms/CrawlingFileDown.do?atchFileId=FILE_d10cac1b-7647-42a3-b7eb-c5330bc2dfd9&fileSn=1,"2025 White Paper on Korean Games, English summary",2026-05-27,"PC, mobile, console and arcade-game production/publishing; excludes PC cafes and arcade venues",Source-reported workers; detailed status treatment not specified,Domestic development/publishing. Latest survey frame excludes operating firms with no revenue; when this rule began is unresolved. Index withheld because population-frame continuity is not fully audited.,647.2875,,,,
KR,South Korea,KR_core_2024_KR_white2025_24,KR_core,KR_white2025,2024,2024,54285,,,reported,True,all,Covered industry workforce,"PDF p 9, table 1-5",KR_white2025,False,,,,people,national_estimate,domestic_workplace,https://welcon.kocca.kr/cmm/fms/CrawlingFileDown.do?atchFileId=FILE_d10cac1b-7647-42a3-b7eb-c5330bc2dfd9&fileSn=1,"2025 White Paper on Korean Games, English summary",2026-05-27,"PC, mobile, console and arcade-game production/publishing; excludes PC cafes and arcade venues",Source-reported workers; detailed status treatment not specified,Domestic development/publishing. Latest survey frame excludes operating firms with no revenue; when this rule began is unresolved. Index withheld because population-frame continuity is not fully audited.,678.5625,,,,
KR,South Korea,KR_core_2020_KR_white2021,KR_core,KR_white2021,2020,2020,44310,,,reported,True,all,Covered industry workforce,"Printed p 11/PDF p 13, table 5",2021 White Paper,False,,,,people,national_estimate,domestic_workplace,https://welcon.kocca.kr/cmm/fms/CrawlingFileDown.do?atchFileId=FILE_573eeddc-9abe-4bfc-8377-a5614989a5b8&fileSn=1,"2021 White Paper on Korean Games, English summary",,"PC, mobile, console and arcade-game production/publishing; excludes PC cafes and arcade venues",Source-reported workers; detailed status treatment not specified,Domestic development/publishing. Latest survey frame excludes operating firms with no revenue; when this rule began is unresolved. Index withheld because population-frame continuity is not fully audited.,553.875,,,,
GB,United Kingdom,GB_tiga_people_2018_GB_tiga2020_6,GB_tiga_people,GB_tiga2020,November 2018,2018,16532,,,estimated,True,all,Covered national workforce,Workforce including freelancers bullet,2020,False,,,,people,national_estimate,domestic_workplace,https://tiga.org/news/tiga-research-reveals-uk-video-games-industry-has-been-expanding-at-fastest-rate-ever-recorded,Making Games in the UK 2020: public research release,2020-10-19,"UK studios, publishers, publisher studios, development-service companies and games divisions of broadcasters",Full-time development workers and counted freelancers,Total workforce including freelancers. Public releases use headcount rather than FTE. Contractor location/deduplication across firms not fully explained publicly.,206.65,,,,
GB,United Kingdom,GB_tiga_people_2020_GB_tiga2020_7,GB_tiga_people,GB_tiga2020,April 2020,2020,18279,,,estimated,True,all,Covered national workforce,Workforce including freelancers bullet,2020,False,,,,people,national_estimate,domestic_workplace,https://tiga.org/news/tiga-research-reveals-uk-video-games-industry-has-been-expanding-at-fastest-rate-ever-recorded,Making Games in the UK 2020: public research release,2020-10-19,"UK studios, publishers, publisher studios, development-service companies and games divisions of broadcasters",Full-time development workers and counted freelancers,Total workforce including freelancers. Public releases use headcount rather than FTE. Contractor location/deduplication across firms not fully explained publicly.,228.4875,,,,
GB,United Kingdom,GB_tiga_people_2023_GB_tiga2023_8,GB_tiga_people,GB_tiga2023,April 2023,2023,25026,,,estimated,True,all,Covered national workforce,Workforce including freelancers bullet,2023,False,,,,people,national_estimate,domestic_workplace,https://tiga.org/news/studio-numbers-employment-rise-in-uk-video-games-industry-new-tiga-research,Making Games in the UK 2023: public research release,2023-08-30,"UK studios, publishers, publisher studios, development-service companies and games divisions of broadcasters",Full-time development workers and counted freelancers,Total workforce including freelancers. Public releases use headcount rather than FTE. Contractor location/deduplication across firms not fully explained publicly.,312.825,,,,
GB,United Kingdom,GB_tiga_people_2024_GB_tiga2024_9,GB_tiga_people,GB_tiga2024,May 2024,2024,28516,,,estimated,True,all,Covered national workforce,Workforce including freelancers bullet,2024,False,,,,people,national_estimate,domestic_workplace,https://tiga.org/news/weathering-the-storm-tiga-research-reveals-uk-games-dev-sector-continues-to-grow-despite-global-sector-downturn,"WEATHERING THE STORM: TIGA research reveals UK games dev sector continues to grow, despite global sector downturn",2024-11-06,"UK studios, publishers, publisher studios, development-service companies and games divisions of broadcasters",Full-time development workers and counted freelancers,Total workforce including freelancers. Public releases use headcount rather than FTE. Contractor location/deduplication across firms not fully explained publicly.,356.45,,,,
GB,United Kingdom,GB_tiga_people_2025_GB_tiga2025_10,GB_tiga_people,GB_tiga2025,September 2025,2025,27347,,,estimated,True,all,Covered national workforce,Workforce including freelancers bullet,2026-03-24 release; September 2025 survey,False,,,,people,national_estimate,domestic_workplace,https://tiga.org/news/uk-games-dev-sector-suffers-sharpest-recorded-decline-as-tiga-calls-on-government-to-boost-video-games-expenditure-credit,UK games dev sector suffers sharpest recorded decline as TIGA calls on Government to boost Video Games Expenditure Credit,2026-03-24,"UK studios, publishers, publisher studios, development-service companies and games divisions of broadcasters",Full-time development workers and counted freelancers,Total workforce including freelancers. Public releases use headcount rather than FTE. Contractor location/deduplication across firms not fully explained publicly.,341.8375,,,,
PL,Poland,PL_core_workforce_2021_PL_parp2021_0,PL_core_workforce,PL_parp2021,2021 current report estimate,2021,12110,,,estimated,True,all,Covered industry workforce,printedp 8,PL_parp2021,False,,,,people,national_estimate,domestic_workplace,https://www.parp.gov.pl/storage/publications/pdf/GIofP_2021_FINAL.pdf,The Game Industry of Poland – Report 2021,,Actual game production including external development; excludes auxiliary service-only player support/localisation,"Game-production people in developers, publishers and external development studios; individual B 2 B/owner split unknown","Studio counting changed in 2025; the publisher says this is the only methodological shift. Workforce data can also be corrected as source coverage improves. Chart is an estimated industry workforce series, not a payroll census.",151.375,,,,
PL,Poland,PL_core_workforce_2023_PL_parp2023_1,PL_core_workforce,PL_parp2023,2023 current report estimate; studio frameMay 2023,2023,15290,,,estimated,True,all,Covered industry workforce,printedp 9,PL_parp2023,False,,,,people,national_estimate,domestic_workplace,https://www.parp.gov.pl/storage/publications/pdf/The_Game_Industry_Poland_2023_12_07.pdf,The Game Industry of Poland – Report 2023,,Actual game production including external development; excludes auxiliary service-only player support/localisation,"Game-production people in developers, publishers and external development studios; individual B 2 B/owner split unknown","Studio counting changed in 2025; the publisher says this is the only methodological shift. Workforce data can also be corrected as source coverage improves. Chart is an estimated industry workforce series, not a payroll census.",191.125,,,,
PL,Poland,PL_core_workforce_2025_PL_parp2025_2,PL_core_workforce,PL_parp2025,2025 current report estimate; studio frameOctober 2025,2025,14568,,,estimated,True,all,Covered industry workforce,printedp 18 Table 1,PL_parp2025,False,"Publisher identifies the methodological shift as studio counting, not workforce definition; employment data may be revised with improved data.",,,people,national_estimate,domestic_workplace,https://www.parp.gov.pl/storage/publications/pdf/The_Game_Industry_Poland_2025_12_29.pdf,The Game Industry of Poland – Report 2025,,Actual game production including external development; excludes auxiliary service-only player support/localisation,"Game-production people in developers, publishers and external development studios; individual B 2 B/owner split unknown","Studio counting changed in 2025; the publisher says this is the only methodological shift. Workforce data can also be corrected as source coverage improves. Chart is an estimated industry workforce series, not a payroll census.",182.1,,,,
BR,Brazil,BR_developer_people_2018_BR_survey2022_0,BR_developer_people,BR_survey2022,2018 current-workforce survey estimate,2018,4234,,,estimated,True,all,Covered national workforce,p54 Table5,2022,False,,,Table value preferred over inconsistent historical graphic.,people,national_estimate,unknown,https://www.abragames.org/uploads/5/6/8/0/56805537/abragames-pt.pdf,Pesquisa da indústria brasileira de games 2022,,"Brazilian digital-game developers, including own games, work-for-hire/co-development and serious games; formal and non-formal firms",Partners/founders and collaborators at formal and non-formal developers,"Discrete survey estimates with changing mapped coverage and respondent composition. 2018 historical chart contradicts table; use table 4,234 confirmed in 2022 and 2023. Not FTE or payroll-only national employment.",52.925,,,,
BR,Brazil,BR_developer_people_2022_BR_survey2022_1,BR_developer_people,BR_survey2022,2022 current-workforce survey estimate,2022,12441,,,estimated,True,all,Covered national workforce,p54 Table5; p55 Figure17,2022,True,Long interval; mapped universe/respondent coverage changed markedly.,,Not the prior fiscal-year revenue reference period.,people,national_estimate,unknown,https://www.abragames.org/uploads/5/6/8/0/56805537/abragames-pt.pdf,Pesquisa da indústria brasileira de games 2022,,"Brazilian digital-game developers, including own games, work-for-hire/co-development and serious games; formal and non-formal firms",Partners/founders and collaborators at formal and non-formal developers,"Discrete survey estimates with changing mapped coverage and respondent composition. 2018 historical chart contradicts table; use table 4,234 confirmed in 2022 and 2023. Not FTE or payroll-only national employment.",155.5125,,,,
BR,Brazil,BR_developer_people_2023_BR_survey2023_2,BR_developer_people,BR_survey2023,2023 current-workforce survey estimate,2023,13225,,,estimated,True,all,Covered national workforce,p52 Table7; p53 explanatory text,2023,False,,,Not the prior fiscal-year revenue reference period.,people,national_estimate,unknown,https://brazilgames.org/wp-content/uploads/2025/03/2023-relatorio-final-v4.3.3-ENG.pdf,Brazilian Gaming Industry Survey 2023,,"Brazilian digital-game developers, including own games, work-for-hire/co-development and serious games; formal and non-formal firms",Partners/founders and collaborators at formal and non-formal developers,"Discrete survey estimates with changing mapped coverage and respondent composition. 2018 historical chart contradicts table; use table 4,234 confirmed in 2022 and 2023. Not FTE or payroll-only national employment.",165.3125,,,,
DE,Germany,DE_core_2015_DE_game2018_0,DE_core,DE_game2018,2015 association snapshot,2015,12726,,,estimated,True,all,Covered industry workforce,2018 chart,DE_game2018,False,,,Current 2025 data collected May 2025; historical chart retains original observation years.,people,national_estimate,domestic_workplace,https://www.game.de/marktdaten/beschaeftigte-in-der-deutschen-gamesbranche-2015-2018/,Beschäftigte in der deutschen Gamesbranche 2015–2018,2018-08-02,Core game developers and publishers in Germany,Employees; freelance and unpaid-owner treatment unspecified,Core market only. Snapshot year differs from financial observation-year series abroad. Persistent gamesmap concept; underlying population evolves.,159.075,,,,
DE,Germany,DE_core_2016_DE_game2018_1,DE_core,DE_game2018,2016 association snapshot,2016,12839,,,estimated,True,all,Covered industry workforce,2018 chart,DE_game2018,False,,,Current 2025 data collected May 2025; historical chart retains original observation years.,people,national_estimate,domestic_workplace,https://www.game.de/marktdaten/beschaeftigte-in-der-deutschen-gamesbranche-2015-2018/,Beschäftigte in der deutschen Gamesbranche 2015–2018,2018-08-02,Core game developers and publishers in Germany,Employees; freelance and unpaid-owner treatment unspecified,Core market only. Snapshot year differs from financial observation-year series abroad. Persistent gamesmap concept; underlying population evolves.,160.4875,,,,
DE,Germany,DE_core_2017_DE_game2018_2,DE_core,DE_game2018,2017 association snapshot,2017,11140,,,estimated,True,all,Covered industry workforce,2018 chart,DE_game2018,False,,,Current 2025 data collected May 2025; historical chart retains original observation years.,people,national_estimate,domestic_workplace,https://www.game.de/marktdaten/beschaeftigte-in-der-deutschen-gamesbranche-2015-2018/,Beschäftigte in der deutschen Gamesbranche 2015–2018,2018-08-02,Core game developers and publishers in Germany,Employees; freelance and unpaid-owner treatment unspecified,Core market only. Snapshot year differs from financial observation-year series abroad. Persistent gamesmap concept; underlying population evolves.,139.25,,,,
DE,Germany,DE_core_2018_DE_game2018_3,DE_core,DE_game2018,2018 association snapshot,2018,11705,,,estimated,True,all,Covered industry workforce,2018 chart,DE_game2018,False,,,Current 2025 data collected May 2025; historical chart retains original observation years.,people,national_estimate,domestic_workplace,https://www.game.de/marktdaten/beschaeftigte-in-der-deutschen-gamesbranche-2015-2018/,Beschäftigte in der deutschen Gamesbranche 2015–2018,2018-08-02,Core game developers and publishers in Germany,Employees; freelance and unpaid-owner treatment unspecified,Core market only. Snapshot year differs from financial observation-year series abroad. Persistent gamesmap concept; underlying population evolves.,146.3125,,,,
DE,Germany,DE_core_2019_DE_game2019_4,DE_core,DE_game2019,2019 association snapshot,2019,11014,,,estimated,True,all,Covered industry workforce,printedp 24,DE_game2019,False,,,Current 2025 data collected May 2025; historical chart retains original observation years.,people,national_estimate,domestic_workplace,https://www.game.de/wp-content/uploads/2018/08/game-Jahresreport-2019_web.pdf,Jahresreport 2019,,Core game developers and publishers in Germany,Employees; freelance and unpaid-owner treatment unspecified,Core market only. Snapshot year differs from financial observation-year series abroad. Persistent gamesmap concept; underlying population evolves.,137.675,,,,
DE,Germany,DE_core_2020_DE_game2025_5,DE_core,DE_game2025,2020 association snapshot,2020,10071,,,estimated,True,all,Covered industry workforce,printedpp 28–29 employment chart,DE_game2025,False,,,Current 2025 data collected May 2025; historical chart retains original observation years.,people,national_estimate,domestic_workplace,https://www.game.de/wp-content/uploads/2025/08/Annual-report-of-the-German-games-industry-2025-1.pdf,Annual report of the German games industry 2025,,Core game developers and publishers in Germany,Employees; freelance and unpaid-owner treatment unspecified,Core market only. Snapshot year differs from financial observation-year series abroad. Persistent gamesmap concept; underlying population evolves.,125.8875,,,,
DE,Germany,DE_core_2021_DE_game2025_6,DE_core,DE_game2025,2021 association snapshot,2021,10906,,,estimated,True,all,Covered industry workforce,printedpp 28–29 employment chart,DE_game2025,False,,,Current 2025 data collected May 2025; historical chart retains original observation years.,people,national_estimate,domestic_workplace,https://www.game.de/wp-content/uploads/2025/08/Annual-report-of-the-German-games-industry-2025-1.pdf,Annual report of the German games industry 2025,,Core game developers and publishers in Germany,Employees; freelance and unpaid-owner treatment unspecified,Core market only. Snapshot year differs from financial observation-year series abroad. Persistent gamesmap concept; underlying population evolves.,136.325,,,,
DE,Germany,DE_core_2022_DE_game2025_7,DE_core,DE_game2025,2022 association snapshot,2022,11242,,,estimated,True,all,Covered industry workforce,printedpp 28–29 employment chart,DE_game2025,False,,,Current 2025 data collected May 2025; historical chart retains original observation years.,people,national_estimate,domestic_workplace,https://www.game.de/wp-content/uploads/2025/08/Annual-report-of-the-German-games-industry-2025-1.pdf,Annual report of the German games industry 2025,,Core game developers and publishers in Germany,Employees; freelance and unpaid-owner treatment unspecified,Core market only. Snapshot year differs from financial observation-year series abroad. Persistent gamesmap concept; underlying population evolves.,140.525,,,,
DE,Germany,DE_core_2023_DE_game2025_8,DE_core,DE_game2025,2023 association snapshot,2023,11992,,,estimated,True,all,Covered industry workforce,printedpp 28–29 employment chart,DE_game2025,False,,,Current 2025 data collected May 2025; historical chart retains original observation years.,people,national_estimate,domestic_workplace,https://www.game.de/wp-content/uploads/2025/08/Annual-report-of-the-German-games-industry-2025-1.pdf,Annual report of the German games industry 2025,,Core game developers and publishers in Germany,Employees; freelance and unpaid-owner treatment unspecified,Core market only. Snapshot year differs from financial observation-year series abroad. Persistent gamesmap concept; underlying population evolves.,149.9,,,,
DE,Germany,DE_core_2024_DE_game2025_9,DE_core,DE_game2025,2024 association snapshot,2024,12408,,,estimated,True,all,Covered industry workforce,printedpp 28–29 employment chart,DE_game2025,False,,,Current 2025 data collected May 2025; historical chart retains original observation years.,people,national_estimate,domestic_workplace,https://www.game.de/wp-content/uploads/2025/08/Annual-report-of-the-German-games-industry-2025-1.pdf,Annual report of the German games industry 2025,,Core game developers and publishers in Germany,Employees; freelance and unpaid-owner treatment unspecified,Core market only. Snapshot year differs from financial observation-year series abroad. Persistent gamesmap concept; underlying population evolves.,155.1,,,,
DE,Germany,DE_core_2025_DE_game2025_10,DE_core,DE_game2025,2025 association snapshot,2025,12134,,,estimated,True,all,Covered industry workforce,printedpp 28–29 employment chart,DE_game2025,False,,,Current 2025 data collected May 2025; historical chart retains original observation years.,people,national_estimate,domestic_workplace,https://www.game.de/wp-content/uploads/2025/08/Annual-report-of-the-German-games-industry-2025-1.pdf,Annual report of the German games industry 2025,,Core game developers and publishers in Germany,Employees; freelance and unpaid-owner treatment unspecified,Core market only. Snapshot year differs from financial observation-year series abroad. Persistent gamesmap concept; underlying population evolves.,151.675,,,,
TR,Turkey,TR_toged_2023_TR_egdf2023_0,TR_toged,TR_egdf2023,2023; precise reference date not stated,2023,10777,,,estimated,True,all,All employment covered by this series.,"p57 employment column, 2023 bar",TR_egdf2023,False,,,"The nearby 3,300 is turnover in million euros, not 2019 employment. All 2019-2022 employment bars are N/A.",FTE,national_estimate,mixed,https://www.egdf.eu/wp-content/uploads/2025/08/2023-European-video-games-industry-insight-report.pdf,2023 European Video Games Industry Insight Report: Turkey,,"Game development and publishing; excludes non-development specialist services, pure asset suppliers, retail and distribution in EGDF questionnaire. Hardware, venues, gambling and esports boundaries not individually specified for Turkey.","EGDF FTE definition includes employees, entrepreneurs and in-house freelancers. Agency staff, apprentices and interns not separately specified; Turkey-specific implementation not documented.",Usable association snapshot only; mixed remote geography and missing local method prevent strict domestic comparison or a trend. No 2019 observation.,134.7125,,,,
ES,Spain,ES_direct_2015_ES_dev2023_0,ES_direct,ES_dev2023,2015,2015,4460,,,estimated,True,all,Covered industry workforce,p 31 Figure 16,ES_dev2023,False,,,"Source-reported actual estimate, not the adjacent forecast",people,national_estimate,domestic_workplace,https://www.oficinamediaespana.eu/images/media_europa/2023_libro_blanco_dev_digital_media.pdf,Libro Blanco 2023,,Active Spanish game-development companies including outsourcing/codesvelopment and other studio activities,Direct workers; external freelance collaborators reported separately,Domestic development-company workers; precise handling of owners and cross-border direct staff not fully specified. Retrospective direct series; explicit external freelancers separated.,55.75,,,,
ES,Spain,ES_direct_2016_ES_dev2023_1,ES_direct,ES_dev2023,2016,2016,5440,,,estimated,True,all,Covered industry workforce,p 31 Figure 16,ES_dev2023,False,,,"Source-reported actual estimate, not the adjacent forecast",people,national_estimate,domestic_workplace,https://www.oficinamediaespana.eu/images/media_europa/2023_libro_blanco_dev_digital_media.pdf,Libro Blanco 2023,,Active Spanish game-development companies including outsourcing/codesvelopment and other studio activities,Direct workers; external freelance collaborators reported separately,Domestic development-company workers; precise handling of owners and cross-border direct staff not fully specified. Retrospective direct series; explicit external freelancers separated.,68.0,,,,
ES,Spain,ES_direct_2017_ES_dev2023_2,ES_direct,ES_dev2023,2017,2017,6337,,,estimated,True,all,Covered industry workforce,p 31 Figure 16,ES_dev2023,False,,,"Source-reported actual estimate, not the adjacent forecast",people,national_estimate,domestic_workplace,https://www.oficinamediaespana.eu/images/media_europa/2023_libro_blanco_dev_digital_media.pdf,Libro Blanco 2023,,Active Spanish game-development companies including outsourcing/codesvelopment and other studio activities,Direct workers; external freelance collaborators reported separately,Domestic development-company workers; precise handling of owners and cross-border direct staff not fully specified. Retrospective direct series; explicit external freelancers separated.,79.2125,,,,
ES,Spain,ES_direct_2018_ES_dev2023_3,ES_direct,ES_dev2023,2018,2018,6900,,,estimated,True,all,Covered industry workforce,p 31 Figure 16,ES_dev2023,False,,,"Source-reported actual estimate, not the adjacent forecast",people,national_estimate,domestic_workplace,https://www.oficinamediaespana.eu/images/media_europa/2023_libro_blanco_dev_digital_media.pdf,Libro Blanco 2023,,Active Spanish game-development companies including outsourcing/codesvelopment and other studio activities,Direct workers; external freelance collaborators reported separately,Domestic development-company workers; precise handling of owners and cross-border direct staff not fully specified. Retrospective direct series; explicit external freelancers separated.,86.25,,,,
ES,Spain,ES_direct_2019_ES_dev2023_4,ES_direct,ES_dev2023,2019,2019,7320,,,estimated,True,all,Covered industry workforce,p 31 Figure 16,ES_dev2023,False,,,"Source-reported actual estimate, not the adjacent forecast",people,national_estimate,domestic_workplace,https://www.oficinamediaespana.eu/images/media_europa/2023_libro_blanco_dev_digital_media.pdf,Libro Blanco 2023,,Active Spanish game-development companies including outsourcing/codesvelopment and other studio activities,Direct workers; external freelance collaborators reported separately,Domestic development-company workers; precise handling of owners and cross-border direct staff not fully specified. Retrospective direct series; explicit external freelancers separated.,91.5,,,,
ES,Spain,ES_direct_2020_ES_dev2025_5,ES_direct,ES_dev2025,2020,2020,8026,,,estimated,True,all,Covered industry workforce,p 35 actual-history chart,ES_dev2025,False,,,"Source-reported actual estimate, not the adjacent forecast",people,national_estimate,domestic_workplace,https://dev.org.es/wp-content/uploads/2026/07/2025_LIBRO_BLANCO_DEV.pdf,Libro Blanco 2025,2026-07-07,Active Spanish game-development companies including outsourcing/codesvelopment and other studio activities,Direct workers; external freelance collaborators reported separately,Domestic development-company workers; precise handling of owners and cross-border direct staff not fully specified. Retrospective direct series; explicit external freelancers separated.,100.325,,,,
ES,Spain,ES_direct_2021_ES_dev2025_6,ES_direct,ES_dev2025,2021,2021,8833,,,estimated,True,all,Covered industry workforce,p 35 actual-history chart,ES_dev2025,False,,,"Source-reported actual estimate, not the adjacent forecast",people,national_estimate,domestic_workplace,https://dev.org.es/wp-content/uploads/2026/07/2025_LIBRO_BLANCO_DEV.pdf,Libro Blanco 2025,2026-07-07,Active Spanish game-development companies including outsourcing/codesvelopment and other studio activities,Direct workers; external freelance collaborators reported separately,Domestic development-company workers; precise handling of owners and cross-border direct staff not fully specified. Retrospective direct series; explicit external freelancers separated.,110.4125,,,,
ES,Spain,ES_direct_2022_ES_dev2025_7,ES_direct,ES_dev2025,2022,2022,9261,,,estimated,True,all,Covered industry workforce,p 35 actual-history chart,ES_dev2025,False,,,"Source-reported actual estimate, not the adjacent forecast",people,national_estimate,domestic_workplace,https://dev.org.es/wp-content/uploads/2026/07/2025_LIBRO_BLANCO_DEV.pdf,Libro Blanco 2025,2026-07-07,Active Spanish game-development companies including outsourcing/codesvelopment and other studio activities,Direct workers; external freelance collaborators reported separately,Domestic development-company workers; precise handling of owners and cross-border direct staff not fully specified. Retrospective direct series; explicit external freelancers separated.,115.7625,,,,
ES,Spain,ES_direct_2023_ES_dev2025_8,ES_direct,ES_dev2025,2023,2023,10259,,,estimated,True,all,Covered industry workforce,p 35 actual-history chart,ES_dev2025,False,,,"Source-reported actual estimate, not the adjacent forecast",people,national_estimate,domestic_workplace,https://dev.org.es/wp-content/uploads/2026/07/2025_LIBRO_BLANCO_DEV.pdf,Libro Blanco 2025,2026-07-07,Active Spanish game-development companies including outsourcing/codesvelopment and other studio activities,Direct workers; external freelance collaborators reported separately,Domestic development-company workers; precise handling of owners and cross-border direct staff not fully specified. Retrospective direct series; explicit external freelancers separated.,128.2375,,,,
ES,Spain,ES_direct_2024_ES_dev2025_9,ES_direct,ES_dev2025,2024,2024,10508,,,estimated,True,all,Covered industry workforce,p 35 actual-history chart,ES_dev2025,False,,,"Source-reported actual estimate, not the adjacent forecast",people,national_estimate,domestic_workplace,https://dev.org.es/wp-content/uploads/2026/07/2025_LIBRO_BLANCO_DEV.pdf,Libro Blanco 2025,2026-07-07,Active Spanish game-development companies including outsourcing/codesvelopment and other studio activities,Direct workers; external freelance collaborators reported separately,Domestic development-company workers; precise handling of owners and cross-border direct staff not fully specified. Retrospective direct series; explicit external freelancers separated.,131.35,,,,
FR,France,FR_ey_direct_fte_2019_FR_ey2025_0,FR_ey_direct_fte,FR_ey2025,2019,2019,6700,,,estimated,True,all,Direct employee FTE in the defined French games sector; independent workers excluded,printedp 56 employment chart,FR_ey2025,False,,Source thousands of FTE ×1000,"Published in thousands to one decimal; multiplied by 1000 solely for unit display, not FTE conversion.",FTE,national_estimate,domestic_workplace,https://www.artcena.fr/sites/default/files/medias/rapport-panorama-industries-culturelles-creatives-2025.pdf,Panorama des Industries Culturelles et Créatives 2025,,"Video-game publishers, developers and technology suppliers; excludes console/accessory manufacturing, local associations and esports organisations. Measured using EY weighted industry-code allocations.",Employee FTE; independent workers explicitly excluded by the games-sector definition on printedp 54. Salaried owner treatment is not separately described.,Domestic direct employee FTE. Games-specificp 54 exclusion of independent workers overrides the generic appendix discussion of non-salaried work. Preferred annual chart retains the consistent roundedp 56 series; exactp 54 endpoints 6674 and 9944 are separately preserved nonpreferred. No splice with older EY editions.,83.75,,,,
FR,France,FR_ey_direct_fte_2020_FR_ey2025_1,FR_ey_direct_fte,FR_ey2025,2020,2020,9700,,,estimated,True,all,Direct employee FTE in the defined French games sector; independent workers excluded,printedp 56 employment chart,FR_ey2025,False,,Source thousands of FTE ×1000,"Published in thousands to one decimal; multiplied by 1000 solely for unit display, not FTE conversion.",FTE,national_estimate,domestic_workplace,https://www.artcena.fr/sites/default/files/medias/rapport-panorama-industries-culturelles-creatives-2025.pdf,Panorama des Industries Culturelles et Créatives 2025,,"Video-game publishers, developers and technology suppliers; excludes console/accessory manufacturing, local associations and esports organisations. Measured using EY weighted industry-code allocations.",Employee FTE; independent workers explicitly excluded by the games-sector definition on printedp 54. Salaried owner treatment is not separately described.,Domestic direct employee FTE. Games-specificp 54 exclusion of independent workers overrides the generic appendix discussion of non-salaried work. Preferred annual chart retains the consistent roundedp 56 series; exactp 54 endpoints 6674 and 9944 are separately preserved nonpreferred. No splice with older EY editions.,121.25,,,,
FR,France,FR_ey_direct_fte_2021_FR_ey2025_2,FR_ey_direct_fte,FR_ey2025,2021,2021,10200,,,estimated,True,all,Direct employee FTE in the defined French games sector; independent workers excluded,printedp 56 employment chart,FR_ey2025,False,,Source thousands of FTE ×1000,"Published in thousands to one decimal; multiplied by 1000 solely for unit display, not FTE conversion.",FTE,national_estimate,domestic_workplace,https://www.artcena.fr/sites/default/files/medias/rapport-panorama-industries-culturelles-creatives-2025.pdf,Panorama des Industries Culturelles et Créatives 2025,,"Video-game publishers, developers and technology suppliers; excludes console/accessory manufacturing, local associations and esports organisations. Measured using EY weighted industry-code allocations.",Employee FTE; independent workers explicitly excluded by the games-sector definition on printedp 54. Salaried owner treatment is not separately described.,Domestic direct employee FTE. Games-specificp 54 exclusion of independent workers overrides the generic appendix discussion of non-salaried work. Preferred annual chart retains the consistent roundedp 56 series; exactp 54 endpoints 6674 and 9944 are separately preserved nonpreferred. No splice with older EY editions.,127.5,,,,
FR,France,FR_ey_direct_fte_2022_FR_ey2025_3,FR_ey_direct_fte,FR_ey2025,2022,2022,11300,,,estimated,True,all,Direct employee FTE in the defined French games sector; independent workers excluded,printedp 56 employment chart,FR_ey2025,False,,Source thousands of FTE ×1000,"Published in thousands to one decimal; multiplied by 1000 solely for unit display, not FTE conversion.",FTE,national_estimate,domestic_workplace,https://www.artcena.fr/sites/default/files/medias/rapport-panorama-industries-culturelles-creatives-2025.pdf,Panorama des Industries Culturelles et Créatives 2025,,"Video-game publishers, developers and technology suppliers; excludes console/accessory manufacturing, local associations and esports organisations. Measured using EY weighted industry-code allocations.",Employee FTE; independent workers explicitly excluded by the games-sector definition on printedp 54. Salaried owner treatment is not separately described.,Domestic direct employee FTE. Games-specificp 54 exclusion of independent workers overrides the generic appendix discussion of non-salaried work. Preferred annual chart retains the consistent roundedp 56 series; exactp 54 endpoints 6674 and 9944 are separately preserved nonpreferred. No splice with older EY editions.,141.25,,,,
FR,France,FR_ey_direct_fte_2023_FR_ey2025_4,FR_ey_direct_fte,FR_ey2025,2023,2023,10700,,,estimated,True,all,Direct employee FTE in the defined French games sector; independent workers excluded,printedp 56 employment chart,FR_ey2025,False,,Source thousands of FTE ×1000,"Published in thousands to one decimal; multiplied by 1000 solely for unit display, not FTE conversion.",FTE,national_estimate,domestic_workplace,https://www.artcena.fr/sites/default/files/medias/rapport-panorama-industries-culturelles-creatives-2025.pdf,Panorama des Industries Culturelles et Créatives 2025,,"Video-game publishers, developers and technology suppliers; excludes console/accessory manufacturing, local associations and esports organisations. Measured using EY weighted industry-code allocations.",Employee FTE; independent workers explicitly excluded by the games-sector definition on printedp 54. Salaried owner treatment is not separately described.,Domestic direct employee FTE. Games-specificp 54 exclusion of independent workers overrides the generic appendix discussion of non-salaried work. Preferred annual chart retains the consistent roundedp 56 series; exactp 54 endpoints 6674 and 9944 are separately preserved nonpreferred. No splice with older EY editions.,133.75,,,,
FR,France,FR_ey_direct_fte_2024_FR_ey2025_5,FR_ey_direct_fte,FR_ey2025,2024,2024,9900,,,estimated,True,all,Direct employee FTE in the defined French games sector; independent workers excluded,printedp 56 employment chart,FR_ey2025,False,,Source thousands of FTE ×1000,"Published in thousands to one decimal; multiplied by 1000 solely for unit display, not FTE conversion.",FTE,national_estimate,domestic_workplace,https://www.artcena.fr/sites/default/files/medias/rapport-panorama-industries-culturelles-creatives-2025.pdf,Panorama des Industries Culturelles et Créatives 2025,,"Video-game publishers, developers and technology suppliers; excludes console/accessory manufacturing, local associations and esports organisations. Measured using EY weighted industry-code allocations.",Employee FTE; independent workers explicitly excluded by the games-sector definition on printedp 54. Salaried owner treatment is not separately described.,Domestic direct employee FTE. Games-specificp 54 exclusion of independent workers overrides the generic appendix discussion of non-salaried work. Preferred annual chart retains the consistent roundedp 56 series; exactp 54 endpoints 6674 and 9944 are separately preserved nonpreferred. No splice with older EY editions.,123.75,,,,
SE,Sweden,SE_domestic_2015_SE_gdi2025_0,SE_domestic,SE_gdi2025,2015 annual average,2015,3439,,,reported,True,all,Covered industry workforce,p 18 chart,SE_gdi2025,False,,,2025 report retrospective series,annual_average_full_time_positions,administrative_population,domestic_workplace,https://static1.squarespace.com/static/5a61edb7a803bb7a65252b2d/t/693689ed99d1c01715824468/1765181933680/Game-Developer-Index-2025-ENG-WEB.pdf,Game Developer Index 2025,,"Developers, publishers and game-specialist subcontracting companies, primarily limited companies",Salaried employees and owners receiving salary or benefits; unpaid owners/dividend-only owners excluded,"Domestic series, distinct from overseas subsidiaries. 2024 sample excludes approximately 40 positions at firms bankrupt in 2025. King uses 2023 accounts. No conversion to year-end people.",42.9875,,,,
SE,Sweden,SE_domestic_2016_SE_gdi2025_1,SE_domestic,SE_gdi2025,2016 annual average,2016,3750,,,reported,True,all,Covered industry workforce,p 18 chart,SE_gdi2025,False,,,2025 report retrospective series,annual_average_full_time_positions,administrative_population,domestic_workplace,https://static1.squarespace.com/static/5a61edb7a803bb7a65252b2d/t/693689ed99d1c01715824468/1765181933680/Game-Developer-Index-2025-ENG-WEB.pdf,Game Developer Index 2025,,"Developers, publishers and game-specialist subcontracting companies, primarily limited companies",Salaried employees and owners receiving salary or benefits; unpaid owners/dividend-only owners excluded,"Domestic series, distinct from overseas subsidiaries. 2024 sample excludes approximately 40 positions at firms bankrupt in 2025. King uses 2023 accounts. No conversion to year-end people.",46.875,,,,
SE,Sweden,SE_domestic_2017_SE_gdi2025_2,SE_domestic,SE_gdi2025,2017 annual average,2017,4670,,,reported,True,all,Covered industry workforce,p 18 chart,SE_gdi2025,False,,,2025 report retrospective series,annual_average_full_time_positions,administrative_population,domestic_workplace,https://static1.squarespace.com/static/5a61edb7a803bb7a65252b2d/t/693689ed99d1c01715824468/1765181933680/Game-Developer-Index-2025-ENG-WEB.pdf,Game Developer Index 2025,,"Developers, publishers and game-specialist subcontracting companies, primarily limited companies",Salaried employees and owners receiving salary or benefits; unpaid owners/dividend-only owners excluded,"Domestic series, distinct from overseas subsidiaries. 2024 sample excludes approximately 40 positions at firms bankrupt in 2025. King uses 2023 accounts. No conversion to year-end people.",58.375,,,,
SE,Sweden,SE_domestic_2018_SE_gdi2025_3,SE_domestic,SE_gdi2025,2018 annual average,2018,5320,,,reported,True,all,Covered industry workforce,p 18 chart,SE_gdi2025,False,,,2025 report retrospective series,annual_average_full_time_positions,administrative_population,domestic_workplace,https://static1.squarespace.com/static/5a61edb7a803bb7a65252b2d/t/693689ed99d1c01715824468/1765181933680/Game-Developer-Index-2025-ENG-WEB.pdf,Game Developer Index 2025,,"Developers, publishers and game-specialist subcontracting companies, primarily limited companies",Salaried employees and owners receiving salary or benefits; unpaid owners/dividend-only owners excluded,"Domestic series, distinct from overseas subsidiaries. 2024 sample excludes approximately 40 positions at firms bankrupt in 2025. King uses 2023 accounts. No conversion to year-end people.",66.5,,,,
SE,Sweden,SE_domestic_2019_SE_gdi2025_4,SE_domestic,SE_gdi2025,2019 annual average,2019,5925,,,reported,True,all,Covered industry workforce,p 18 chart,SE_gdi2025,False,,,2025 report retrospective series,annual_average_full_time_positions,administrative_population,domestic_workplace,https://static1.squarespace.com/static/5a61edb7a803bb7a65252b2d/t/693689ed99d1c01715824468/1765181933680/Game-Developer-Index-2025-ENG-WEB.pdf,Game Developer Index 2025,,"Developers, publishers and game-specialist subcontracting companies, primarily limited companies",Salaried employees and owners receiving salary or benefits; unpaid owners/dividend-only owners excluded,"Domestic series, distinct from overseas subsidiaries. 2024 sample excludes approximately 40 positions at firms bankrupt in 2025. King uses 2023 accounts. No conversion to year-end people.",74.0625,,,,
SE,Sweden,SE_domestic_2020_SE_gdi2025_5,SE_domestic,SE_gdi2025,2020 annual average,2020,6596,,,reported,True,all,Covered industry workforce,p 18 chart,SE_gdi2025,False,,,2025 report retrospective series,annual_average_full_time_positions,administrative_population,domestic_workplace,https://static1.squarespace.com/static/5a61edb7a803bb7a65252b2d/t/693689ed99d1c01715824468/1765181933680/Game-Developer-Index-2025-ENG-WEB.pdf,Game Developer Index 2025,,"Developers, publishers and game-specialist subcontracting companies, primarily limited companies",Salaried employees and owners receiving salary or benefits; unpaid owners/dividend-only owners excluded,"Domestic series, distinct from overseas subsidiaries. 2024 sample excludes approximately 40 positions at firms bankrupt in 2025. King uses 2023 accounts. No conversion to year-end people.",82.45,,,,
SE,Sweden,SE_domestic_2021_SE_gdi2025_6,SE_domestic,SE_gdi2025,2021 annual average,2021,7944,,,reported,True,all,Covered industry workforce,p 18 chart,SE_gdi2025,False,,,2025 report retrospective series,annual_average_full_time_positions,administrative_population,domestic_workplace,https://static1.squarespace.com/static/5a61edb7a803bb7a65252b2d/t/693689ed99d1c01715824468/1765181933680/Game-Developer-Index-2025-ENG-WEB.pdf,Game Developer Index 2025,,"Developers, publishers and game-specialist subcontracting companies, primarily limited companies",Salaried employees and owners receiving salary or benefits; unpaid owners/dividend-only owners excluded,"Domestic series, distinct from overseas subsidiaries. 2024 sample excludes approximately 40 positions at firms bankrupt in 2025. King uses 2023 accounts. No conversion to year-end people.",99.3,,,,
SE,Sweden,SE_domestic_2022_SE_gdi2025_7,SE_domestic,SE_gdi2025,2022 annual average,2022,8445,,,reported,True,all,Covered industry workforce,p 18 chart,SE_gdi2025,False,,,2025 report retrospective series,annual_average_full_time_positions,administrative_population,domestic_workplace,https://static1.squarespace.com/static/5a61edb7a803bb7a65252b2d/t/693689ed99d1c01715824468/1765181933680/Game-Developer-Index-2025-ENG-WEB.pdf,Game Developer Index 2025,,"Developers, publishers and game-specialist subcontracting companies, primarily limited companies",Salaried employees and owners receiving salary or benefits; unpaid owners/dividend-only owners excluded,"Domestic series, distinct from overseas subsidiaries. 2024 sample excludes approximately 40 positions at firms bankrupt in 2025. King uses 2023 accounts. No conversion to year-end people.",105.5625,,,,
SE,Sweden,SE_domestic_2023_SE_gdi2025_8,SE_domestic,SE_gdi2025,2023 annual average,2023,9089,,,reported,True,all,Covered industry workforce,p 18 chart,SE_gdi2025,False,,,2025 report retrospective series,annual_average_full_time_positions,administrative_population,domestic_workplace,https://static1.squarespace.com/static/5a61edb7a803bb7a65252b2d/t/693689ed99d1c01715824468/1765181933680/Game-Developer-Index-2025-ENG-WEB.pdf,Game Developer Index 2025,,"Developers, publishers and game-specialist subcontracting companies, primarily limited companies",Salaried employees and owners receiving salary or benefits; unpaid owners/dividend-only owners excluded,"Domestic series, distinct from overseas subsidiaries. 2024 sample excludes approximately 40 positions at firms bankrupt in 2025. King uses 2023 accounts. No conversion to year-end people.",113.6125,,,,
SE,Sweden,SE_domestic_2024_SE_gdi2025_9,SE_domestic,SE_gdi2025,2024 annual average,2024,9130,,,reported,True,all,Covered industry workforce,p 18 chart,SE_gdi2025,True,2024 cohort excludes firms bankrupt in 2025; King uses prior-year accounts,,2025 report retrospective series,annual_average_full_time_positions,administrative_population,domestic_workplace,https://static1.squarespace.com/static/5a61edb7a803bb7a65252b2d/t/693689ed99d1c01715824468/1765181933680/Game-Developer-Index-2025-ENG-WEB.pdf,Game Developer Index 2025,,"Developers, publishers and game-specialist subcontracting companies, primarily limited companies",Salaried employees and owners receiving salary or benefits; unpaid owners/dividend-only owners excluded,"Domestic series, distinct from overseas subsidiaries. 2024 sample excludes approximately 40 positions at firms bankrupt in 2025. King uses 2023 accounts. No conversion to year-end people.",114.125,,,,
RO,Romania,RO_employees2024_2024_RO_rgda2025_0,RO_employees2024,RO_rgda2025,2024,2024,6100,,,estimated,True,all,Covered industry workforce,p 2 headcount,RO_rgda2025,False,,,Reported rounded count; do not infer precise 2023 baseline from-7.4%.,people,national_estimate,domestic_workplace,https://rgda.ro/wp-content/uploads/2025/09/2025-09-12-RGDA-Romania-game-development-industry-in-2024-EN-BT.pdf,Romania game development industry in 2024,,Romanian game-development industry including international studios and service providers,Employees; source no longer says collaborators,2024-only series because prior infographic explicitly includes collaborators. Source reports-7.4% but contractor perimeter not reconciled.,76.25,,,,
RO,Romania,RO_employees_collaborators_2022_RO_rgda2023_1,RO_employees_collaborators,RO_rgda2023,2022,2022,6800,,,estimated,True,all,Covered industry workforce,p 1,RO_rgda2023,False,,,,people,national_estimate,domestic_workplace,https://rgda.ro/wp-content/uploads/2023/10/2023-10-05-RGDA-Infografic-industrie-2022-EN.pdf,Romanian video-games industry development 2022,,"Game development, original IP and service companies in Romania",Employees and collaborators (freelance or contract collaborator legal status unspecified),Includes collaborators; not automatically comparable to employee-only payroll measures.,85.0,,,,
RO,Romania,RO_employees_collaborators_2023_RO_rgda2024_2,RO_employees_collaborators,RO_rgda2024,2023,2023,6600,,,estimated,True,all,Covered industry workforce,headcount infographic,RO_rgda2024,False,,,,people,national_estimate,domestic_workplace,https://rgda.ro/wp-content/uploads/2024/11/RGDA_2024_snapshot_07_EN.png,Romanian video-games industry development 2023,,"Game development, original IP and service companies in Romania",Employees and collaborators (freelance or contract collaborator legal status unspecified),Includes collaborators; not automatically comparable to employee-only payroll measures.,82.5,,,,
CY,Cyprus,CY_local_2019_CY_cygma2025_0,CY_local,CY_cygma2025,2019; precise within-year reference not stated,2019,1438,,,estimated,True,all,All employment covered by this series.,p15 chart,CY_cygma2025,False,,,,people,administrative_population,domestic_workplace,https://cygma.eu/wp-content/uploads/2026/08/Cyprus-Video-Game-Industry-Report-2025_by-CYGMA.pdf,Cyprus Video Game Industry Report 2025,2026-08-17,"Video game development/publishing company mapping; excludes iGaming as an intended scope. Administrative J58/J62 categories are imperfect proxies. Hardware, retail, venues and indirect jobs are not the intended total. Specialist services not separately quantified.",People employed and paying taxes; employee/founder/contractor/apprentice/intern split unknown.,Continuous 2019-2024 chart from one report vintage; domestic tax employment is explicit. Index is a within-series change only. Pure core scope and contractor coverage remain imperfect.,17.975,,,,
CY,Cyprus,CY_local_2020_CY_cygma2025_1,CY_local,CY_cygma2025,2020; precise within-year reference not stated,2020,1631,,,estimated,True,all,All employment covered by this series.,p15 chart,CY_cygma2025,False,,,,people,administrative_population,domestic_workplace,https://cygma.eu/wp-content/uploads/2026/08/Cyprus-Video-Game-Industry-Report-2025_by-CYGMA.pdf,Cyprus Video Game Industry Report 2025,2026-08-17,"Video game development/publishing company mapping; excludes iGaming as an intended scope. Administrative J58/J62 categories are imperfect proxies. Hardware, retail, venues and indirect jobs are not the intended total. Specialist services not separately quantified.",People employed and paying taxes; employee/founder/contractor/apprentice/intern split unknown.,Continuous 2019-2024 chart from one report vintage; domestic tax employment is explicit. Index is a within-series change only. Pure core scope and contractor coverage remain imperfect.,20.3875,,,,
CY,Cyprus,CY_local_2021_CY_cygma2025_2,CY_local,CY_cygma2025,2021; precise within-year reference not stated,2021,2166,,,estimated,True,all,All employment covered by this series.,p15 chart,CY_cygma2025,False,,,,people,administrative_population,domestic_workplace,https://cygma.eu/wp-content/uploads/2026/08/Cyprus-Video-Game-Industry-Report-2025_by-CYGMA.pdf,Cyprus Video Game Industry Report 2025,2026-08-17,"Video game development/publishing company mapping; excludes iGaming as an intended scope. Administrative J58/J62 categories are imperfect proxies. Hardware, retail, venues and indirect jobs are not the intended total. Specialist services not separately quantified.",People employed and paying taxes; employee/founder/contractor/apprentice/intern split unknown.,Continuous 2019-2024 chart from one report vintage; domestic tax employment is explicit. Index is a within-series change only. Pure core scope and contractor coverage remain imperfect.,27.075,,,,
CY,Cyprus,CY_local_2022_CY_cygma2025_3,CY_local,CY_cygma2025,2022; precise within-year reference not stated,2022,3105,,,estimated,True,all,All employment covered by this series.,p15 chart,CY_cygma2025,False,,,,people,administrative_population,domestic_workplace,https://cygma.eu/wp-content/uploads/2026/08/Cyprus-Video-Game-Industry-Report-2025_by-CYGMA.pdf,Cyprus Video Game Industry Report 2025,2026-08-17,"Video game development/publishing company mapping; excludes iGaming as an intended scope. Administrative J58/J62 categories are imperfect proxies. Hardware, retail, venues and indirect jobs are not the intended total. Specialist services not separately quantified.",People employed and paying taxes; employee/founder/contractor/apprentice/intern split unknown.,Continuous 2019-2024 chart from one report vintage; domestic tax employment is explicit. Index is a within-series change only. Pure core scope and contractor coverage remain imperfect.,38.8125,,,,
CY,Cyprus,CY_local_2023_CY_cygma2025_4,CY_local,CY_cygma2025,2023; precise within-year reference not stated,2023,4057,,,estimated,True,all,All employment covered by this series.,p15 chart,CY_cygma2025,False,,,,people,administrative_population,domestic_workplace,https://cygma.eu/wp-content/uploads/2026/08/Cyprus-Video-Game-Industry-Report-2025_by-CYGMA.pdf,Cyprus Video Game Industry Report 2025,2026-08-17,"Video game development/publishing company mapping; excludes iGaming as an intended scope. Administrative J58/J62 categories are imperfect proxies. Hardware, retail, venues and indirect jobs are not the intended total. Specialist services not separately quantified.",People employed and paying taxes; employee/founder/contractor/apprentice/intern split unknown.,Continuous 2019-2024 chart from one report vintage; domestic tax employment is explicit. Index is a within-series change only. Pure core scope and contractor coverage remain imperfect.,50.7125,,,,
CY,Cyprus,CY_local_2024_CY_cygma2025_5,CY_local,CY_cygma2025,2024; precise within-year reference not stated,2024,4320,,,estimated,True,all,All employment covered by this series.,p15 chart,CY_cygma2025,False,,,,people,administrative_population,domestic_workplace,https://cygma.eu/wp-content/uploads/2026/08/Cyprus-Video-Game-Industry-Report-2025_by-CYGMA.pdf,Cyprus Video Game Industry Report 2025,2026-08-17,"Video game development/publishing company mapping; excludes iGaming as an intended scope. Administrative J58/J62 categories are imperfect proxies. Hardware, retail, venues and indirect jobs are not the intended total. Specialist services not separately quantified.",People employed and paying taxes; employee/founder/contractor/apprentice/intern split unknown.,Continuous 2019-2024 chart from one report vintage; domestic tax employment is explicit. Index is a within-series change only. Pure core scope and contractor coverage remain imperfect.,54.0,,,,
NL,Netherlands,NL_domestic_broad_2018_NL_gm2024_0,NL_domestic_broad,NL_gm2024,end of 2018,2018,3834,,,reported,True,all,Covered industry workforce,p 18 Table 1.1,NL_gm2024,False,,,,jobs,administrative_population,domestic_workplace,https://investgame.net/wp-content/uploads/2025/12/2025-12-17-GM24_losse_paginas.pdf,Games Monitor 2024,,"Development, production, publishing, facilitation and electronic distribution; entertainment and applied games; specialist services and freelancers; excludes retail and gambling",Employees and active self-employed specialists; founders with main employment elsewhere not active jobs,"Same published definition; most 2021–2023 decline is reclassification of company focus, not job loss. No 2019 observation.",47.925,,,,
NL,Netherlands,NL_domestic_broad_2021_NL_gm2024_1,NL_domestic_broad,NL_gm2024,end of 2021,2021,4560,,,reported,True,all,Covered industry workforce,p 18 Table 1.1,NL_gm2024,False,,,,jobs,administrative_population,domestic_workplace,https://investgame.net/wp-content/uploads/2025/12/2025-12-17-GM24_losse_paginas.pdf,Games Monitor 2024,,"Development, production, publishing, facilitation and electronic distribution; entertainment and applied games; specialist services and freelancers; excludes retail and gambling",Employees and active self-employed specialists; founders with main employment elsewhere not active jobs,"Same published definition; most 2021–2023 decline is reclassification of company focus, not job loss. No 2019 observation.",57.0,,,,
NL,Netherlands,NL_domestic_broad_2023_NL_gm2024_2,NL_domestic_broad,NL_gm2024,end of 2023,2023,4291,,,reported,True,all,Covered industry workforce,p 18 Table 1.1,NL_gm2024,True,Company-focus changes remove jobs from games coverage without those jobs necessarily disappearing.,,,jobs,administrative_population,domestic_workplace,https://investgame.net/wp-content/uploads/2025/12/2025-12-17-GM24_losse_paginas.pdf,Games Monitor 2024,,"Development, production, publishing, facilitation and electronic distribution; entertainment and applied games; specialist services and freelancers; excludes retail and gambling",Employees and active self-employed specialists; founders with main employment elsewhere not active jobs,"Same published definition; most 2021–2023 decline is reclassification of company focus, not job loss. No 2019 observation.",53.6375,,,,
NL,Netherlands,NL_domestic_broad_2015_NL_gm2015_4,NL_domestic_broad,NL_gm2015,"2015, May 2015 register plus survey",2015,3030,,,estimated,True,all,Covered industry workforce,p 8 Table 1.1,NL_gm2015,True,"2015 estimates 35 companies; later report finds employment information for all companies. Stable broad industry definition, changing evidence completeness.",,,jobs,administrative_population,domestic_workplace,https://catalogus.boekman.nl/pub/P16-0091.pdf,Games Monitor 2015,,"Development, production, publishing, facilitation and electronic distribution; entertainment and applied games; specialist services and freelancers; excludes retail and gambling",Employees and active self-employed specialists; founders with main employment elsewhere not active jobs,"Same published definition; most 2021–2023 decline is reclassification of company focus, not job loss. No 2019 observation.",37.875,,,,
RS,Serbia,RS_national_estimate_2024_RS_release2025_0,RS_national_estimate,RS_release2025,2024,2024,4500,,,estimated,True,all,Covered industry workforce,Other data section,RS_release2025,False,,,"2024 explicitly described as 300 more than 2025, alongside 2025 estimate.",people,national_estimate,mixed,https://sga.rs/en/news/fewest-games-released-highest-revenue-ever-read-the-new-report-on-serbian-video-game-industry-for-2025/,"Fewest games released, highest revenue ever: 2025 industry report",2026-04-20,"Serbian development studios and teams, including service development",Game development professionals; detailed employee/contractor boundary not supplied,National estimate distinguished from respondent count. Treatment of 115 respondent workers outside Serbia is unresolved; exclude strict domestic comparison.,56.25,,,,
RS,Serbia,RS_national_estimate_2025_RS_release2025_1,RS_national_estimate,RS_release2025,2025,2025,4200,,,estimated,True,all,Covered industry workforce,Other data section,RS_release2025,False,,,"2024 explicitly described as 300 more than 2025, alongside 2025 estimate.",people,national_estimate,mixed,https://sga.rs/en/news/fewest-games-released-highest-revenue-ever-read-the-new-report-on-serbian-video-game-industry-for-2025/,"Fewest games released, highest revenue ever: 2025 industry report",2026-04-20,"Serbian development studios and teams, including service development",Game development professionals; detailed employee/contractor boundary not supplied,National estimate distinguished from respondent count. Treatment of 115 respondent workers outside Serbia is unresolved; exclude strict domestic comparison.,52.5,,,,
FI,Finland,FI_domestic_2024_fte_2024_FI_neogames2024_5,FI_domestic_2024_fte,FI_neogames2024,end of 2024,2024,3800,,,estimated,True,all,Covered industry workforce,p 12,FI_neogames2024,False,,,Source directly reports approximately 3800 FTE. Not simply an analyst conversion.,FTE,national_estimate,domestic_workplace,https://neogames.fi/wp-content/uploads/2025/08/FinnishGameIndustryReport2024.pdf,The Finnish Game Industry 2024,2025-08-15,Game studios in Finland,Employees and entrepreneurs,Reportp 12 explicitly uses FTE even though nearby passages call the same figure people; retained as FTE without conversion.,47.5,,,,
AU,Australia,AU_igea_survey_2016_AU_agds2024_0,AU_igea_survey,AU_agds2024,FY ending 30 June 2016,2016,842,,,reported,True,all,All employment covered by this series.,p6 historical table,AU_agds2024,False,,,63 companies in source historical table; 2016 employment reference within fiscal year not further resolved.,source_reported_full_time_employment,survey_sample,domestic_workplace,https://igea.net/wp-content/uploads/2024/12/AGDS-2024-Report-Final.pdf,Australian Game Development Survey FY2024,,"Australian game development studios including contracted development and all internal roles; broader publishing distribution, hardware, retail, venues, esports and indirect employment not included as separate sectors.","Source says full-time employees, includes full-time equivalents and contractors. Conversion of every contractor to FTE is not established. Founders/interns/apprentices not separately specified.",Financial years ending 30 June. Changing studio samples; no continuous population estimate or index.,10.525,,,,
AU,Australia,AU_igea_survey_2017_AU_agds2024_1,AU_igea_survey,AU_agds2024,FY ending 30 June 2017,2017,928,,,reported,True,all,All employment covered by this series.,p6 historical table,AU_agds2024,False,,,114 companies in source historical table; 2017 employment reference within fiscal year not further resolved.,source_reported_full_time_employment,survey_sample,domestic_workplace,https://igea.net/wp-content/uploads/2024/12/AGDS-2024-Report-Final.pdf,Australian Game Development Survey FY2024,,"Australian game development studios including contracted development and all internal roles; broader publishing distribution, hardware, retail, venues, esports and indirect employment not included as separate sectors.","Source says full-time employees, includes full-time equivalents and contractors. Conversion of every contractor to FTE is not established. Founders/interns/apprentices not separately specified.",Financial years ending 30 June. Changing studio samples; no continuous population estimate or index.,11.6,,,,
AU,Australia,AU_igea_survey_2019_AU_agds2024_2,AU_igea_survey,AU_agds2024,FY ending 30 June 2019,2019,1275,,,reported,True,all,All employment covered by this series.,p6 historical table,AU_agds2024,False,,,143 companies in source historical table; 2019 employment reference within fiscal year not further resolved.,source_reported_full_time_employment,survey_sample,domestic_workplace,https://igea.net/wp-content/uploads/2024/12/AGDS-2024-Report-Final.pdf,Australian Game Development Survey FY2024,,"Australian game development studios including contracted development and all internal roles; broader publishing distribution, hardware, retail, venues, esports and indirect employment not included as separate sectors.","Source says full-time employees, includes full-time equivalents and contractors. Conversion of every contractor to FTE is not established. Founders/interns/apprentices not separately specified.",Financial years ending 30 June. Changing studio samples; no continuous population estimate or index.,15.9375,,,,
AU,Australia,AU_igea_survey_2020_AU_agds2024_3,AU_igea_survey,AU_agds2024,FY ending 30 June 2020,2020,1245,,,reported,True,all,All employment covered by this series.,p6 historical table,AU_agds2024,False,,,97 companies in source historical table; 2020 employment reference within fiscal year not further resolved.,source_reported_full_time_employment,survey_sample,domestic_workplace,https://igea.net/wp-content/uploads/2024/12/AGDS-2024-Report-Final.pdf,Australian Game Development Survey FY2024,,"Australian game development studios including contracted development and all internal roles; broader publishing distribution, hardware, retail, venues, esports and indirect employment not included as separate sectors.","Source says full-time employees, includes full-time equivalents and contractors. Conversion of every contractor to FTE is not established. Founders/interns/apprentices not separately specified.",Financial years ending 30 June. Changing studio samples; no continuous population estimate or index.,15.5625,,,,
AU,Australia,AU_igea_survey_2021_AU_agds2024_4,AU_igea_survey,AU_agds2024,FY ending 30 June 2021,2021,1327,,,reported,True,all,All employment covered by this series.,p6 historical table,AU_agds2024,False,,,187 companies in source historical table; 2021 employment reference within fiscal year not further resolved.,source_reported_full_time_employment,survey_sample,domestic_workplace,https://igea.net/wp-content/uploads/2024/12/AGDS-2024-Report-Final.pdf,Australian Game Development Survey FY2024,,"Australian game development studios including contracted development and all internal roles; broader publishing distribution, hardware, retail, venues, esports and indirect employment not included as separate sectors.","Source says full-time employees, includes full-time equivalents and contractors. Conversion of every contractor to FTE is not established. Founders/interns/apprentices not separately specified.",Financial years ending 30 June. Changing studio samples; no continuous population estimate or index.,16.5875,,,,
AU,Australia,AU_igea_survey_2022_AU_agds2024_5,AU_igea_survey,AU_agds2024,FY ending 30 June 2022,2022,2104,,,reported,True,all,All employment covered by this series.,p6 historical table,AU_agds2024,False,,,102 companies in source historical table; 2022 employment reference within fiscal year not further resolved.,source_reported_full_time_employment,survey_sample,domestic_workplace,https://igea.net/wp-content/uploads/2024/12/AGDS-2024-Report-Final.pdf,Australian Game Development Survey FY2024,,"Australian game development studios including contracted development and all internal roles; broader publishing distribution, hardware, retail, venues, esports and indirect employment not included as separate sectors.","Source says full-time employees, includes full-time equivalents and contractors. Conversion of every contractor to FTE is not established. Founders/interns/apprentices not separately specified.",Financial years ending 30 June. Changing studio samples; no continuous population estimate or index.,26.3,,,,
AU,Australia,AU_igea_survey_2023_AU_agds2024_6,AU_igea_survey,AU_agds2024,FY ending 30 June 2023,2023,2458,,,reported,True,all,All employment covered by this series.,p6 historical table,AU_agds2024,False,,,111 companies in source historical table; 2023 employment reference within fiscal year not further resolved.,source_reported_full_time_employment,survey_sample,domestic_workplace,https://igea.net/wp-content/uploads/2024/12/AGDS-2024-Report-Final.pdf,Australian Game Development Survey FY2024,,"Australian game development studios including contracted development and all internal roles; broader publishing distribution, hardware, retail, venues, esports and indirect employment not included as separate sectors.","Source says full-time employees, includes full-time equivalents and contractors. Conversion of every contractor to FTE is not established. Founders/interns/apprentices not separately specified.",Financial years ending 30 June. Changing studio samples; no continuous population estimate or index.,30.725,,,,
AU,Australia,AU_igea_survey_2024_AU_agds2024_7,AU_igea_survey,AU_agds2024,FY ending 30 June 2024,2024,2465,,,reported,True,all,All employment covered by this series.,p6 historical table,AU_agds2024,False,,,137 companies in source historical table; 2024 employment reference within fiscal year not further resolved.,source_reported_full_time_employment,survey_sample,domestic_workplace,https://igea.net/wp-content/uploads/2024/12/AGDS-2024-Report-Final.pdf,Australian Game Development Survey FY2024,,"Australian game development studios including contracted development and all internal roles; broader publishing distribution, hardware, retail, venues, esports and indirect employment not included as separate sectors.","Source says full-time employees, includes full-time equivalents and contractors. Conversion of every contractor to FTE is not established. Founders/interns/apprentices not separately specified.",Financial years ending 30 June. Changing studio samples; no continuous population estimate or index.,30.8125,,,,
AU,Australia,AU_igea_augmented_2025_AU_agds2025_8,AU_igea_augmented,AU_agds2025,FY 1 July 2024 to 30 June 2025; collected Oct 2025-Jan 2026,2025,2443,,,estimated,True,all,All employment covered by this series.,p1; p3,AU_agds2025,True,AU_faq2025 describes added employment estimates for nonresponding studios.,,,source_reported_full_time_employment,national_estimate,domestic_workplace,https://igea.net/wp-content/uploads/2026/03/AGD-2025-Standalone-Infographic.pdf,Australian Game Development Industry Snapshot FY2025,2026-03-18,"Australian game development studios including contracted development and all internal roles; broader publishing distribution, hardware, retail, venues, esports and indirect employment not included as separate sectors.",Full-time employees including FTEs and contractors; other statuses unknown.,Methodology break from historical survey. Source_native total retained; do not calculate a consistent 2024-25 decline.,30.5375,,,,
NZ,New Zealand,NZ_fulltime_2015_NZ_survey2015_0,NZ_fulltime,NZ_survey2015,FY ending 31 March 2015; employment at March where specified,2015,568,,,reported,True,all,All employment covered by this series.,Employment / Job Creation paragraph,NZ_survey2015,False,,,Survey respondents: 27 studios. ,full_time_positions,survey_sample,mixed,https://www.nzgda.com/blog/news/survey2015,NZGDA industry survey 2015,2015-08-21,"Games and interactive studios; later surveys explicitly include VR/AR, education technology and serious games. Contract development and studio services included; hardware, retail, venues and indirect employment not the intended scope.","Source wording shown per observation. Contractors, founders, agency staff, apprentices and interns not separately defined.",Fiscal years ending 31 March; reference-date exceptions in country notes. Variable samples and source units; no line trend or index. Overseas-office inclusion unresolved in later summaries.,7.1,,,,
NZ,New Zealand,NZ_fte_2016_NZ_survey2016_1,NZ_fte,NZ_survey2016,FY ending 31 March 2016; employment at March where specified,2016,475,,,reported,True,all,All employment covered by this series.,Employment / Job Creation paragraph,NZ_survey2016,False,,,Survey respondents: 38 studios. ,FTE,survey_sample,mixed,https://igea.net/2016/08/nz-video-game-exports-continue-to-grow/,NZ video game exports continue to grow (NZGDA release),2016-08-03,"Games and interactive studios; later surveys explicitly include VR/AR, education technology and serious games. Contract development and studio services included; hardware, retail, venues and indirect employment not the intended scope.","Source wording shown per observation. Contractors, founders, agency staff, apprentices and interns not separately defined.",Fiscal years ending 31 March; reference-date exceptions in country notes. Variable samples and source units; no line trend or index. Overseas-office inclusion unresolved in later summaries.,5.9375,,,,
NZ,New Zealand,NZ_workers_2017_NZ_survey2017_2,NZ_workers,NZ_survey2017,FY ending 31 March 2017; employment at March where specified,2017,500,,,reported,True,all,All employment covered by this series.,Employment / Job Creation paragraph,NZ_survey2017,False,,,Survey respondents: 29 studios. ,people,survey_sample,mixed,https://www.nzgda.com/blog/news/survey2017,NZGDA industry survey 2017,2017-09-04,"Games and interactive studios; later surveys explicitly include VR/AR, education technology and serious games. Contract development and studio services included; hardware, retail, venues and indirect employment not the intended scope.","Source wording shown per observation. Contractors, founders, agency staff, apprentices and interns not separately defined.",Fiscal years ending 31 March; reference-date exceptions in country notes. Variable samples and source units; no line trend or index. Overseas-office inclusion unresolved in later summaries.,6.25,,,,
NZ,New Zealand,NZ_fulltime_2018_NZ_survey2018_3,NZ_fulltime,NZ_survey2018,FY ending 31 March 2018; employment at March where specified,2018,550,,,reported,True,all,All employment covered by this series.,Employment / Job Creation paragraph,NZ_survey2018,False,,,Survey respondents: 41 studios. ,full_time_positions,survey_sample,mixed,https://www.nzgda.com/blog/news/survey2018,NZGDA industry survey 2018,2018-08-02,"Games and interactive studios; later surveys explicitly include VR/AR, education technology and serious games. Contract development and studio services included; hardware, retail, venues and indirect employment not the intended scope.","Source wording shown per observation. Contractors, founders, agency staff, apprentices and interns not separately defined.",Fiscal years ending 31 March; reference-date exceptions in country notes. Variable samples and source units; no line trend or index. Overseas-office inclusion unresolved in later summaries.,6.875,,,,
NZ,New Zealand,NZ_workers_2019_NZ_survey2019_4,NZ_workers,NZ_survey2019,FY ending 31 March 2019; employment at March where specified,2019,683,,,reported,True,all,All employment covered by this series.,Employment / Job Creation paragraph,NZ_survey2019,False,,,Survey respondents: 39 studios. ,people,survey_sample,mixed,https://www.nzgda.com/blog/news/survey2019,NZGDA industry survey 2019,2020-02-07,"Games and interactive studios; later surveys explicitly include VR/AR, education technology and serious games. Contract development and studio services included; hardware, retail, venues and indirect employment not the intended scope.","Source wording shown per observation. Contractors, founders, agency staff, apprentices and interns not separately defined.",Fiscal years ending 31 March; reference-date exceptions in country notes. Variable samples and source units; no line trend or index. Overseas-office inclusion unresolved in later summaries.,8.5375,,,,
NZ,New Zealand,NZ_fulltime_2020_NZ_survey2020_5,NZ_fulltime,NZ_survey2020,FY ending 31 March 2020; employment at March where specified,2020,747,,,reported,True,all,All employment covered by this series.,Employment / Job Creation paragraph,NZ_survey2020,False,,,Survey respondents: 42 studios. ,full_time_positions,survey_sample,mixed,https://www.nzgda.com/blog/news/survey2020,NZGDA industry survey 2020,2020-12-11,"Games and interactive studios; later surveys explicitly include VR/AR, education technology and serious games. Contract development and studio services included; hardware, retail, venues and indirect employment not the intended scope.","Source wording shown per observation. Contractors, founders, agency staff, apprentices and interns not separately defined.",Fiscal years ending 31 March; reference-date exceptions in country notes. Variable samples and source units; no line trend or index. Overseas-office inclusion unresolved in later summaries.,9.3375,,,,
NZ,New Zealand,NZ_fte_2021_NZ_survey2021_6,NZ_fte,NZ_survey2021,FY ending 31 March 2021; employment at March where specified,2021,969,,,reported,True,all,All employment covered by this series.,Employment / Job Creation paragraph,NZ_survey2021,False,,,Survey respondents: 63 studios. ,FTE,survey_sample,mixed,https://www.nzgda.com/blog/news/survey2021,NZGDA industry survey 2021,2021-12-10,"Games and interactive studios; later surveys explicitly include VR/AR, education technology and serious games. Contract development and studio services included; hardware, retail, venues and indirect employment not the intended scope.","Source wording shown per observation. Contractors, founders, agency staff, apprentices and interns not separately defined.",Fiscal years ending 31 March; reference-date exceptions in country notes. Variable samples and source units; no line trend or index. Overseas-office inclusion unresolved in later summaries.,12.1125,,,,
NZ,New Zealand,NZ_fulltime_2022_NZ_survey2022_7,NZ_fulltime,NZ_survey2022,FY ending 31 March 2022; employment at March where specified,2022,1070,,,reported,True,all,All employment covered by this series.,Employment / Job Creation paragraph,NZ_survey2022,False,,,Survey respondents: 74 studios. ,full_time_positions,survey_sample,mixed,https://www.nzgda.com/blog/news/nz-interactive-media-industry-survey-2022,NZGDA industry survey 2022,2022-11-28,"Games and interactive studios; later surveys explicitly include VR/AR, education technology and serious games. Contract development and studio services included; hardware, retail, venues and indirect employment not the intended scope.","Source wording shown per observation. Contractors, founders, agency staff, apprentices and interns not separately defined.",Fiscal years ending 31 March; reference-date exceptions in country notes. Variable samples and source units; no line trend or index. Overseas-office inclusion unresolved in later summaries.,13.375,,,,
NZ,New Zealand,NZ_fte_2023_NZ_survey2023_8,NZ_fte,NZ_survey2023,FY ending 31 March 2023; employment at March where specified,2023,1106,,,reported,True,all,All employment covered by this series.,Employment / Job Creation paragraph,NZ_survey2023,False,,,Survey respondents: 93 studios. ,FTE,survey_sample,mixed,https://www.nzgda.com/blog/news/nz-interactive-media-industry-survey-2023,NZGDA industry survey 2023,2023-12-19,"Games and interactive studios; later surveys explicitly include VR/AR, education technology and serious games. Contract development and studio services included; hardware, retail, venues and indirect employment not the intended scope.","Source wording shown per observation. Contractors, founders, agency staff, apprentices and interns not separately defined.",Fiscal years ending 31 March; reference-date exceptions in country notes. Variable samples and source units; no line trend or index. Overseas-office inclusion unresolved in later summaries.,13.825,,,,
NZ,New Zealand,NZ_fte_2024_NZ_survey2025_9,NZ_fte,NZ_survey2025,FY ending 31 March 2024; employment at March where specified,2024,1097,,,reported,True,all,All employment covered by this series.,Employment / Job Creation paragraph,NZ_survey2025,False,,,Survey respondents: 100 studios. 2024 value is explicit comparison in 2025 release; not a value inferred from a percentage.,FTE,survey_sample,mixed,https://www.nzgda.com/blog/new-zealand-game-development-industry-breaks-records,NZGDA industry survey 2025,2025-11-25,"Games and interactive studios; later surveys explicitly include VR/AR, education technology and serious games. Contract development and studio services included; hardware, retail, venues and indirect employment not the intended scope.","Source wording shown per observation. Contractors, founders, agency staff, apprentices and interns not separately defined.",Fiscal years ending 31 March; reference-date exceptions in country notes. Variable samples and source units; no line trend or index. Overseas-office inclusion unresolved in later summaries.,13.7125,,,,
NZ,New Zealand,NZ_fte_2025_NZ_survey2025_10,NZ_fte,NZ_survey2025,FY ending 31 March 2025; employment at March where specified,2025,1418,,,reported,True,all,All employment covered by this series.,Employment / Job Creation paragraph,NZ_survey2025,False,,,Survey respondents: not stated in release studios. ,FTE,survey_sample,mixed,https://www.nzgda.com/blog/new-zealand-game-development-industry-breaks-records,NZGDA industry survey 2025,2025-11-25,"Games and interactive studios; later surveys explicitly include VR/AR, education technology and serious games. Contract development and studio services included; hardware, retail, venues and indirect employment not the intended scope.","Source wording shown per observation. Contractors, founders, agency staff, apprentices and interns not separately defined.",Fiscal years ending 31 March; reference-date exceptions in country notes. Variable samples and source units; no line trend or index. Overseas-office inclusion unresolved in later summaries.,17.725,,,,
DK,Denmark,DK_payroll_fte_2017_DK_dip2024_0,DK_payroll_fte,DK_dip2024,2017 annual payroll FTE,2017,737,,,reported,True,all,Covered industry workforce,p 20 chart,DK_dip2024,False,,,Domestic workplaces. Narrative first-line 2021 is a typo; chart and surrounding context assign 1281 to 2022.,FTE,administrative_population,domestic_workplace,https://gamesdenmark.dk/wp-content/uploads/2024/09/Danske-Indholdsproducenter2024.pdf,Danske Indholdsproducenter 2024,,Core game content producers; excludes serious games/XR classified under Interactive,"Payroll employees, including part-time hours converted by publisher; excludes invoice-only work and sole-proprietor hours","2024 edition reconstructs five previous years. Company population revised in 2021; use within-edition history, not naive edition splicing.",9.2125,,,,
DK,Denmark,DK_payroll_fte_2018_DK_dip2024_1,DK_payroll_fte,DK_dip2024,2018 annual payroll FTE,2018,802,,,reported,True,all,Covered industry workforce,p 20 chart,DK_dip2024,False,,,Domestic workplaces. Narrative first-line 2021 is a typo; chart and surrounding context assign 1281 to 2022.,FTE,administrative_population,domestic_workplace,https://gamesdenmark.dk/wp-content/uploads/2024/09/Danske-Indholdsproducenter2024.pdf,Danske Indholdsproducenter 2024,,Core game content producers; excludes serious games/XR classified under Interactive,"Payroll employees, including part-time hours converted by publisher; excludes invoice-only work and sole-proprietor hours","2024 edition reconstructs five previous years. Company population revised in 2021; use within-edition history, not naive edition splicing.",10.025,,,,
DK,Denmark,DK_payroll_fte_2019_DK_dip2024_2,DK_payroll_fte,DK_dip2024,2019 annual payroll FTE,2019,833,,,reported,True,all,Covered industry workforce,p 20 chart,DK_dip2024,False,,,Domestic workplaces. Narrative first-line 2021 is a typo; chart and surrounding context assign 1281 to 2022.,FTE,administrative_population,domestic_workplace,https://gamesdenmark.dk/wp-content/uploads/2024/09/Danske-Indholdsproducenter2024.pdf,Danske Indholdsproducenter 2024,,Core game content producers; excludes serious games/XR classified under Interactive,"Payroll employees, including part-time hours converted by publisher; excludes invoice-only work and sole-proprietor hours","2024 edition reconstructs five previous years. Company population revised in 2021; use within-edition history, not naive edition splicing.",10.4125,,,,
DK,Denmark,DK_payroll_fte_2020_DK_dip2024_3,DK_payroll_fte,DK_dip2024,2020 annual payroll FTE,2020,911,,,reported,True,all,Covered industry workforce,p 20 chart,DK_dip2024,False,,,Domestic workplaces. Narrative first-line 2021 is a typo; chart and surrounding context assign 1281 to 2022.,FTE,administrative_population,domestic_workplace,https://gamesdenmark.dk/wp-content/uploads/2024/09/Danske-Indholdsproducenter2024.pdf,Danske Indholdsproducenter 2024,,Core game content producers; excludes serious games/XR classified under Interactive,"Payroll employees, including part-time hours converted by publisher; excludes invoice-only work and sole-proprietor hours","2024 edition reconstructs five previous years. Company population revised in 2021; use within-edition history, not naive edition splicing.",11.3875,,,,
DK,Denmark,DK_payroll_fte_2021_DK_dip2024_4,DK_payroll_fte,DK_dip2024,2021 annual payroll FTE,2021,1087,,,reported,True,all,Covered industry workforce,p 20 chart,DK_dip2024,False,,,Domestic workplaces. Narrative first-line 2021 is a typo; chart and surrounding context assign 1281 to 2022.,FTE,administrative_population,domestic_workplace,https://gamesdenmark.dk/wp-content/uploads/2024/09/Danske-Indholdsproducenter2024.pdf,Danske Indholdsproducenter 2024,,Core game content producers; excludes serious games/XR classified under Interactive,"Payroll employees, including part-time hours converted by publisher; excludes invoice-only work and sole-proprietor hours","2024 edition reconstructs five previous years. Company population revised in 2021; use within-edition history, not naive edition splicing.",13.5875,,,,
DK,Denmark,DK_payroll_fte_2022_DK_dip2024_5,DK_payroll_fte,DK_dip2024,2022 annual payroll FTE,2022,1281,,,reported,True,all,Covered industry workforce,p 20 chart,DK_dip2024,False,,,Domestic workplaces. Narrative first-line 2021 is a typo; chart and surrounding context assign 1281 to 2022.,FTE,administrative_population,domestic_workplace,https://gamesdenmark.dk/wp-content/uploads/2024/09/Danske-Indholdsproducenter2024.pdf,Danske Indholdsproducenter 2024,,Core game content producers; excludes serious games/XR classified under Interactive,"Payroll employees, including part-time hours converted by publisher; excludes invoice-only work and sole-proprietor hours","2024 edition reconstructs five previous years. Company population revised in 2021; use within-edition history, not naive edition splicing.",16.0125,,,,
NO,Norway,NO_sample_total_2023_NO_spill2024_12,NO_sample_total,NO_spill2024,2023,2023,790,,,reported,True,all,Responding companies,p 11 Table 2,NO_spill2024,False,,,,people,survey_sample,domestic_workplace,https://cdn.craft.cloud/0df8a7fe-ef75-40cb-9e44-53aac4ffeac2/assets/uploads/documents/Rapporter/Innsiktsrapporter/Spillrapporten-2024.pdf,Spillrapporten 2024,2026-02-06,Game developers and publishers,Permanent and temporary employees,Sample counts are separately shown as people and FTE; no conversion.,9.875,,,,
NO,Norway,NO_sample_total_2024_NO_spill2024_13,NO_sample_total,NO_spill2024,2024,2024,838,,,reported,True,all,Responding companies,p 11 Table 2,NO_spill2024,False,,,,people,survey_sample,domestic_workplace,https://cdn.craft.cloud/0df8a7fe-ef75-40cb-9e44-53aac4ffeac2/assets/uploads/documents/Rapporter/Innsiktsrapporter/Spillrapporten-2024.pdf,Spillrapporten 2024,2026-02-06,Game developers and publishers,Permanent and temporary employees,Sample counts are separately shown as people and FTE; no conversion.,10.475,,,,
SG,Singapore,SG_games2021_2021_SG_mddi2022_0,SG_games2021,SG_mddi2022,2021,2021,2000,,,estimated,True,all,Covered industry workforce,Answer paragraph 5,SG_mddi2022,False,,,"Source qualifier: nearly 2,000. Rounded approximate count, not exact stock.",people,national_estimate,domestic_workplace,https://www.mddi.gov.sg/newsroom/infocomm-and-media-professionals-required/,Infocomm and media professionals required: parliamentary answer,2022-08-02,"Games sector; game developers, publishers and esports context",Source-reported workers; detailed status treatment not specified,"Approximate snapshot only; domestic core developer/publisher scope not separable. Eligible only for a clearly labelled source-native snapshot, sample or context chart; not a comparable domestic core trend.",25.0,,,nearly,
CN,China,CN_listed_panel_2021_CN_cng2025_0,CN_listed_panel,CN_cng2025,2021,2021,223000,,,reported,True,all,Covered industry workforce,PDF p 8 personnel chart,CN_cng2025,False,,"Source unit 万人 multiplied by 10,000; no FTE conversion.",,people,company_panel,unknown,https://pdf.dfcfw.com/pdf/H3_AP202507181711204583_1.pdf?1752858662000.pdf=,2025 game industry new productive forces development report,,Selected major listed Chinese game companies; game-only allocation not shown,Source-reported workers; detailed status treatment not specified,"Company panel excluded from national core chart and index; cannot infer country employment contraction. Eligible only for a clearly labelled source-native snapshot, sample or context chart; not a comparable domestic core trend.",2787.5,,,,
CN,China,CN_listed_panel_2022_CN_cng2025_1,CN_listed_panel,CN_cng2025,2022,2022,215300,,,reported,True,all,Covered industry workforce,PDF p 8 personnel chart,CN_cng2025,False,,"Source unit 万人 multiplied by 10,000; no FTE conversion.",,people,company_panel,unknown,https://pdf.dfcfw.com/pdf/H3_AP202507181711204583_1.pdf?1752858662000.pdf=,2025 game industry new productive forces development report,,Selected major listed Chinese game companies; game-only allocation not shown,Source-reported workers; detailed status treatment not specified,"Company panel excluded from national core chart and index; cannot infer country employment contraction. Eligible only for a clearly labelled source-native snapshot, sample or context chart; not a comparable domestic core trend.",2691.25,,,,
CN,China,CN_listed_panel_2023_CN_cng2025_2,CN_listed_panel,CN_cng2025,2023,2023,206500,,,reported,True,all,Covered industry workforce,PDF p 8 personnel chart,CN_cng2025,False,,"Source unit 万人 multiplied by 10,000; no FTE conversion.",,people,company_panel,unknown,https://pdf.dfcfw.com/pdf/H3_AP202507181711204583_1.pdf?1752858662000.pdf=,2025 game industry new productive forces development report,,Selected major listed Chinese game companies; game-only allocation not shown,Source-reported workers; detailed status treatment not specified,"Company panel excluded from national core chart and index; cannot infer country employment contraction. Eligible only for a clearly labelled source-native snapshot, sample or context chart; not a comparable domestic core trend.",2581.25,,,,
CN,China,CN_listed_panel_2024_CN_cng2025_3,CN_listed_panel,CN_cng2025,2024,2024,205800,,,reported,True,all,Covered industry workforce,PDF p 8 personnel chart,CN_cng2025,False,,"Source unit 万人 multiplied by 10,000; no FTE conversion.",,people,company_panel,unknown,https://pdf.dfcfw.com/pdf/H3_AP202507181711204583_1.pdf?1752858662000.pdf=,2025 game industry new productive forces development report,,Selected major listed Chinese game companies; game-only allocation not shown,Source-reported workers; detailed status treatment not specified,"Company panel excluded from national core chart and index; cannot infer country employment contraction. Eligible only for a clearly labelled source-native snapshot, sample or context chart; not a comparable domestic core trend.",2572.5,,,,
CN,China,CN_listed_panel_2025_CN_cng2025_5,CN_listed_panel,CN_cng2025,2025 first half estimate,2025,202800,,,estimated,True,all,Covered industry workforce,PDF p 8 personnel chart,CN_cng2025,False,,"20.28 × 10,000.",Source labels H 1 2025 E.,people,company_panel,unknown,https://pdf.dfcfw.com/pdf/H3_AP202507181711204583_1.pdf?1752858662000.pdf=,2025 game industry new productive forces development report,,Selected major listed Chinese game companies; game-only allocation not shown,Source-reported workers; detailed status treatment not specified,"Company panel excluded from national core chart and index; cannot infer country employment contraction. Eligible only for a clearly labelled source-native snapshot, sample or context chart; not a comparable domestic core trend.",2535.0,,,,H1 2025 estimate
IL,Israel,IL_ecosystem_2017_IL_gameis2021_0,IL_ecosystem,IL_gameis2021,2017; exact census date unspecified,2017,4000,,,estimated,True,all,All employment covered by this series.,p22 Number of employees,IL_gameis2021,False,,,"Approximate source value, not precise census. Domestic workplaces unresolved.",people,unknown,unknown,https://www.vccafe.com/wp-content/uploads/2022/12/GameIS-Report-2021-0722.pdf,"The Israeli Video Games Ecosystem, 2021 edition",2022-07-11,Game publishing plus supportive technologies and platforms; roster includes 888 real-money gambling. No clean domestic core-only subset verified.,"Reported employees/workers; FTE, contractors, freelancers, founders, interns and agency staff unresolved.","Context-only snapshots. Unresolved geography and wider industry scope bar national ranking, trends and index.",50.0,,,approximately,
IL,Israel,IL_ecosystem_2021_IL_gameis2021_1,IL_ecosystem,IL_gameis2021,2021; exact census date unspecified,2021,14000,,,estimated,True,all,All employment covered by this series.,p22 Number of employees,IL_gameis2021,False,,,"Approximate source value, not precise census. Domestic workplaces unresolved.",people,unknown,unknown,https://www.vccafe.com/wp-content/uploads/2022/12/GameIS-Report-2021-0722.pdf,"The Israeli Video Games Ecosystem, 2021 edition",2022-07-11,Game publishing plus supportive technologies and platforms; roster includes 888 real-money gambling. No clean domestic core-only subset verified.,"Reported employees/workers; FTE, contractors, freelancers, founders, interns and agency staff unresolved.","Context-only snapshots. Unresolved geography and wider industry scope bar national ranking, trends and index.",175.0,,,approximately,
JP,Japan,JP_core_range_None_JP_cesa2025_0,JP_core_range,JP_cesa2025,Observation year unstated,,,58000,83000,estimated,True,all,Covered industry workforce,p 3 employment paragraph,JP_cesa2025,False,,,Approximately 5.8万–8.3万人; neither midpoint nor source edition used as a dated observation.,people,national_estimate,domestic_workplace,https://www.cesa.or.jp/uploads/2025/release_game_industry_report2025.pdf,CESA Game Industry Report 2025 release,2025-12-15,"Console hardware makers, developer-publishers and development studios",Source-reported workers; detailed status treatment not specified,"Range only, observation year unresolved and hardware included. Do not map to 2024 or use a midpoint. Eligible only for a clearly labelled source-native snapshot, sample or context chart; not a comparable domestic core trend.",,725.0,1037.5,approximately,
TW,Taiwan,TW_survey2022_2022_TW_taicca2022_0,TW_survey2022,TW_taicca2022,2022 economic-period report; exact headcount reference date unstated,,9929,,,reported,True,all,"133 responding companies, with some missing employee answers imputed from 104 Job Bank","Printed p 11/PDF p 17, section 1.4 figure 1-2",TW_taicca2022,False,,,2022 refers to the report economic period; precise employment year remains null under the extraction contract.,people,survey_sample,unknown,https://taicca.tw/files/book/1741142752642.pdf,"2022–2023 Taiwan Cultural Content Industry Survey, volume IV: Games",2025-03-07,"Games value chain: development, operations/publishing, platforms/retail, game media and some immersive venues",Source-reported workers; detailed status treatment not specified,133 responding companies; some missing employee counts imputed from 104 Job Bank. Respondent total is not a national workforce estimate. Games-company boundary may include adjacent activity.,124.1125,,,,
ID,Indonesia,ID_official_core_min_None_ID_komdigi2024_0,ID_official_core_min,ID_komdigi2024,Observation year unstated,,,2112,,reported,True,all,Covered industry workforce,Book abstract,ID_komdigi2024,False,,,"Study title 2024, publication October 2025; abstract says currently, so exact observation year stays null.",people,unknown,domestic_workplace,https://www.researchgate.net/publication/396196002_Peta_Ekosistem_Industri_Gim_Indonesia_2024_Menuju_Transformasi_Ekonomi_Digital_Nasional_2025,Peta Ekosistem Industri Gim Indonesia 2024: Menuju Transformasi Ekonomi Digital Nasional 2025+,,Game development and publishing,Source-reported workers; detailed status treatment not specified,"Lower-bound mapping result, no national completeness or precise observation date verified. Do not infer 2015 count by reversing stated growth. Eligible only for a clearly labelled source-native snapshot, sample or context chart; not a comparable domestic core trend.",,26.4,,at least,
PH,Philippines,PH_boi2000_None_PH_boi2018_0,PH_boi2000,PH_boi2018,Observation year unstated,,,2000,,reported,True,all,Covered industry workforce,Roadmap paragraph,PH_boi2018,False,,,"More than 2,000; observation called last year but exact year unresolved. 4,000 by 2022 is a projection and excluded.",people,national_estimate,domestic_workplace,https://boi.gov.ph/boi-approves-micro-enterprise-game-development-project/,BOI approves micro enterprise game development project,2018-01-18,"Game development, offshore production, game management support, customer support/moderation and community management",Source-reported workers; detailed status treatment not specified,"Lower-bound snapshot with ambiguous observation year and specialist-services scope. Not suitable for annual core trend. Eligible only for a clearly labelled source-native snapshot, sample or context chart; not a comparable domestic core trend.",,25.0,,more than,
