1,"平成28年経済センサス‐活動調査　事業所に関する集計－産業別集計(サービスＢ)","","","","","","","","","","","","","","","","","","","","","","","","","","","","","","","","","","","","","","","","","","","","","","","","","","","","","","","","","","","","","","","","","","","","","","","","","","","","","","","","","","","","","","","","","","","","","","","","","","","","","","","","","","","","","","","","","","","","","","","","","","","","","","","","","","","","","","","","","","","","","","","",""
2,"","","","","","","第１表　サービス関連産業Ｂ（細分類）別民営事業所数、従業者数、売上（収入）金額及びサービス関連産業Ｂの事業別売上（収入）金額―全国","","","","","","","","","","","","","","","","","","","","","","","","","","","","","","","","","","","","","","","","","","","","","","","","","","","","","","","","","","","","","","","","","","","","","","","","","","","","","","","","","","","","","","","","","","","","","","","","","","","","","","","","","","","","","","","","","","","","","","","","","","","","","","","","","","","","","","","","","",""
3,"","","","","","","Table 1  Establishments, Persons Engaged, Sales (Income), and Sales (Income) by Activities in Service Industries B, by Industries of Service Industries B, for Japan - Privately Owned","","","","","","","","","","","","","","","","","","","","","","","","","","","","","","","","","","","","","","","","","","","","","","","","","","","","","","","","","","","","","","","","","","","","","","","","","","","","","","","","","","","","","","","","","","","","","","","","","","","","","","","","","","","","","","","","","","","","","","","","","","","","","","","","","","","","","","","","","",""
4,"","","","","","","","","","","","","","","","","","","","","","","","","","","","","","","","","","","","","","","","","","","","","","","","","","","","","","","","","","","","","","","","","","","","","","","","","","","","","","","","","","","","","","","","","","","","","","","","","","","","","","","","","","","","","","","","","","","","","","","","","","","","","","","","","","","","","","","","","","","","","","","","",""
5,"","","","","","","(注1) サービス関連産業Ｂとは、「G 情報通信業(注2)」、「K 不動産業，物品賃貸業」、「L 学術研究，専門・技術サービス業」、「M 宿泊業，飲食サービス業」、「N 生活関連サービス業，娯楽業」、「O 教育，学習支援業(注3)」及び「R サービス業（他に分類されないもの）(注4)」をさす。","","","","","","","","","","","","","","","","","","","","","","","","","","","","","","","","","","","","","","","","","","","","","","","","","","","","","","","","","","","","","","","","","","","","","","","","","","","","","","","","","","","","","","","","","","","","","","","","","","","","","","","","","","","","","","","","","","","","","","","","","","","","","","","","","","","","","","","","","",""
6,"","","","","","","(注2) 「37 通信業」、「38 放送業」及び「41 映像・音声・文字情報制作業」を除く。","","","","","","","","","","","","","","","","","","","","","","","","","","","","","","","","","","","","","","","","","","","","","","","","","","","","","","","","","","","","","","","","","","","","","","","","","","","","","","","","","","","","","","","","","","","","","","","","","","","","","","","","","","","","","","","","","","","","","","","","","","","","","","","","","","","","","","","","","",""
7,"","","","","","","(注3) 「81 学校教育」を除く。","","","","","","","","","","","","","","","","","","","","","","","","","","","","","","","","","","","","","","","","","","","","","","","","","","","","","","","","","","","","","","","","","","","","","","","","","","","","","","","","","","","","","","","","","","","","","","","","","","","","","","","","","","","","","","","","","","","","","","","","","","","","","","","","","","","","","","","","","",""
8,"","","","","","","(注4) 「93 政治・経済・文化団体」及び「94 宗教」を除く。","","","","","","","","","","","","","","","","","","","","","","","","","","","","","","","","","","","","","","","","","","","","","","","","","","","","","","","","","","","","","","","","","","","","","","","","","","","","","","","","","","","","","","","","","","","","","","","","","","","","","","","","","","","","","","","","","","","","","","","","","","","","","","","","","","","","","","","","","",""
9,"","","","","","","jsyu1A.0000","jsyu1A.0001","jsyu1A.0002","jsyu1A.0003","jsyu1B.0004","jsyu1B.0004","jsyu1B.0004","jsyu1B.0004","jsyu1B.0004","jsyu1B.0004","jsyu1B.0004","jsyu1B.0004","jsyu1B.0004","jsyu1B.0004","jsyu1B.0004","jsyu1B.0004","jsyu1B.0004","jsyu1B.0004","jsyu1B.0004","jsyu1B.0004","jsyu1B.0004","jsyu1B.0004","jsyu1B.0004","jsyu1B.0004","jsyu1B.0004","jsyu1B.0004","jsyu1B.0004","jsyu1B.0004","jsyu1B.0004","jsyu1B.0004","jsyu1B.0004","jsyu1B.0004","jsyu1B.0004","jsyu1B.0004","jsyu1B.0004","jsyu1B.0004","jsyu1B.0004","jsyu1B.0004","jsyu1B.0004","jsyu1B.0004","jsyu1B.0004","jsyu1B.0004","jsyu1B.0004","jsyu1B.0004","jsyu1B.0004","jsyu1B.0004","jsyu1B.0004","jsyu1B.0004","jsyu1B.0004","jsyu1B.0004","jsyu1B.0004","jsyu1B.0004","jsyu1B.0004","jsyu1B.0004","jsyu1B.0004","jsyu1B.0004","jsyu1B.0004","jsyu1B.0004","jsyu1B.0004","jsyu1B.0004","jsyu1B.0004","jsyu1B.0004","jsyu1B.0004","jsyu1B.0004","jsyu1B.0004","jsyu1B.0004","jsyu1B.0004","jsyu1B.0004","jsyu1B.0004","jsyu1B.0004","jsyu1B.0004","jsyu1B.0004","jsyu1B.0004","jsyu1B.0004","jsyu1B.0004","jsyu1B.0004","jsyu1B.0004","jsyu1B.0004","jsyu1B.0004","jsyu1B.0004","jsyu1B.0004","jsyu1B.0004","jsyu1B.0004","jsyu1B.0004","jsyu1B.0004","jsyu1B.0004","jsyu1B.0004","jsyu1B.0004","jsyu1B.0004","jsyu1B.0004","jsyu1B.0004","jsyu1B.0004","jsyu1B.0004","jsyu1B.0004","jsyu1B.0004","jsyu1B.0004","jsyu1B.0004","jsyu1B.0004","jsyu1B.0004","jsyu1B.0004","jsyu1B.0004","jsyu1B.0004","jsyu1B.0004","jsyu1B.0004","jsyu1B.0004","jsyu1B.0004","jsyu1B.0004","jsyu1B.0004","jsyu1B.0004","jsyu1B.0004","jsyu1B.0004","jsyu1B.0004","jsyu1B.0004","jsyu1B.0004","jsyu1B.0004","jsyu1B.0004","jsyu1B.0004","jsyu1B.0004","jsyu1B.0004","jsyu1B.0004","jsyu1B.0004","jsyu1B.0004","jsyu1B.0004","jsyu1B.0004","jsyu1B.0004","jsyu1B.0004","jsyu1B.0004","jsyu1B.0004","jsyu1B.0004","jsyu1B.0004","jsyu1B.0004","jsyu1B.0004","jsyu1B.0004","jsyu1B.0004","jsyu1B.0004","jsyu1B.0004","jsyu1B.0004","jsyu1B.0004","jsyu1B.0004"
10,"","","","","","","0","0","0","0","0","0","0","0","0","0","0","0","0","0","0","0","0","0","0","0","0","0","0","0","0","0","0","0","0","0","0","0","0","0","0","0","0","0","0","0","0","0","0","0","0","0","0","0","0","0","0","0","0","0","0","0","0","0","0","0","0","0","0","0","0","0","0","0","0","0","0","0","0","0","0","0","0","0","0","0","0","0","0","0","0","0","0","0","0","0","0","0","0","0","0","0","0","0","0","0","0","0","0","0","0","0","0","0","0","0","0","0","0","0","0","0","0","0","0","0","0","0","0","0","0","0","0","0","0","0","0","0","0","0","0","0","0","0","0"
11,"","","","","","","","","","","jsyu1C.0005","jsyu1C.0006","jsyu1C.0007","jsyu1C.0008","jsyu1C.0009","jsyu1C.0010","jsyu1C.0011","jsyu1C.0012","jsyu1C.0013","jsyu1C.0014","jsyu1C.0015","jsyu1C.0016","jsyu1C.0017","jsyu1C.0018","jsyu1C.0019","jsyu1C.0020","jsyu1C.0021","jsyu1C.0022","jsyu1C.0023","jsyu1C.0024","jsyu1C.0025","jsyu1C.0026","jsyu1C.0027","jsyu1C.0028","jsyu1C.0029","jsyu1C.0030","jsyu1C.0031","jsyu1C.0032","jsyu1C.0033","jsyu1C.0034","jsyu1C.0035","jsyu1C.0036","jsyu1C.0037","jsyu1C.0038","jsyu1C.0039","jsyu1C.0040","jsyu1C.0041","jsyu1C.0042","jsyu1C.0043","jsyu1C.0044","jsyu1C.0045","jsyu1C.0046","jsyu1C.0047","jsyu1C.0048","jsyu1C.0049","jsyu1C.0050","jsyu1C.0051","jsyu1C.0052","jsyu1C.0053","jsyu1C.0054","jsyu1C.0055","jsyu1C.0056","jsyu1C.0057","jsyu1C.0058","jsyu1C.0059","jsyu1C.0060","jsyu1C.0061","jsyu1C.0062","jsyu1C.0063","jsyu1C.0064","jsyu1C.0065","jsyu1C.0066","jsyu1C.0067","jsyu1C.0068","jsyu1C.0069","jsyu1C.0070","jsyu1C.0071","jsyu1C.0072","jsyu1C.0073","jsyu1C.0074","jsyu1C.0075","jsyu1C.0076","jsyu1C.0077","jsyu1C.0078","jsyu1C.0079","jsyu1C.0080","jsyu1C.0081","jsyu1C.0082","jsyu1C.0083","jsyu1C.0084","jsyu1C.0085","jsyu1C.0086","jsyu1C.0087","jsyu1C.0088","jsyu1C.0089","jsyu1C.0090","jsyu1C.0091","jsyu1C.0092","jsyu1C.0093","jsyu1C.0094","jsyu1C.0095","jsyu1C.0096","jsyu1C.0097","jsyu1C.0098","jsyu1C.0099","jsyu1C.0100","jsyu1C.0101","jsyu1C.0102","jsyu1C.0103","jsyu1C.0104","jsyu1C.0105","jsyu1C.0106","jsyu1C.0107","jsyu1C.0108","jsyu1C.0109","jsyu1C.0110","jsyu1C.0111","jsyu1C.0112","jsyu1C.0113","jsyu1C.0114","jsyu1C.0115","jsyu1C.0116","jsyu1C.0117","jsyu1C.0118","jsyu1C.0119","jsyu1C.0120","jsyu1C.0121","jsyu1C.0122","jsyu1C.0123","jsyu1C.0124","jsyu1C.0125","jsyu1C.0126","jsyu1C.0127","jsyu1C.0128","jsyu1C.0129","jsyu1C.0130","jsyu1C.0131","jsyu1C.0132","jsyu1C.0133","jsyu1C.0134","jsyu1C.0135","jsyu1C.0136","jsyu1C.0137","jsyu1C.0138","jsyu1C.0139"
12,"","","","","","","","","","","1","2","3","4","4","3","4","4","4","3","4","4","4","3","4","4","3","3","2","3","4","4","4","3","4","4","3","4","4","4","4","1","2","3","4","4","4","3","4","4","4","4","4","4","4","2","3","4","4","3","4","4","3","3","3","4","4","4","4","1","2","2","3","4","4","4","4","4","4","4","4","3","4","4","4","4","4","4","4","4","3","3","3","3","3","3","4","4","4","3","3","2","3","3","3","3","3","3","3","3","3","3","2","3","3","3","4","4","4","3","4","4","4","4","4","3","3","3","4","4","4","3","4","4","4","4","4","4","4","4","3","3","3","3","3"
13,"","","","","","","事業所数","従業者数（人）","売上（収入）金額（百万円）","うちサービス関連産業Ｂの事業収入（百万円）","サービス関連産業Ｂの事業収入内訳（百万円）","","","","","","","","","","","","","","","","","","","","","","","","","","","","","","","","","","","","","","","","","","","","","","","","","","","","","","","","","","","","","","","","","","","","","","","","","","","","","","","","","","","","","","","","","","","","","","","","","","","","","","","","","","","","","","","","","","","","","","","","","","","","","","","","","","","","","",""
14,"","","地域","","","産業細分類","","","","","１ 情報サービス事業、インターネット附随サービス事業","１-(1) 情報サービス事業","１-(1)-ア 受注ソフトウェア開発事業","１-(1)-ア-(ｱ) 受注開発ソフトウェア","１-(1)-ア-(ｲ) 組込みソフトウェア","１-(1)-イ ソフトウェアプロダクツ事業","１-(1)-イ-(ｱ) 業務用パッケージソフトウェア","１-(1)-イ-(ｲ) 基本ソフトウェア","１-(1)-イ-(ｳ) ゲームソフトウェア","１-(1)-ウ 情報処理サービス事業","１-(1)-ウ-(ｱ) 受託計算サービス","１-(1)-ウ-(ｲ) システム等管理運営受託","１-(1)-ウ-(ｳ) その他の情報処理サービス","１-(1)-エ 情報提供サービス事業","１-(1)-エ-(ｱ) データベースサービス（インターネットによるもの）","１-(1)-エ-(ｲ) データベースサービス（その他）","１-(1)-オ 市場調査・世論調査・社会調査事業","１-(1)-カ その他情報処理・情報提供サービス事業","１-(2) インターネット附随サービス事業","１-(2)-ア ポータルサイト・サーバ運営サービス事業","１-(2)-ア-(ｱ) ウェブ情報検索サービス","１-(2)-ア-(ｲ) インターネット・ショッピング・サイト等運営","１-(2)-ア-(ｳ) その他のサイト運営","１-(2)-イ アプリケーション・サービス・コンテンツ・プロバイダ事業","１-(2)-イ-(ｱ) アプリケーション・サービス・コンテンツ・プロバイダ（ＡＳＰ）","１-(2)-イ-(ｲ) ウェブコンテンツ配信","１-(2)-ウ インターネット利用サポート事業","１-(2)-ウ-(ｱ) 電子認証","１-(2)-ウ-(ｲ) セキュリティサービス","１-(2)-ウ-(ｳ) 課金・決済代行","１-(2)-ウ-(ｴ) その他のインターネット利用サポート","２ 不動産事業、物品賃貸事業（リース、レンタル）","２-(1) 不動産事業","２-(1)-ア 不動産取引事業","２-(1)-ア-(ｱ) 建物売買（不動産代理・仲介を除く）","２-(1)-ア-(ｲ) 土地売買（不動産代理・仲介を除く）","２-(1)-ア-(ｳ) 不動産代理・仲介","２-(1)-イ 不動産賃貸・管理事業","２-(1)-イ-(ｱ) 事務所等賃貸（１か月以上の賃貸物件）","２-(1)-イ-(ｲ) 事務所等賃貸（１か月未満の賃貸物件）","２-(1)-イ-(ｳ) 土地賃貸","２-(1)-イ-(ｴ) 貸家","２-(1)-イ-(ｵ) 貸間","２-(1)-イ-(ｶ) 駐車場賃貸、管理","２-(1)-イ-(ｷ) 不動産管理","２-(2) 物品賃貸事業（リース、レンタル）","２-(2)-ア 産業用機械","２-(2)-ア-(ｱ) 産業用機械器具（建設機械器具を除く）","２-(2)-ア-(ｲ) 建設機械器具","２-(2)-イ 事務用機械","２-(2)-イ-(ｱ) 事務用機械器具（電子計算機・同関連機器を除く）","２-(2)-イ-(ｲ) 電子計算機・同関連機器","２-(2)-ウ 自動車","２-(2)-エ スポーツ・娯楽用品","２-(2)-オ その他","２-(2)-オ-(ｱ) 映画・演劇用品","２-(2)-オ-(ｲ) 音楽・映像記録物","２-(2)-オ-(ｳ) 貸衣しょう","２-(2)-オ-(ｴ) その他の物品","３ 学術・開発研究事業、専門サービス事業、広告事業、技術サービス事業","３-(1) 学術・開発研究事業","３-(2) 専門サービス事業","３-(2)-ア 法務・会計サービス","３-(2)-ア-(ｱ) 法律事務","３-(2)-ア-(ｲ) 特許事務","３-(2)-ア-(ｳ) 公証人、司法書士事務","３-(2)-ア-(ｴ) 土地家屋調査士事務","３-(2)-ア-(ｵ) 行政書士事務","３-(2)-ア-(ｶ) 公認会計士事務","３-(2)-ア-(ｷ) 税理士事務","３-(2)-ア-(ｸ) 社会保険労務士事務","３-(2)-イ デザイン事業","３-(2)-イ-(ｱ) インダストリアルデザイン","３-(2)-イ-(ｲ) パッケージデザイン","３-(2)-イ-(ｳ) グラフィックデザイン","３-(2)-イ-(ｴ) ディスプレイデザイン","３-(2)-イ-(ｵ) インテリアデザイン","３-(2)-イ-(ｶ) テキスタイルデザイン、ファッションデザイン","３-(2)-イ-(ｷ) マルチメディアデザイン","３-(2)-イ-(ｸ) その他デザイン","３-(2)-ウ 著述家","３-(2)-エ 芸術家","３-(2)-オ 経営コンサルタント","３-(2)-カ 持株会社事業","３-(2)-キ 興信所事業","３-(2)-ク 翻訳・通訳事業","３-(2)-ク-(ｱ) 翻訳事業","３-(2)-ク-(ｲ) 通訳事業","３-(2)-ク-(ｳ) 通訳案内事業","３-(2)-ケ 不動産鑑定事業","３-(2)-コ その他の専門サービス","３-(3) 広告事業","３-(3)-ア 新聞広告","３-(3)-イ 雑誌広告","３-(3)-ウ テレビ広告","３-(3)-エ ラジオ広告","３-(3)-オ 交通広告","３-(3)-カ 屋外広告","３-(3)-キ インターネット広告","３-(3)-ク 折込み・ダイレクトメール","３-(3)-ケ ＳＰ・ＰＲ・催事企画","３-(3)-コ その他広告","３-(4) 技術サービス事業","３-(4)-ア 獣医業（産業動物向け）","３-(4)-イ 獣医業（ペット向け）","３-(4)-ウ 土木建築サービス事業","３-(4)-ウ-(ｱ) 建築設計","３-(4)-ウ-(ｲ) 測量","３-(4)-ウ-(ｳ) その他の土木建築サービス","３-(4)-エ 機械設計事業","３-(4)-エ-(ｱ) 機械設計（基本設計）","３-(4)-エ-(ｲ) 機械設計（計画設計）","３-(4)-エ-(ｳ) 機械設計（詳細設計）","３-(4)-エ-(ｴ) 機械設計（コンサルティング）","３-(4)-エ-(ｵ) その他の機械設計","３-(4)-オ 商品検査事業","３-(4)-カ 非破壊検査事業","３-(4)-キ 一般計量証明業","３-(4)-キ-(ｱ) 一般計量測定（質量）","３-(4)-キ-(ｲ) 一般計量測定（体積）","３-(4)-キ-(ｳ) その他の一般計量測定","３-(4)-ク 環境計量証明業","３-(4)-ク-(ｱ) 環境計量測定（大気）","３-(4)-ク-(ｲ) 環境計量測定（水質）","３-(4)-ク-(ｳ) 環境計量測定（土壌）","３-(4)-ク-(ｴ) 環境計量測定（騒音）","３-(4)-ク-(ｵ) 作業環境測定","３-(4)-ク-(ｶ) 建物内測定（空気）","３-(4)-ク-(ｷ) 建物内測定（飲料水）","３-(4)-ク-(ｸ) その他の環境計量証明","３-(4)-ケ その他の計量証明業","３-(4)-コ 写真業（商業写真を除く）","３-(4)-サ 商業写真業","３-(4)-シ プラントエンジニアリング業","３-(4)-ス その他の技術サービス"
15,"ti.00000","0","全国","sanD1A.0000","0","G 情報通信業 (注2)",27375,968713,25927624,25232417,23317260,20824707,13644297,13070394,573904,2701469,1020248,131613,1549607,2817353,1065436,994328,757589,308512,184126,124386,156590,1196485,2492554,1186125,325128,636204,224792,994666,476210,518457,311762,5807,78215,32003,195737,32937,19455,663,17,6,640,18792,15624,74,173,882,7,119,1913,13482,1161,1151,10,11950,1411,10539,150,8,213,-,27,4,182,274444,11651,104323,524,23,26,10,-,50,6,383,26,20577,1647,70,2587,270,-,10,15266,726,12,54,50502,12752,4,2286,2286,-,-,367,17246,134581,353,768,1663,128,102,128,122842,732,3368,4497,23889,-,-,2239,681,891,667,7176,851,505,2992,498,2330,414,3582,5,5,-,-,480,2,2,307,1,-,-,6,162,94,268,78,800,8753
16,"ti.00000","0","全国","sanD1A.0001","1","　G2 情報通信業（情報サービス業，インターネット附随サービス業）",27375,968713,25927624,25232417,23317260,20824707,13644297,13070394,573904,2701469,1020248,131613,1549607,2817353,1065436,994328,757589,308512,184126,124386,156590,1196485,2492554,1186125,325128,636204,224792,994666,476210,518457,311762,5807,78215,32003,195737,32937,19455,663,17,6,640,18792,15624,74,173,882,7,119,1913,13482,1161,1151,10,11950,1411,10539,150,8,213,-,27,4,182,274444,11651,104323,524,23,26,10,-,50,6,383,26,20577,1647,70,2587,270,-,10,15266,726,12,54,50502,12752,4,2286,2286,-,-,367,17246,134581,353,768,1663,128,102,128,122842,732,3368,4497,23889,-,-,2239,681,891,667,7176,851,505,2992,498,2330,414,3582,5,5,-,-,480,2,2,307,1,-,-,6,162,94,268,78,800,8753
17,"ti.00000","0","全国","sanD1A.0002","2","　　39 情報サービス業",24591,895614,23164785,22506932,20840959,20513014,13585171,13012719,572452,2566850,1014143,128494,1424213,2787610,1048133,986156,753321,283524,161099,122425,154691,1135168,327945,31088,4743,11525,14820,207890,109057,98832,88967,2994,13215,14901,57858,32033,18651,520,17,6,497,18130,15147,72,164,793,7,114,1833,13382,1154,1144,10,11880,1376,10505,150,8,191,-,14,4,173,134870,11514,81916,506,16,26,10,-,48,6,374,26,10704,1645,20,935,270,-,10,7340,483,8,49,45357,12636,4,2252,2252,-,-,367,10033,18387,85,655,266,23,93,67,13733,638,2160,666,23053,-,-,2235,678,891,667,7131,851,505,2992,479,2305,346,3566,5,5,-,-,480,2,2,307,1,-,-,6,162,82,265,41,800,8102
18,"ti.00000","0","全国","sanD1A.0003","3","　　　391 ソフトウェア業",19359,740332,19804146,19250535,17698464,17393691,13305878,12747822,558057,2550525,997875,128438,1424213,1053438,295988,571729,185721,29049,22422,6628,6312,448488,304773,29525,4651,11144,13730,200667,104957,95709,74581,2986,13010,1615,56970,19051,9375,207,17,6,183,9168,6987,19,127,468,7,94,1465,9676,1123,1113,10,8403,531,7872,2,5,143,-,14,4,125,118085,10697,69639,245,16,26,10,-,6,-,182,4,8470,1637,19,393,117,-,10,5812,481,8,46,38730,12603,-,882,882,-,-,-,8655,16975,42,499,239,1,93,27,13519,197,2139,218,20774,-,-,1422,632,369,421,6770,814,505,2992,390,2069,276,3566,5,5,-,-,172,1,2,-,1,-,-,6,162,82,12,31,800,7638
19,"ti.00000","0","全国","sanD1A.0004","5","　　　　　3911 受託開発ソフトウェア業",11648,532363,14049524,13710920,13420443,13398507,12616362,12541405,74957,154990,135046,19372,572,431480,134753,207945,88782,6875,6537,339,3994,184805,21936,4780,219,3613,948,7691,6321,1370,9465,48,1360,194,7862,6011,2743,27,16,-,11,2716,1213,16,116,175,5,34,1158,3268,1079,1076,3,2157,52,2105,-,-,32,-,14,0,18,51193,67,37902,21,-,-,1,-,-,-,17,4,1102,-,-,127,86,-,-,806,83,-,3,36111,340,-,136,136,-,-,-,189,11135,11,1,56,-,76,-,10676,32,255,26,2089,-,-,125,44,-,81,1380,124,144,969,21,123,-,55,-,-,-,-,10,1,1,-,1,-,-,6,-,-,6,7,53,453
20,"ti.00000","0","全国","sanD1A.0005","5","　　　　　3912 組込みソフトウェア業",589,26472,503330,496115,492999,492976,485543,15754,469789,3177,3138,39,-,2425,45,1840,540,30,30,-,-,1802,23,14,2,10,2,9,9,-,-,-,-,-,-,88,88,-,-,-,-,88,31,-,-,56,-,-,-,-,-,-,-,-,-,-,-,-,-,-,-,-,-,818,-,15,-,-,-,-,-,-,-,-,-,9,-,-,-,-,-,-,9,-,-,-,2,-,-,-,-,-,-,-,5,13,13,-,-,-,-,-,-,-,-,-,790,-,-,-,-,-,-,525,33,160,167,-,165,-,-,-,-,-,-,-,-,-,-,-,-,-,-,-,-,-,-,-,264
21,"ti.00000","0","全国","sanD1A.0006","5","　　　　　3913 パッケージソフトウェア業",1922,47827,1522799,1492422,1046626,1015880,37590,36646,945,942387,833433,106876,2079,20295,12880,1869,5547,2398,1419,979,61,13147,30747,961,47,176,737,23387,23338,49,6399,0,5872,103,423,1161,438,-,-,-,-,438,320,-,11,81,-,12,14,723,1,1,-,701,22,679,2,-,19,-,-,-,19,2117,1,638,17,3,13,-,-,-,-,1,-,10,-,-,0,-,-,-,10,-,-,-,583,-,-,7,7,-,-,-,21,358,-,0,-,-,-,-,28,125,204,-,1121,-,-,393,240,65,88,0,-,-,0,-,-,-,-,-,-,-,-,-,-,-,-,-,-,-,-,-,82,-,-,-,646
22,"ti.00000","0","全国","sanD1A.0007","5","　　　　　3914 ゲームソフトウェア業",256,18216,1609629,1561566,1508159,1422304,979,979,-,1421312,1,16,1421294,14,13,-,1,-,-,-,-,-,85855,3494,-,5,3489,82320,-,82320,40,-,17,-,23,517,512,-,-,-,-,512,506,-,-,7,-,-,-,5,-,-,-,-,-,-,-,5,-,-,-,-,-,224,-,224,-,-,-,-,-,-,-,-,-,216,-,-,-,-,-,-,216,-,2,-,6,-,-,-,-,-,-,-,-,0,-,-,-,-,-,-,0,-,-,-,-,-,-,-,-,-,-,-,-,-,-,-,-,-,-,-,-,-,-,-,-,-,-,-,-,-,-,-,-,-,-,-,-
23,"ti.00000","0","全国","sanD1A.0008","3","　　　392 情報処理・提供サービス業",5232,155282,3360639,3256398,3142494,3119322,279292,264897,14395,16324,16268,55,1,1734172,752145,414426,567600,254474,138677,115797,148380,686680,23172,1563,92,380,1090,7223,4100,3123,14386,8,204,13286,888,12982,9276,314,-,-,314,8962,8160,53,36,325,-,20,368,3706,31,31,-,3477,844,2633,147,3,48,-,-,-,48,16784,817,12276,261,-,-,-,-,41,6,192,22,2234,8,0,543,153,-,-,1528,2,1,3,6627,33,4,1370,1370,-,-,367,1378,1412,43,157,27,23,-,40,213,441,21,448,2279,-,-,813,46,521,246,362,36,-,-,89,236,70,-,-,-,-,-,308,1,-,307,-,-,-,-,-,-,253,10,-,464
24,"ti.00000","0","全国","sanD1A.0009","4","　　　　39A 情報処理サービス業",3362,109587,2049352,1974824,1911131,1896743,222637,221325,1311,12073,12048,24,-,1630689,660258,403806,566624,4643,4401,242,548,26154,14389,475,30,193,252,605,601,4,13309,-,193,12435,681,5023,1853,37,-,-,37,1816,1197,18,36,259,-,17,289,3170,-,-,-,2985,841,2144,147,-,38,-,-,-,38,4980,51,2803,231,-,-,-,-,14,6,192,19,765,-,-,502,114,-,-,147,2,-,3,514,0,-,264,264,-,-,-,1027,533,-,157,-,23,-,20,34,293,4,3,1593,-,-,634,5,409,220,288,-,-,-,89,198,36,-,-,-,-,-,-,-,-,-,-,-,-,-,-,-,234,3,-,398
25,"ti.00000","0","全国","sanD1A.0010","5","　　　　　3921 情報処理サービス業",3362,109587,2049352,1974824,1911131,1896743,222637,221325,1311,12073,12048,24,-,1630689,660258,403806,566624,4643,4401,242,548,26154,14389,475,30,193,252,605,601,4,13309,-,193,12435,681,5023,1853,37,-,-,37,1816,1197,18,36,259,-,17,289,3170,-,-,-,2985,841,2144,147,-,38,-,-,-,38,4980,51,2803,231,-,-,-,-,14,6,192,19,765,-,-,502,114,-,-,147,2,-,3,514,0,-,264,264,-,-,-,1027,533,-,157,-,23,-,20,34,293,4,3,1593,-,-,634,5,409,220,288,-,-,-,89,198,36,-,-,-,-,-,-,-,-,-,-,-,-,-,-,-,234,3,-,398
26,"ti.00000","0","全国","sanD1A.0011","4","　　　　39B 情報提供サービス業",759,11898,325496,319588,301880,297024,15054,2028,13026,982,956,26,0,34696,32445,1541,710,242867,130483,112384,1075,2350,4855,591,62,51,479,4194,1086,3109,70,-,-,-,70,737,692,258,-,-,258,434,325,2,-,24,-,4,79,45,31,31,-,4,-,4,-,-,10,-,-,-,10,1886,685,553,8,-,-,-,-,5,-,-,3,49,-,-,21,-,-,-,28,0,0,-,51,-,-,9,9,-,-,367,69,81,37,-,27,-,-,-,0,17,-,0,566,-,-,138,-,113,25,14,-,-,-,-,14,34,-,-,-,-,-,308,1,-,307,-,-,-,-,-,-,-,7,-,66
27,"ti.00000","0","全国","sanD1A.0012","5","　　　　　3922 情報提供サービス業",759,11898,325496,319588,301880,297024,15054,2028,13026,982,956,26,0,34696,32445,1541,710,242867,130483,112384,1075,2350,4855,591,62,51,479,4194,1086,3109,70,-,-,-,70,737,692,258,-,-,258,434,325,2,-,24,-,4,79,45,31,31,-,4,-,4,-,-,10,-,-,-,10,1886,685,553,8,-,-,-,-,5,-,-,3,49,-,-,21,-,-,-,28,0,0,-,51,-,-,9,9,-,-,367,69,81,37,-,27,-,-,-,0,17,-,0,566,-,-,138,-,113,25,14,-,-,-,-,14,34,-,-,-,-,-,308,1,-,307,-,-,-,-,-,-,-,7,-,66
28,"ti.00000","0","全国","sanD1A.0013","4","　　　　39C その他の情報処理・提供サービス業",1111,33797,985791,961986,929484,925556,41601,41544,57,3269,3264,5,1,68787,59442,9079,266,6964,3793,3171,146757,658176,3928,496,0,136,360,2424,2414,10,1008,8,12,851,137,7222,6731,19,-,-,19,6713,6637,33,-,42,-,-,-,491,-,-,-,488,3,485,1,3,-,-,-,-,-,9919,81,8920,23,-,-,-,-,23,-,-,-,1421,8,0,20,39,-,-,1354,-,1,-,6062,33,4,1097,1097,-,-,-,281,798,5,-,-,-,-,20,179,132,16,445,119,-,-,41,41,-,-,60,36,-,-,-,24,-,-,-,-,-,-,-,-,-,-,-,-,-,-,-,-,18,-,-,-
29,"ti.00000","0","全国","sanD1A.0014","5","　　　　　3923 市場調査・世論調査・社会調査業",385,9541,242561,242489,235920,235452,28412,28412,-,132,132,-,-,55916,55667,88,162,3023,2695,328,146664,1304,469,467,-,136,331,-,-,-,1,-,-,-,1,38,33,-,-,-,-,33,-,33,-,-,-,-,-,6,-,-,-,3,3,0,-,3,-,-,-,-,-,6331,64,5747,23,-,-,-,-,23,-,-,-,76,8,0,18,39,-,-,10,-,-,-,5324,33,4,6,6,-,-,-,281,442,-,-,-,-,-,-,-,7,11,423,79,-,-,-,-,-,-,60,36,-,-,-,24,-,-,-,-,-,-,-,-,-,-,-,-,-,-,-,-,18,-,-,-
30,"ti.00000","0","全国","sanD1A.0015","5","　　　　　3929 その他の情報処理・提供サービス業",696,23358,710576,703555,685031,684476,13146,13089,57,3137,3132,5,-,12850,3770,8984,96,3087,251,2837,79,652177,555,14,0,0,14,429,429,-,112,8,12,-,92,6858,6698,19,-,-,19,6680,6637,-,-,42,-,-,-,160,-,-,-,159,-,159,1,-,-,-,-,-,-,350,-,171,-,-,-,-,-,-,-,-,-,3,-,-,1,-,-,-,2,-,-,-,-,-,-,167,167,-,-,-,-,138,-,-,-,-,-,-,78,54,-,6,41,-,-,41,41,-,-,-,-,-,-,-,-,-,-,-,-,-,-,-,-,-,-,-,-,-,-,-,-,-,-,-,-
31,"ti.00000","0","全国","sanD1A.0016","2","　　40 インターネット附随サービス業",2784,73099,2762839,2725485,2476302,311693,59127,57675,1452,134619,6105,3120,125394,29743,17303,8172,4268,24988,23028,1960,1899,61317,2164609,1155037,320385,624680,209972,786777,367152,419625,222795,2813,65001,17102,137879,903,804,143,-,-,143,661,477,1,9,89,-,4,80,99,7,7,-,70,35,35,-,-,22,-,13,-,9,139574,137,22407,17,7,-,-,-,2,-,9,-,9873,2,50,1652,-,-,-,7926,243,3,5,5145,116,-,34,34,-,-,-,7213,116194,268,113,1397,105,8,61,109109,94,1208,3831,836,-,-,3,3,-,0,45,-,-,-,19,25,68,16,-,-,-,-,-,-,-,-,-,-,-,-,-,12,3,37,-,651
32,"ti.00000","0","全国","sanD1A.0017","3","　　　401 インターネット附随サービス業",2784,73099,2762839,2725485,2476302,311693,59127,57675,1452,134619,6105,3120,125394,29743,17303,8172,4268,24988,23028,1960,1899,61317,2164609,1155037,320385,624680,209972,786777,367152,419625,222795,2813,65001,17102,137879,903,804,143,-,-,143,661,477,1,9,89,-,4,80,99,7,7,-,70,35,35,-,-,22,-,13,-,9,139574,137,22407,17,7,-,-,-,2,-,9,-,9873,2,50,1652,-,-,-,7926,243,3,5,5145,116,-,34,34,-,-,-,7213,116194,268,113,1397,105,8,61,109109,94,1208,3831,836,-,-,3,3,-,0,45,-,-,-,19,25,68,16,-,-,-,-,-,-,-,-,-,-,-,-,-,12,3,37,-,651
33,"ti.00000","0","全国","sanD1A.0018","5","　　　　　4011 ポータルサイト・サーバ運営業",590,28200,1238075,1219952,1173317,17739,3841,3841,-,110,110,-,-,7,7,0,0,173,173,-,-,13607,1155579,1147901,320282,622034,205585,6019,4322,1696,1659,-,1,11,1647,234,234,76,-,-,76,158,143,-,-,7,-,3,5,-,-,-,-,-,-,-,-,-,-,-,-,-,-,37821,-,297,0,-,-,-,-,-,-,0,-,245,-,5,73,-,-,-,154,13,1,-,48,-,-,0,0,-,-,-,3,37524,29,0,2,2,-,-,36960,2,513,16,0,-,-,-,-,-,-,-,-,-,-,-,-,-,-,-,-,-,-,-,-,-,-,-,-,-,-,-,-,-,0,-,0
34,"ti.00000","0","全国","sanD1A.0019","5","　　　　　4012 アプリケーション・サービス・コンテンツ・プロバイダ",279,15039,917278,914908,887820,112106,3130,3130,-,108438,21,-,108418,281,-,92,189,55,30,25,-,202,775714,3021,0,806,2215,770583,360624,409959,2110,-,-,255,1855,105,91,2,-,-,2,89,89,-,-,-,-,-,-,13,0,0,-,-,-,-,-,-,13,-,13,-,-,12854,-,1580,-,-,-,-,-,-,-,-,-,293,2,-,47,-,-,-,244,-,-,4,57,6,-,-,-,-,-,-,1220,11274,-,7,-,-,-,-,11237,-,-,31,-,-,-,-,-,-,-,-,-,-,-,-,-,-,-,-,-,-,-,-,-,-,-,-,-,-,-,-,-,-,-,-,-
35,"ti.00000","0","全国","sanD1A.0020","5","　　　　　4013 インターネット利用サポート業",301,9325,221076,220698,220144,1191,912,911,1,15,-,15,-,49,4,-,45,1,1,-,-,215,218952,94,-,22,72,311,303,9,218547,2810,64872,16835,134029,43,40,22,-,-,22,18,9,-,-,9,-,-,-,3,-,-,-,3,-,3,-,-,-,-,-,-,-,317,-,129,-,-,-,-,-,-,-,-,-,128,-,-,10,-,-,-,117,-,-,-,2,-,-,-,-,-,-,-,-,185,-,-,-,-,0,-,185,-,-,-,3,-,-,3,3,-,-,-,-,-,-,-,-,-,-,-,-,-,-,-,-,-,-,-,-,-,-,-,-,-,-,-,-
36,"ti.00000","0","全国","sanD1A.0021","0","K 不動産業，物品賃貸業",294111,1166385,42128128,40389483,45447,16355,3397,3335,62,595,179,393,23,4715,603,3739,372,1557,122,1435,2529,3562,29092,24817,52,24663,102,1414,169,1246,2861,-,15,24,2822,38102717,27781647,9921893,3971233,2626127,3324533,17859754,7476870,68294,226426,4860248,34432,800486,4392997,10321070,4209559,2124387,2085172,2266987,540000,1726987,2288817,38585,1517121,20430,119363,116641,1260687,152946,2880,114885,1375,42,24,116,248,196,21,582,147,2375,78,11,154,74,1541,60,37,421,13,34,37850,47146,45,106,88,16,2,2730,23211,8315,192,83,235,133,996,1435,625,273,2294,2050,26867,-,6,16141,13070,814,2257,499,16,2,194,266,21,63,1732,95,65,-,30,72,-,4,-,2,-,2,-,64,1,2283,620,2,5353
37,"ti.00000","0","全国","sanD1A.0022","1","　K1 不動産業",272119,954754,29843394,28979423,34845,8443,617,616,1,175,115,37,23,4246,528,3418,301,193,55,138,2529,683,26402,23753,26,23627,100,23,11,13,2625,-,15,3,2607,27787249,27718533,9918049,3968247,2625960,3323842,17800484,7431868,67312,221936,4857068,34293,796814,4391194,68716,40380,16734,23647,5977,4598,1379,17579,737,4043,12,78,10,3943,122253,1933,97206,1237,42,24,116,248,196,21,448,142,1800,19,11,145,22,1513,21,37,33,13,17,37644,44454,45,104,87,15,2,2730,9163,6880,40,83,214,122,867,931,622,246,1801,1955,16235,-,6,14425,12387,751,1287,294,10,2,66,199,17,63,198,95,65,-,30,47,-,-,-,-,-,2,-,45,1,297,39,2,769
38,"ti.00000","0","全国","sanD1A.0023","2","　　68 不動産取引業",49027,252008,11471103,11099779,3544,3056,0,-,0,10,7,3,-,2256,101,2093,62,73,32,42,611,106,488,60,19,10,31,6,6,-,422,-,-,-,422,10590928,10583679,9414135,3775630,2416344,3222162,1169544,653344,3429,21944,202726,3789,54336,229975,7248,1709,472,1237,3015,2919,96,1510,237,777,-,57,-,720,45491,460,33597,456,10,3,4,145,119,-,176,1,114,-,2,11,21,53,2,14,12,-,-,3843,25119,6,27,27,-,-,1623,2408,2261,4,24,161,-,262,76,573,144,862,154,9174,-,-,9060,7908,529,623,13,-,-,6,7,-,-,-,-,-,-,-,-,-,-,-,-,-,-,-,-,-,3,-,-,98
39,"ti.00000","0","全国","sanD1A.0024","3","　　　681 建物売買業，土地売買業",12124,85347,8080659,7845334,77,38,-,-,-,-,-,-,-,6,1,3,2,1,1,-,11,19,40,26,-,6,20,-,-,-,13,-,-,-,13,7473169,7468454,6527605,3728007,2345748,453850,940849,616062,3051,18482,154484,3110,13066,132594,4715,1285,236,1050,2812,2806,7,179,48,390,-,-,-,390,24679,449,18385,162,-,-,4,76,11,-,71,-,19,-,-,9,1,8,-,0,1,-,-,2943,12766,4,26,26,-,-,859,1607,325,4,-,6,-,-,51,109,128,2,26,5520,-,-,5427,4806,263,358,10,-,-,6,4,-,-,-,-,-,-,-,-,-,-,-,-,-,-,-,-,-,3,-,-,80
40,"ti.00000","0","全国","sanD1A.0025","5","　　　　　6811 建物売買業",2564,30362,4302484,4264907,4,3,-,-,-,-,-,-,-,-,-,-,-,-,-,-,3,-,0,0,-,-,0,-,-,-,-,-,-,-,-,4208674,4208524,3637787,3158571,368131,111085,570737,449080,236,1844,69864,268,3907,45538,149,29,27,2,-,-,-,83,21,16,-,-,-,16,16613,-,15790,68,-,-,-,-,2,-,66,-,4,-,-,-,-,4,-,-,-,-,-,1660,12737,-,-,-,-,-,506,814,91,-,-,-,-,-,-,68,-,-,23,732,-,-,732,677,-,56,-,-,-,-,-,-,-,-,-,-,-,-,-,-,-,-,-,-,-,-,-,-,-,-,-,-
41,"ti.00000","0","全国","sanD1A.0026","5","　　　　　6812 土地売買業",4325,27277,2775444,2719501,16,9,-,-,-,-,-,-,-,5,-,3,2,1,1,-,2,1,7,7,-,-,7,-,-,-,-,-,-,-,-,2707481,2707128,2559461,550776,1932355,76330,147667,82492,511,7393,32952,1812,4656,17850,353,69,49,20,47,43,3,81,-,156,-,-,-,156,2168,26,172,53,-,-,-,48,-,-,5,-,1,-,-,0,-,-,-,0,0,-,-,49,0,-,-,-,-,-,10,58,167,-,-,-,-,-,-,40,127,-,0,1803,-,-,1800,1385,149,266,-,-,-,-,-,-,-,-,-,-,-,-,-,-,-,-,-,-,-,-,-,-,3,-,-,-
42,"ti.00000","0","全国","sanD1A.0027","3","　　　682 不動産代理業・仲介業",36903,166661,3390444,3254445,3467,3019,0,-,0,10,7,3,-,2249,99,2090,60,72,31,42,600,87,449,34,19,4,11,6,6,-,409,-,-,-,409,3117759,3115225,2886530,47622,70595,2768313,228695,37282,379,3462,48243,680,41269,97381,2534,424,236,187,203,113,89,1331,189,387,-,57,-,330,20812,10,15211,294,10,3,-,69,108,-,105,1,95,-,2,2,20,44,2,14,11,-,-,901,12353,2,1,1,-,-,764,801,1936,-,24,155,-,262,25,465,16,860,128,3655,-,-,3633,3101,267,265,3,-,-,-,3,-,-,-,-,-,-,-,-,-,-,-,-,-,-,-,-,-,-,-,-,18
43,"ti.00000","0","全国","sanD1A.0028","5","　　　　　6821 不動産代理業・仲介業",36903,166661,3390444,3254445,3467,3019,0,-,0,10,7,3,-,2249,99,2090,60,72,31,42,600,87,449,34,19,4,11,6,6,-,409,-,-,-,409,3117759,3115225,2886530,47622,70595,2768313,228695,37282,379,3462,48243,680,41269,97381,2534,424,236,187,203,113,89,1331,189,387,-,57,-,330,20812,10,15211,294,10,3,-,69,108,-,105,1,95,-,2,2,20,44,2,14,11,-,-,901,12353,2,1,1,-,-,764,801,1936,-,24,155,-,262,25,465,16,860,128,3655,-,-,3633,3101,267,265,3,-,-,-,3,-,-,-,-,-,-,-,-,-,-,-,-,-,-,-,-,-,-,-,-,18
44,"ti.00000","0","全国","sanD1A.0029","2","　　69 不動産賃貸業・管理業",223092,702746,18372291,17879644,31300,5387,617,616,1,165,108,34,23,1991,427,1325,239,119,23,96,1918,577,25914,23694,7,23617,69,17,4,13,2203,-,15,3,2185,17196322,17134854,503914,192618,209616,101680,16630940,6778524,63882,199991,4654342,30504,742478,4161219,61467,38671,16261,22410,2962,1679,1283,16069,499,3266,12,21,10,3224,76762,1473,63609,781,32,22,112,103,77,21,273,142,1685,19,9,134,1,1460,19,22,22,13,17,33800,19335,39,76,59,15,2,1107,6755,4619,36,58,53,122,605,855,49,102,939,1801,7061,-,6,5365,4480,222,664,281,10,2,61,191,17,63,198,95,65,-,30,47,-,-,-,-,-,2,-,45,1,294,39,2,671
45,"ti.00000","0","全国","sanD1A.0030","3","　　　691 不動産賃貸業（貸家業，貸間業を除く）",41601,164766,7353930,7144086,1318,1183,114,114,-,77,26,34,16,733,151,421,161,1,0,1,87,171,135,62,7,18,36,5,4,0,69,-,-,-,69,6911738,6891765,241339,164760,55972,20608,6650426,6162607,59215,147216,90749,3794,74242,112603,19973,14320,14178,142,2131,1155,976,1504,302,1715,0,9,4,1702,48616,1033,43221,302,-,12,28,25,42,21,115,60,126,19,6,74,-,0,7,10,11,10,4,29230,9116,-,25,19,3,2,417,3993,2714,21,9,53,51,577,367,6,86,51,1494,1648,-,-,852,642,3,206,22,2,-,10,5,5,50,173,42,13,-,30,-,-,-,-,-,-,-,-,-,-,256,2,-,251
46,"ti.00000","0","全国","sanD1A.0031","5","　　　　　6911 貸事務所業",34827,135313,6532205,6467170,920,844,32,32,-,20,1,4,16,594,129,338,127,1,0,1,76,120,76,54,7,11,36,5,4,0,17,-,-,-,17,6401516,6395562,183773,158802,17719,7253,6211788,5964023,8080,33139,67328,3047,64591,71580,5955,2707,2676,32,1097,184,913,1164,57,928,0,9,4,915,13057,294,10273,226,-,12,6,25,11,21,115,38,73,19,6,31,-,-,3,8,6,10,3,2664,4674,-,25,19,3,2,367,2233,1668,21,9,47,45,510,313,-,52,23,649,822,-,-,523,502,3,18,16,2,-,10,5,-,50,5,30,0,-,30,-,-,-,-,-,-,-,-,-,-,44,2,-,151
47,"ti.00000","0","全国","sanD1A.0032","5","　　　　　6912 土地賃貸業",4521,12032,136242,134328,52,45,0,0,-,26,-,26,-,19,-,18,0,-,-,-,-,-,7,7,-,7,0,-,-,-,-,-,-,-,-,129711,129336,901,28,679,193,128435,9547,379,106514,7512,279,2695,1509,375,143,130,14,17,14,3,87,3,126,-,-,-,126,293,10,207,-,-,-,-,-,-,-,-,-,5,-,-,-,-,0,-,-,4,-,1,52,21,-,0,0,-,-,-,128,20,-,-,6,6,-,1,6,-,1,-,56,-,-,20,9,-,11,-,-,-,-,-,-,-,-,12,12,-,-,-,-,-,-,-,-,-,-,-,-,-,-,-,24
48,"ti.00000","0","全国","sanD1A.0033","5","　　　　　6919 その他の不動産賃貸業",791,2845,53528,52935,17,17,15,15,-,-,-,-,-,2,-,-,2,-,-,-,-,-,-,-,-,-,-,-,-,-,-,-,-,-,-,50248,50214,482,195,258,29,49732,544,47556,380,387,2,650,212,34,4,4,-,10,-,10,0,-,19,-,-,-,19,2030,-,2029,-,-,-,-,-,-,-,-,-,-,-,-,-,-,-,-,-,-,-,-,1962,66,-,-,-,-,-,-,1,0,-,-,-,-,-,0,-,-,-,-,1,-,-,1,1,-,-,-,-,-,-,-,-,-,-,-,-,-,-,-,-,-,-,-,-,-,-,-,-,-,-,-,-
49,"ti.00000","0","全国","sanD1A.0034","3","　　　692 貸家業，貸間業",127156,278024,5346316,5220313,24739,1088,397,397,-,18,12,-,6,309,145,105,59,20,4,16,25,319,23652,23600,0,23590,9,10,-,10,43,-,14,-,28,5070732,5066908,195733,12574,137917,45242,4871175,177889,1987,32797,4475043,26090,35227,122142,3824,1050,742,308,512,355,157,1255,185,821,10,12,6,794,15560,66,14275,358,32,10,77,41,34,-,83,82,48,0,3,30,1,1,3,4,5,1,10,3427,9211,38,10,5,5,-,141,1031,220,6,49,-,3,20,20,10,12,18,81,999,-,6,591,378,46,166,68,4,2,51,2,7,13,24,52,52,-,-,9,-,-,-,-,-,-,-,9,1,28,30,2,177
50,"ti.00000","0","全国","sanD1A.0035","5","　　　　　6921 貸家業",121929,252161,4853577,4797732,23846,277,124,124,-,18,12,-,6,101,13,77,11,4,4,0,1,29,23569,23533,-,23526,7,-,-,-,36,-,14,-,22,4734675,4733961,144058,7396,130927,5735,4589903,83381,757,23168,4366734,1955,30336,83572,714,112,77,35,50,24,27,263,13,277,-,-,1,276,1672,4,1353,147,2,-,21,19,17,-,49,39,28,0,3,15,1,1,1,4,3,1,4,581,364,38,1,1,-,-,57,131,27,-,-,-,-,-,16,1,3,-,7,288,-,6,180,122,4,54,16,4,2,-,2,7,8,24,-,-,-,-,1,-,-,-,-,-,-,-,1,1,20,-,1,30
51,"ti.00000","0","全国","sanD1A.0036","5","　　　　　6922 貸間業",1981,4116,29266,28545,4,4,-,-,-,-,-,-,-,-,-,-,-,-,-,-,-,4,-,-,-,-,-,-,-,-,-,-,-,-,-,27230,26472,250,83,150,17,26222,997,35,164,640,23333,664,389,757,126,-,126,249,249,-,372,-,10,-,-,3,7,419,-,417,5,-,5,-,-,-,-,-,-,4,-,-,4,-,-,-,-,-,0,1,407,-,-,-,-,-,-,-,-,-,-,-,-,-,-,-,-,-,-,-,3,-,-,-,-,-,-,-,-,-,-,-,-,-,-,-,-,-,-,-,-,-,-,-,-,-,-,-,-,-,3,-,-
52,"ti.00000","0","全国","sanD1A.0037","3","　　　693 駐車場業",26912,64103,696543,684626,114,108,46,46,-,2,2,-,-,31,24,6,1,4,-,4,23,2,6,5,-,4,1,-,-,-,1,-,-,-,1,662051,647619,4789,3189,370,1230,642830,9799,310,4068,5333,114,617261,5946,14432,735,733,2,125,78,47,13009,2,561,-,0,-,561,562,11,223,26,-,-,-,5,1,-,20,-,18,-,-,-,-,1,10,8,-,-,1,95,14,-,19,19,-,-,-,50,199,9,-,-,-,-,34,-,-,25,131,129,-,-,116,106,-,10,5,-,-,-,5,-,0,-,-,-,-,-,2,-,-,-,-,-,2,-,-,-,5,1,-,1
53,"ti.00000","0","全国","sanD1A.0038","5","　　　　　6931 駐車場業",26912,64103,696543,684626,114,108,46,46,-,2,2,-,-,31,24,6,1,4,-,4,23,2,6,5,-,4,1,-,-,-,1,-,-,-,1,662051,647619,4789,3189,370,1230,642830,9799,310,4068,5333,114,617261,5946,14432,735,733,2,125,78,47,13009,2,561,-,0,-,561,562,11,223,26,-,-,-,5,1,-,20,-,18,-,-,-,-,1,10,8,-,-,1,95,14,-,19,19,-,-,-,50,199,9,-,-,-,-,34,-,-,25,131,129,-,-,116,106,-,10,5,-,-,-,5,-,0,-,-,-,-,-,2,-,-,-,-,-,2,-,-,-,5,1,-,1
54,"ti.00000","0","全国","sanD1A.0039","3","　　　694 不動産管理業",27423,195853,4975502,4830618,5129,3008,59,58,1,67,67,-,0,918,108,793,18,95,19,76,1783,85,2121,27,-,5,22,3,-,3,2091,-,0,3,2088,4551801,4528562,62052,12095,15357,34600,4466510,428229,2371,15911,83217,506,15748,3920528,23239,22566,608,21958,194,91,103,301,10,168,1,-,-,167,12024,363,5890,95,-,-,7,32,1,-,55,0,1494,-,1,30,-,1457,-,1,6,2,3,1049,994,0,23,16,7,0,550,1681,1486,-,1,-,69,9,434,32,3,845,94,4285,-,-,3806,3353,172,281,187,4,-,-,180,4,-,-,-,-,-,-,36,-,-,-,-,-,-,-,36,-,5,6,-,243
55,"ti.00000","0","全国","sanD1A.0040","5","　　　　　6941 不動産管理業",27423,195853,4975502,4830618,5129,3008,59,58,1,67,67,-,0,918,108,793,18,95,19,76,1783,85,2121,27,-,5,22,3,-,3,2091,-,0,3,2088,4551801,4528562,62052,12095,15357,34600,4466510,428229,2371,15911,83217,506,15748,3920528,23239,22566,608,21958,194,91,103,301,10,168,1,-,-,167,12024,363,5890,95,-,-,7,32,1,-,55,0,1494,-,1,30,-,1457,-,1,6,2,3,1049,994,0,23,16,7,0,550,1681,1486,-,1,-,69,9,434,32,3,845,94,4285,-,-,3806,3353,172,281,187,4,-,-,180,4,-,-,-,-,-,-,36,-,-,-,-,-,-,-,36,-,5,6,-,243
56,"ti.00000","0","全国","sanD1A.0041","1","　K2 物品賃貸業",21992,211631,12284734,11410061,10602,7912,2780,2719,61,420,65,356,-,468,76,321,72,1364,67,1297,0,2879,2690,1064,26,1036,2,1391,158,1233,236,-,-,21,214,10315468,63114,3844,2985,168,691,59270,45002,982,4490,3181,139,3673,1803,10252354,4169179,2107654,2061525,2261010,535402,1725608,2271238,37849,1513078,20418,119285,116631,1256744,30693,947,17680,138,-,-,-,-,-,-,134,5,575,59,-,9,52,28,39,0,388,-,17,207,2692,-,2,1,1,-,-,14048,1435,152,-,21,11,129,504,3,28,493,95,10632,-,-,1716,683,63,970,205,6,-,127,67,4,0,1535,-,-,-,-,25,-,4,-,2,-,-,-,19,-,1986,582,-,4584
57,"ti.00000","0","全国","sanD1A.0042","2","　　70 物品賃貸業",21992,211631,12284734,11410061,10602,7912,2780,2719,61,420,65,356,-,468,76,321,72,1364,67,1297,0,2879,2690,1064,26,1036,2,1391,158,1233,236,-,-,21,214,10315468,63114,3844,2985,168,691,59270,45002,982,4490,3181,139,3673,1803,10252354,4169179,2107654,2061525,2261010,535402,1725608,2271238,37849,1513078,20418,119285,116631,1256744,30693,947,17680,138,-,-,-,-,-,-,134,5,575,59,-,9,52,28,39,0,388,-,17,207,2692,-,2,1,1,-,-,14048,1435,152,-,21,11,129,504,3,28,493,95,10632,-,-,1716,683,63,970,205,6,-,127,67,4,0,1535,-,-,-,-,25,-,4,-,2,-,-,-,19,-,1986,582,-,4584
58,"ti.00000","0","全国","sanD1A.0043","3","　　　701 各種物品賃貸業",1041,18088,4898752,4650781,3672,3574,2594,2594,-,-,-,-,-,147,-,144,3,-,-,-,-,833,98,-,-,-,-,-,-,-,98,-,-,-,98,4077361,32076,132,-,91,41,31944,31650,3,215,44,-,29,4,4045285,1702752,1358714,344038,1363702,338114,1025588,282052,12572,684207,11,146,72,683979,13914,-,13914,-,-,-,-,-,-,-,-,-,-,-,-,-,-,-,-,-,-,-,-,10,238,-,-,-,-,-,-,13665,-,-,-,-,-,-,-,-,-,-,-,-,-,-,-,-,-,-,-,-,-,-,-,-,-,-,-,-,-,-,-,-,-,-,-,-,-,-,-,-,-,-,-,-
59,"ti.00000","0","全国","sanD1A.0044","5","　　　　　7011 総合リース業",455,12723,4426884,4198021,833,833,-,-,-,-,-,-,-,-,-,-,-,-,-,-,-,833,-,-,-,-,-,-,-,-,-,-,-,-,-,3761778,25908,-,-,-,-,25908,25726,3,140,24,-,14,-,3735870,1579226,1299642,279584,1256188,283082,973106,237424,7088,655945,-,-,-,655945,13669,-,13669,-,-,-,-,-,-,-,-,-,-,-,-,-,-,-,-,-,-,-,-,10,-,-,-,-,-,-,-,13659,-,-,-,-,-,-,-,-,-,-,-,-,-,-,-,-,-,-,-,-,-,-,-,-,-,-,-,-,-,-,-,-,-,-,-,-,-,-,-,-,-,-,-,-
60,"ti.00000","0","全国","sanD1A.0045","5","　　　　　7019 その他の各種物品賃貸業",242,2196,92721,85017,-,-,-,-,-,-,-,-,-,-,-,-,-,-,-,-,-,-,-,-,-,-,-,-,-,-,-,-,-,-,-,79339,-,-,-,-,-,-,-,-,-,-,-,-,-,79339,59572,15373,44199,658,540,117,5402,4930,8776,7,26,33,8709,-,-,-,-,-,-,-,-,-,-,-,-,-,-,-,-,-,-,-,-,-,-,-,-,-,-,-,-,-,-,-,-,-,-,-,-,-,-,-,-,-,-,-,-,-,-,-,-,-,-,-,-,-,-,-,-,-,-,-,-,-,-,-,-,-,-,-,-,-,-,-,-,-,-,-,-
61,"ti.00000","0","全国","sanD1A.0046","3","　　　702 産業用機械器具賃貸業",7918,73471,3395079,3041052,4251,2969,0,0,-,9,9,-,-,116,7,71,39,1364,67,1297,-,1479,1281,27,25,2,-,1233,-,1233,21,-,-,21,-,2731878,14390,1047,517,25,505,13342,5782,958,3369,1422,120,1221,469,2717488,2325733,665731,1660002,168928,63595,105333,106608,6390,109830,7240,1312,-,101278,10888,940,2497,120,-,-,-,-,-,-,115,5,59,59,-,-,-,-,-,-,-,-,-,18,2093,-,2,1,1,-,-,206,367,152,-,3,-,-,179,3,-,28,2,7083,-,-,1032,220,44,768,200,6,-,127,67,-,0,1534,-,-,-,-,21,-,-,-,2,-,-,-,19,-,-,-,-,4295
62,"ti.00000","0","全国","sanD1A.0047","5","　　　　　7021 産業用機械器具賃貸業（建設機械器具を除く）",929,9786,815610,733310,79,45,-,-,-,-,-,-,-,-,-,-,-,33,12,21,-,12,33,-,-,-,-,33,-,33,-,-,-,-,-,728270,6148,577,129,-,448,5571,1952,15,2615,570,5,365,49,722122,627839,608233,19606,93545,33194,60351,737,-,2,-,2,-,-,849,680,127,-,-,-,-,-,-,-,-,-,-,-,-,-,-,-,-,-,-,-,-,-,-,-,-,-,-,-,-,127,36,-,-,3,-,-,-,3,-,28,2,6,-,-,-,-,-,-,-,-,-,-,-,-,-,-,-,-,-,-,-,-,-,-,-,-,-,-,-,-,-,-,-,6
63,"ti.00000","0","全国","sanD1A.0048","5","　　　　　7022 建設機械器具賃貸業",5026,44602,1840039,1706052,8,8,-,-,-,-,-,-,-,8,-,-,8,-,-,-,-,-,-,-,-,-,-,-,-,-,-,-,-,-,-,1627744,1554,91,47,9,36,1462,748,6,204,356,112,34,2,1626190,1525906,1937,1523968,21587,7359,14228,74485,482,3731,-,-,-,3731,2439,27,-,-,-,-,-,-,-,-,-,-,-,-,-,-,-,-,-,-,-,-,-,-,-,-,-,-,-,-,-,-,2,-,-,-,-,-,2,-,-,-,-,2410,-,-,548,18,-,530,67,-,-,-,67,-,-,1534,-,-,-,-,2,-,-,-,2,-,-,-,-,-,-,-,-,259
64,"ti.00000","0","全国","sanD1A.0049","3","　　　703 事務用機械器具賃貸業",441,5823,882222,853296,1000,998,68,7,61,329,6,324,-,111,17,93,1,-,-,-,0,490,2,-,-,-,-,-,-,-,2,-,-,-,2,830566,515,21,-,9,11,494,107,2,11,11,-,10,353,830051,56095,37438,18658,708777,121152,587625,17183,6,47990,101,2860,-,45029,52,-,28,14,-,-,-,-,-,-,14,-,-,-,-,-,-,-,-,-,-,-,-,12,-,-,-,-,-,-,-,1,24,-,-,-,-,-,-,0,23,-,1,0,-,-,-,-,-,-,-,-,-,-,-,-,-,-,-,-,-,-,-,-,-,-,-,-,-,-,-,-,-,-,-,0
65,"ti.00000","0","全国","sanD1A.0050","5","　　　　　7031 事務用機械器具賃貸業（電子計算機を除く）",197,2063,107149,104606,10,10,-,-,-,6,6,-,-,4,4,-,-,-,-,-,-,-,-,-,-,-,-,-,-,-,-,-,-,-,-,100390,35,9,-,9,-,25,11,2,-,8,-,3,1,100355,197,-,197,98219,98103,116,551,-,1389,-,-,-,1389,2,-,2,-,-,-,-,-,-,-,-,-,-,-,-,-,-,-,-,-,-,-,-,2,-,-,-,-,-,-,-,-,-,-,-,-,-,-,-,-,-,-,-,-,-,-,-,-,-,-,-,-,-,-,-,-,-,-,-,-,-,-,-,-,-,-,-,-,-,-,-,-,-,-,-,-
66,"ti.00000","0","全国","sanD1A.0051","5","　　　　　7032 電子計算機・同関連機器賃貸業",85,2578,652925,632035,490,490,-,-,-,0,0,-,-,1,0,-,1,-,-,-,-,490,-,-,-,-,-,-,-,-,-,-,-,-,-,620281,133,11,-,-,11,121,25,-,4,1,-,5,86,620148,30371,20435,9935,552088,13223,538864,7579,-,30112,-,-,-,30112,2,-,1,-,-,-,-,-,-,-,-,-,-,-,-,-,-,-,-,-,-,-,-,0,-,-,-,-,-,-,-,1,0,-,-,-,-,-,-,0,-,-,-,0,-,-,-,-,-,-,-,-,-,-,-,-,-,-,-,-,-,-,-,-,-,-,-,-,-,-,-,-,-,-,-,0
67,"ti.00000","0","全国","sanD1A.0052","3","　　　704 自動車賃貸業",5023,42402,2046196,1953673,1057,180,111,111,-,21,21,-,-,48,28,8,12,-,-,-,-,-,877,877,-,877,-,-,-,-,0,-,-,-,0,1889579,6562,50,-,8,42,6512,2585,2,662,466,14,2231,552,1883017,6465,4412,2054,8489,3731,4759,1864209,140,3713,-,-,-,3713,364,4,270,4,-,-,-,-,-,-,4,-,4,-,-,1,2,-,-,-,-,-,-,33,223,-,-,-,-,-,-,6,32,-,-,-,-,28,-,-,4,-,-,58,-,-,-,-,-,-,-,-,-,-,-,-,-,-,-,-,-,-,-,-,-,-,-,-,-,-,-,-,-,-,-,58
68,"ti.00000","0","全国","sanD1A.0053","5","　　　　　7041 自動車賃貸業",5023,42402,2046196,1953673,1057,180,111,111,-,21,21,-,-,48,28,8,12,-,-,-,-,-,877,877,-,877,-,-,-,-,0,-,-,-,0,1889579,6562,50,-,8,42,6512,2585,2,662,466,14,2231,552,1883017,6465,4412,2054,8489,3731,4759,1864209,140,3713,-,-,-,3713,364,4,270,4,-,-,-,-,-,-,4,-,4,-,-,1,2,-,-,-,-,-,-,33,223,-,-,-,-,-,-,6,32,-,-,-,-,28,-,-,4,-,-,58,-,-,-,-,-,-,-,-,-,-,-,-,-,-,-,-,-,-,-,-,-,-,-,-,-,-,-,-,-,-,-,58
69,"ti.00000","0","全国","sanD1A.0054","3","　　　705 スポーツ・娯楽用品賃貸業",485,2317,17549,16912,2,-,-,-,-,-,-,-,-,-,-,-,-,-,-,-,-,-,2,-,-,-,-,-,-,-,2,-,-,-,2,15231,134,21,20,-,1,113,13,-,17,37,1,34,11,15097,263,249,14,153,82,71,21,13150,1511,-,0,3,1507,139,3,46,-,-,-,-,-,-,-,-,-,46,-,-,-,46,-,-,-,-,-,-,-,-,-,-,-,-,-,-,-,8,-,-,-,-,0,0,-,-,7,-,82,-,-,73,-,-,73,-,-,-,-,-,-,-,-,-,-,-,-,-,-,-,-,-,-,-,-,-,-,7,-,-,3
70,"ti.00000","0","全国","sanD1A.0055","5","　　　　　7051 スポーツ・娯楽用品賃貸業",485,2317,17549,16912,2,-,-,-,-,-,-,-,-,-,-,-,-,-,-,-,-,-,2,-,-,-,-,-,-,-,2,-,-,-,2,15231,134,21,20,-,1,113,13,-,17,37,1,34,11,15097,263,249,14,153,82,71,21,13150,1511,-,0,3,1507,139,3,46,-,-,-,-,-,-,-,-,-,46,-,-,-,46,-,-,-,-,-,-,-,-,-,-,-,-,-,-,-,8,-,-,-,-,0,0,-,-,7,-,82,-,-,73,-,-,73,-,-,-,-,-,-,-,-,-,-,-,-,-,-,-,-,-,-,-,-,-,-,7,-,-,3
71,"ti.00000","0","全国","sanD1A.0056","3","　　　709 その他の物品賃貸業",7084,69530,1044936,894346,621,191,6,6,-,61,28,32,-,46,24,5,17,-,-,-,-,78,430,160,1,157,2,158,158,-,112,-,-,-,112,770853,9437,2573,2448,34,91,6864,4866,17,217,1201,3,147,414,761416,77870,41111,36760,10962,8729,2233,1165,5591,665828,13067,114967,116556,421238,5337,0,925,-,-,-,-,-,-,-,-,-,467,-,-,8,4,28,39,0,388,-,17,133,138,-,-,-,-,-,-,170,1003,-,-,17,11,100,324,-,0,458,93,3408,-,-,611,463,19,129,4,-,-,-,-,4,-,0,-,-,-,-,4,-,4,-,-,-,-,-,-,-,1979,582,-,228
72,"ti.00000","0","全国","sanD1A.0057","4","　　　　70A 音楽・映像記録物賃貸業（別掲を除く）",946,17578,162651,120686,-,-,-,-,-,-,-,-,-,-,-,-,-,-,-,-,-,-,-,-,-,-,-,-,-,-,-,-,-,-,-,113476,213,74,73,-,1,139,26,-,-,69,-,-,43,113263,90,90,0,-,-,-,8,691,112473,711,110859,-,902,6,-,-,-,-,-,-,-,-,-,-,-,-,-,-,-,-,-,-,-,-,-,-,-,-,-,-,-,-,-,-,-,0,-,-,-,-,-,-,-,-,0,-,6,-,-,-,-,-,-,-,-,-,-,-,-,-,-,-,-,-,-,4,-,4,-,-,-,-,-,-,-,2,-,-,-
73,"ti.00000","0","全国","sanD1A.0058","5","　　　　　7092 音楽・映像記録物賃貸業（別掲を除く）",946,17578,162651,120686,-,-,-,-,-,-,-,-,-,-,-,-,-,-,-,-,-,-,-,-,-,-,-,-,-,-,-,-,-,-,-,113476,213,74,73,-,1,139,26,-,-,69,-,-,43,113263,90,90,0,-,-,-,8,691,112473,711,110859,-,902,6,-,-,-,-,-,-,-,-,-,-,-,-,-,-,-,-,-,-,-,-,-,-,-,-,-,-,-,-,-,-,-,0,-,-,-,-,-,-,-,-,0,-,6,-,-,-,-,-,-,-,-,-,-,-,-,-,-,-,-,-,-,4,-,4,-,-,-,-,-,-,-,2,-,-,-
74,"ti.00000","0","全国","sanD1A.0059","4","　　　　70B 他に分類されない物品賃貸業",6138,51952,882285,773660,621,191,6,6,-,61,28,32,-,46,24,5,17,-,-,-,-,78,430,160,1,157,2,158,158,-,112,-,-,-,112,657377,9224,2499,2375,34,90,6725,4840,17,217,1131,3,147,370,648153,77780,41020,36760,10962,8729,2233,1157,4899,553355,12356,4107,116556,420335,5331,0,925,-,-,-,-,-,-,-,-,-,467,-,-,8,4,28,39,0,388,-,17,133,138,-,-,-,-,-,-,170,1003,-,-,17,11,100,324,-,0,458,93,3402,-,-,611,463,19,129,4,-,-,-,-,4,-,0,-,-,-,-,-,-,-,-,-,-,-,-,-,-,1977,582,-,228
75,"ti.00000","0","全国","sanD1A.0060","5","　　　　　7091 映画・演劇用品賃貸業",77,934,12856,12426,-,-,-,-,-,-,-,-,-,-,-,-,-,-,-,-,-,-,-,-,-,-,-,-,-,-,-,-,-,-,-,12423,39,-,-,-,-,39,-,-,-,39,-,-,-,12383,-,-,-,-,-,-,-,-,12383,12324,15,44,-,-,-,-,-,-,-,-,-,-,-,-,-,-,-,-,-,-,-,-,-,-,-,-,-,-,-,-,-,-,-,-,-,-,-,-,-,-,-,-,-,-,-,-,-,-,-,-,-,-,-,-,-,-,-,-,-,-,-,-,-,-,-,-,-,-,-,-,-,-,-,-,-,-,-,-,-
76,"ti.00000","0","全国","sanD1A.0061","5","　　　　　7093 貸衣しょう業（別掲を除く）",1498,11728,122384,119740,2,-,-,-,-,-,-,-,-,-,-,-,-,-,-,-,-,-,2,2,1,1,-,-,-,-,-,-,-,-,-,115347,345,1,-,-,1,344,235,-,2,60,-,35,12,115002,-,-,-,-,-,-,-,5,114997,-,1,114969,27,1432,-,63,-,-,-,-,-,-,-,-,-,2,-,-,-,-,2,-,0,-,-,-,62,-,-,-,-,-,-,-,-,-,-,-,-,-,-,-,-,-,-,-,1368,-,-,-,-,-,-,-,-,-,-,-,-,-,-,-,-,-,-,-,-,-,-,-,-,-,-,-,-,1070,299,-,-
77,"ti.00000","0","全国","sanD1A.0062","5","　　　　　7099 他に分類されない物品賃貸業",3125,24739,460386,417740,160,47,0,0,-,-,-,-,-,-,-,-,-,-,-,-,-,47,113,113,-,110,2,-,-,-,-,-,-,-,-,409435,3073,2345,2301,34,9,729,383,-,25,282,-,18,21,406362,53,8,45,3518,3518,-,15,110,402666,1,12,18,402635,363,0,139,-,-,-,-,-,-,-,-,-,71,-,-,2,4,26,39,-,-,-,16,26,-,-,-,-,-,-,-,26,52,-,-,-,-,-,-,-,0,51,1,172,-,-,160,63,-,97,4,-,-,-,-,4,-,0,-,-,-,-,-,-,-,-,-,-,-,-,-,-,2,-,-,5
78,"ti.00000","0","全国","sanD1A.0063","0","L 学術研究，専門・技術サービス業",176960,1362607,34716689,34150064,132568,100007,50369,47739,2630,5120,4487,22,611,16105,4974,7888,3243,8174,6545,1629,9850,10390,32560,4385,546,1282,2558,3933,3257,676,24242,10,126,22689,1417,137165,129648,18974,6054,5194,7725,110675,78692,605,8765,12475,348,2939,6850,7516,3651,2932,719,1092,574,518,264,8,2502,2,185,1305,1011,32956104,2794960,13181980,2508059,391255,161316,180458,122420,45733,440075,1081298,85503,392091,17452,16148,101312,8312,27070,10247,13925,197626,583,3302,2964274,5954402,84424,46032,39573,6433,25,53847,1174967,7083885,504908,162784,1525304,62431,333426,110675,1230386,920239,849604,1384129,9895279,30513,352525,3690018,2701229,528865,459924,1093324,204176,70685,165898,12748,639818,407145,173654,3646,655,8,2982,169890,29112,39062,33275,3383,32612,1340,4082,27025,161969,162968,125116,1731172,1793338
79,"ti.00000","0","全国","sanD1A.0064","2","　　71 学術・開発研究機関",2374,111614,3101556,3062275,13135,12834,2356,1655,701,16,16,-,-,1119,927,-,192,3525,3525,0,5740,78,301,37,-,37,-,235,235,-,29,-,-,-,29,5636,5415,129,129,-,0,5286,3862,30,1112,207,1,39,34,221,81,81,-,7,0,7,-,-,134,-,-,-,134,2855409,2775744,11922,34,-,23,-,-,-,-,11,-,2353,138,-,1870,-,-,27,-,319,1,2,1867,2013,-,0,0,-,-,-,5652,98,-,95,-,-,-,-,-,3,-,-,67644,379,293,10922,1109,10,9803,5814,4312,369,836,155,141,13612,2264,84,-,-,84,2279,28,219,783,268,176,132,4,669,9052,-,-,2292,20654
80,"ti.00000","0","全国","sanD1A.0065","3","　　　711 自然科学研究所",1960,104149,2997060,2958427,11481,11202,1681,980,701,16,16,-,-,754,569,-,185,3525,3525,0,5152,73,279,37,-,37,-,235,235,-,7,-,-,-,7,4920,4705,129,129,-,0,4576,3208,30,1111,184,1,38,4,215,81,81,-,0,0,-,-,-,134,-,-,-,134,2757063,2678302,11114,34,-,23,-,-,-,-,11,-,2140,82,-,1870,-,-,27,-,162,-,-,1594,2013,-,0,0,-,-,-,5332,83,-,83,-,-,-,-,-,-,-,-,67564,379,293,10922,1109,10,9803,5814,4312,369,836,155,141,13612,2264,84,-,-,84,2279,28,219,783,268,176,132,4,669,9052,-,-,2292,20574
81,"ti.00000","0","全国","sanD1A.0066","5","　　　　　7111 理学研究所",296,23992,745302,744497,1,1,1,1,-,-,-,-,-,-,-,-,-,-,-,-,-,-,-,-,-,-,-,-,-,-,-,-,-,-,-,448,433,-,-,-,-,433,53,-,342,38,-,-,-,14,-,-,-,-,-,-,-,-,14,-,-,-,14,743953,743811,41,-,-,-,-,-,-,-,-,-,-,-,-,-,-,-,-,-,-,-,-,-,41,-,-,-,-,-,-,-,-,-,-,-,-,-,-,-,-,-,-,101,-,-,0,-,-,0,-,-,-,-,-,-,100,-,-,-,-,-,1,-,1,-,-,-,-,-,-,-,-,-,-,-
82,"ti.00000","0","全国","sanD1A.0067","5","　　　　　7112 工学研究所",427,40592,1508726,1507568,2387,2387,258,167,91,16,16,-,-,363,363,-,-,1697,1697,-,-,52,-,-,-,-,-,-,-,-,-,-,-,-,-,553,400,-,-,-,-,400,249,4,139,-,-,7,-,154,45,45,-,-,-,-,-,-,108,-,-,-,108,1499563,1498620,592,-,-,-,-,-,-,-,-,-,-,-,-,-,-,-,-,-,-,-,-,592,-,-,0,0,-,-,-,0,81,-,81,-,-,-,-,-,-,-,-,270,-,-,42,42,-,-,-,-,-,-,-,-,46,2,21,-,-,21,-,-,-,-,-,-,-,-,-,61,-,-,-,97
83,"ti.00000","0","全国","sanD1A.0068","5","　　　　　7113 農学研究所",219,8780,124171,123817,52,52,-,-,-,-,-,-,-,-,-,-,-,52,52,-,-,-,-,-,-,-,-,-,-,-,-,-,-,-,-,314,314,-,-,-,-,314,199,-,-,116,-,-,-,-,-,-,-,-,-,-,-,-,-,-,-,-,-,123403,123392,10,-,-,-,-,-,-,-,-,-,-,-,-,-,-,-,-,-,-,-,-,-,-,-,-,-,-,-,-,10,-,-,-,-,-,-,-,-,-,-,-,1,-,-,-,-,-,-,-,-,-,-,-,-,-,-,-,-,-,-,-,-,-,-,-,-,-,-,-,-,-,-,-,1
84,"ti.00000","0","全国","sanD1A.0069","5","　　　　　7114 医学・薬学研究所",38,4704,212202,179940,192,192,7,7,-,-,-,-,-,185,-,-,185,-,-,-,-,-,-,-,-,-,-,-,-,-,-,-,-,-,-,83,83,-,-,-,-,83,81,2,-,-,-,-,-,-,-,-,-,-,-,-,-,-,-,-,-,-,-,170788,170788,-,-,-,-,-,-,-,-,-,-,-,-,-,-,-,-,-,-,-,-,-,-,-,-,-,-,-,-,-,-,-,-,-,-,-,-,-,-,-,-,-,-,-,-,-,-,-,-,-,-,-,-,-,-,-,-,-,-,-,-,-,-,-,-,-,-,-,-,-,-,-,-,-,-
85,"ti.00000","0","全国","sanD1A.0070","3","　　　712 人文・社会科学研究所",410,7415,104141,103536,1654,1632,675,675,-,-,-,-,-,365,359,-,7,-,-,-,588,5,22,-,-,-,-,-,-,-,22,-,-,-,22,717,710,-,-,-,-,710,655,-,2,23,-,1,30,7,-,-,-,7,-,7,-,-,-,-,-,-,-,98033,97129,809,-,-,-,-,-,-,-,-,-,213,56,-,-,-,-,-,-,157,1,2,273,-,-,-,-,-,-,-,320,15,-,11,-,-,-,-,-,3,-,-,81,-,-,-,-,-,-,-,-,-,-,-,-,-,-,-,-,-,-,-,-,-,-,-,-,-,-,-,-,-,-,-,81
86,"ti.00000","0","全国","sanD1A.0071","5","　　　　　7121 人文・社会科学研究所",410,7415,104141,103536,1654,1632,675,675,-,-,-,-,-,365,359,-,7,-,-,-,588,5,22,-,-,-,-,-,-,-,22,-,-,-,22,717,710,-,-,-,-,710,655,-,2,23,-,1,30,7,-,-,-,7,-,7,-,-,-,-,-,-,-,98033,97129,809,-,-,-,-,-,-,-,-,-,213,56,-,-,-,-,-,-,157,1,2,273,-,-,-,-,-,-,-,320,15,-,11,-,-,-,-,-,3,-,-,81,-,-,-,-,-,-,-,-,-,-,-,-,-,-,-,-,-,-,-,-,-,-,-,-,-,-,-,-,-,-,-,81
87,"ti.00000","0","全国","sanD1A.0072","2","　　72 専門サービス業（他に分類されないもの）",91052,521699,13775904,13626208,54210,50909,24620,24570,50,3813,3201,0,611,9318,3307,5193,817,3072,1861,1211,3264,6822,3301,706,104,324,278,1655,1452,203,940,6,62,0,872,88826,86607,5902,1042,1184,3675,80706,63392,389,6209,6744,73,973,2926,2219,1131,1080,51,583,237,347,181,2,322,-,32,10,280,13177506,12499,13129195,2503931,391248,161240,180178,119236,45186,440075,1081274,85494,371071,13203,15918,91787,7709,26331,10218,12766,193139,568,3281,2959483,5952164,84424,45698,39283,6389,25,53175,1155400,18987,836,661,299,17,1233,6157,1176,4475,3483,650,16825,297,-,4861,1479,1651,1730,1621,289,108,72,74,1079,2899,3,28,1,-,27,42,0,-,-,3,-,4,-,35,-,63,479,18,6513
88,"ti.00000","0","全国","sanD1A.0073","3","　　　721 法律事務所，特許事務所",9367,46544,550132,550080,-,-,-,-,-,-,-,-,-,-,-,-,-,-,-,-,-,-,-,-,-,-,-,-,-,-,-,-,-,-,-,624,624,-,-,-,-,624,167,1,61,358,-,37,-,-,-,-,-,-,-,-,-,-,-,-,-,-,-,548288,-,548287,548274,389985,157931,101,-,8,25,220,4,-,-,-,-,-,-,-,-,-,1,-,2,-,-,-,-,-,-,-,10,-,-,-,-,-,-,-,-,-,-,-,1,-,-,-,-,-,-,-,-,-,-,-,-,-,-,-,-,-,-,-,-,-,-,-,-,-,-,-,-,-,-,-,1
89,"ti.00000","0","全国","sanD1A.0074","4","　　　　72A 法律事務所",8345,37277,391696,391646,-,-,-,-,-,-,-,-,-,-,-,-,-,-,-,-,-,-,-,-,-,-,-,-,-,-,-,-,-,-,-,588,588,-,-,-,-,588,151,1,61,340,-,35,-,-,-,-,-,-,-,-,-,-,-,-,-,-,-,389933,-,389932,389922,389346,222,101,-,3,25,220,4,-,-,-,-,-,-,-,-,-,1,-,-,-,-,-,-,-,-,-,10,-,-,-,-,-,-,-,-,-,-,-,1,-,-,-,-,-,-,-,-,-,-,-,-,-,-,-,-,-,-,-,-,-,-,-,-,-,-,-,-,-,-,-,1
90,"ti.00000","0","全国","sanD1A.0075","5","　　　　　7211 法律事務所",8345,37277,391696,391646,-,-,-,-,-,-,-,-,-,-,-,-,-,-,-,-,-,-,-,-,-,-,-,-,-,-,-,-,-,-,-,588,588,-,-,-,-,588,151,1,61,340,-,35,-,-,-,-,-,-,-,-,-,-,-,-,-,-,-,389933,-,389932,389922,389346,222,101,-,3,25,220,4,-,-,-,-,-,-,-,-,-,1,-,-,-,-,-,-,-,-,-,10,-,-,-,-,-,-,-,-,-,-,-,1,-,-,-,-,-,-,-,-,-,-,-,-,-,-,-,-,-,-,-,-,-,-,-,-,-,-,-,-,-,-,-,1
91,"ti.00000","0","全国","sanD1A.0076","4","　　　　72B 特許事務所",1022,9267,158436,158433,-,-,-,-,-,-,-,-,-,-,-,-,-,-,-,-,-,-,-,-,-,-,-,-,-,-,-,-,-,-,-,36,36,-,-,-,-,36,16,-,-,19,-,2,-,-,-,-,-,-,-,-,-,-,-,-,-,-,-,158355,-,158355,158352,639,157708,-,-,5,-,-,-,-,-,-,-,-,-,-,-,-,-,-,2,-,-,-,-,-,-,-,1,-,-,-,-,-,-,-,-,-,-,-,-,-,-,-,-,-,-,-,-,-,-,-,-,-,-,-,-,-,-,-,-,-,-,-,-,-,-,-,-,-,-,-,-
92,"ti.00000","0","全国","sanD1A.0077","5","　　　　　7212 特許事務所",1022,9267,158436,158433,-,-,-,-,-,-,-,-,-,-,-,-,-,-,-,-,-,-,-,-,-,-,-,-,-,-,-,-,-,-,-,36,36,-,-,-,-,36,16,-,-,19,-,2,-,-,-,-,-,-,-,-,-,-,-,-,-,-,-,158355,-,158355,158352,639,157708,-,-,5,-,-,-,-,-,-,-,-,-,-,-,-,-,-,2,-,-,-,-,-,-,-,1,-,-,-,-,-,-,-,-,-,-,-,-,-,-,-,-,-,-,-,-,-,-,-,-,-,-,-,-,-,-,-,-,-,-,-,-,-,-,-,-,-,-,-,-
93,"ti.00000","0","全国","sanD1A.0078","3","　　　722 公証人役場，司法書士事務所，土地家屋調査士事務所",15616,44413,307158,306993,5,0,-,-,-,0,0,-,-,-,-,-,-,-,-,-,0,-,5,1,-,1,-,0,0,-,4,4,-,-,-,1914,1913,202,34,34,134,1711,235,1,146,1232,5,62,30,1,1,1,-,-,-,-,-,-,-,-,-,-,-,303284,11,302528,302372,421,25,179462,118773,3567,6,74,45,-,-,-,-,-,-,-,-,-,-,-,3,-,-,0,0,-,-,14,137,-,-,-,-,-,-,-,-,-,-,-,746,-,-,682,130,544,8,37,-,37,-,-,-,0,-,27,-,-,27,-,-,-,-,-,-,-,-,-,-,-,-,-,0
94,"ti.00000","0","全国","sanD1A.0079","5","　　　　　7221 公証人役場，司法書士事務所",8755,25630,185420,185356,5,0,-,-,-,-,-,-,-,-,-,-,-,-,-,-,0,-,5,1,-,1,-,-,-,-,4,4,-,-,-,618,618,60,6,13,42,558,98,1,39,380,1,27,12,-,-,-,-,-,-,-,-,-,-,-,-,-,-,184202,-,184198,184132,146,-,177896,4624,1358,6,61,41,-,-,-,-,-,-,-,-,-,-,-,3,-,-,0,0,-,-,-,62,-,-,-,-,-,-,-,-,-,-,-,4,-,-,4,4,-,-,-,-,-,-,-,-,-,-,-,-,-,-,-,-,-,-,-,-,-,-,-,-,-,-,-,-
95,"ti.00000","0","全国","sanD1A.0080","5","　　　　　7222 土地家屋調査士事務所",6718,18333,118275,118214,0,0,-,-,-,0,0,-,-,-,-,-,-,-,-,-,-,-,0,-,-,-,-,0,0,-,-,-,-,-,-,297,296,21,-,4,17,275,60,-,43,153,1,18,-,1,1,1,-,-,-,-,-,-,-,-,-,-,-,117679,-,117202,117172,39,0,1347,113629,2148,-,5,4,-,-,-,-,-,-,-,-,-,-,-,-,-,-,-,-,-,-,13,17,-,-,-,-,-,-,-,-,-,-,-,477,-,-,477,117,352,8,-,-,-,-,-,-,-,-,-,-,-,-,-,-,-,-,-,-,-,-,-,-,-,-,-,-
96,"ti.00000","0","全国","sanD1A.0081","3","　　　723 行政書士事務所",5004,10125,40744,40636,4,4,3,3,-,-,-,-,-,2,-,-,2,-,-,-,0,-,0,0,-,-,0,-,-,-,-,-,-,-,-,538,536,107,3,5,99,429,67,3,57,284,0,13,5,3,-,-,-,3,3,-,-,-,-,-,-,-,-,39616,-,39604,39568,0,-,23,66,39102,-,80,296,-,-,-,-,-,-,-,-,-,0,-,14,1,-,1,1,0,0,-,19,1,-,-,-,-,-,-,-,-,1,-,10,-,-,10,1,9,-,-,-,-,-,-,-,-,-,-,-,-,-,0,-,-,-,-,-,-,-,0,-,-,-,-,-
97,"ti.00000","0","全国","sanD1A.0082","5","　　　　　7231 行政書士事務所",5004,10125,40744,40636,4,4,3,3,-,-,-,-,-,2,-,-,2,-,-,-,0,-,0,0,-,-,0,-,-,-,-,-,-,-,-,538,536,107,3,5,99,429,67,3,57,284,0,13,5,3,-,-,-,3,3,-,-,-,-,-,-,-,-,39616,-,39604,39568,0,-,23,66,39102,-,80,296,-,-,-,-,-,-,-,-,-,0,-,14,1,-,1,1,0,0,-,19,1,-,-,-,-,-,-,-,-,1,-,10,-,-,10,1,9,-,-,-,-,-,-,-,-,-,-,-,-,-,0,-,-,-,-,-,-,-,0,-,-,-,-,-
98,"ti.00000","0","全国","sanD1A.0083","3","　　　724 公認会計士事務所，税理士事務所",26733,156687,1532832,1532109,142,141,12,12,-,56,56,-,-,30,27,3,-,1,-,1,-,41,1,-,-,-,-,1,1,-,0,-,-,0,0,2786,2692,64,-,6,58,2628,822,36,194,1432,22,114,8,94,-,-,-,54,19,35,1,-,39,-,-,-,39,1524645,0,1524639,1507132,241,-,95,18,733,438446,1066950,650,-,-,-,-,-,-,-,-,-,7,-,17072,2,-,-,-,-,-,32,395,-,-,-,-,-,-,-,-,-,-,-,5,-,-,-,-,-,-,5,-,5,-,-,-,-,-,-,-,-,-,-,-,-,-,-,-,-,-,-,-,-,-,-,-
99,"ti.00000","0","全国","sanD1A.0084","4","　　　　72C 公認会計士事務所",2272,33454,458357,458347,-,-,-,-,-,-,-,-,-,-,-,-,-,-,-,-,-,-,-,-,-,-,-,-,-,-,-,-,-,-,-,281,281,4,-,-,4,277,60,-,26,171,9,11,-,-,-,-,-,-,-,-,-,-,-,-,-,-,-,457731,-,457731,440579,-,-,-,-,3,437255,3312,9,-,-,-,-,-,-,-,-,-,-,-,16878,-,-,-,-,-,-,7,267,-,-,-,-,-,-,-,-,-,-,-,-,-,-,-,-,-,-,-,-,-,-,-,-,-,-,-,-,-,-,-,-,-,-,-,-,-,-,-,-,-,-,-,-
100,"ti.00000","0","全国","sanD1A.0085","5","　　　　　7241 公認会計士事務所",2272,33454,458357,458347,-,-,-,-,-,-,-,-,-,-,-,-,-,-,-,-,-,-,-,-,-,-,-,-,-,-,-,-,-,-,-,281,281,4,-,-,4,277,60,-,26,171,9,11,-,-,-,-,-,-,-,-,-,-,-,-,-,-,-,457731,-,457731,440579,-,-,-,-,3,437255,3312,9,-,-,-,-,-,-,-,-,-,-,-,16878,-,-,-,-,-,-,7,267,-,-,-,-,-,-,-,-,-,-,-,-,-,-,-,-,-,-,-,-,-,-,-,-,-,-,-,-,-,-,-,-,-,-,-,-,-,-,-,-,-,-,-,-
101,"ti.00000","0","全国","sanD1A.0086","4","　　　　72D 税理士事務所",24461,123233,1074475,1073762,142,141,12,12,-,56,56,-,-,30,27,3,-,1,-,1,-,41,1,-,-,-,-,1,1,-,0,-,-,0,0,2504,2411,60,-,6,54,2351,762,36,168,1261,13,103,8,94,-,-,-,54,19,35,1,-,39,-,-,-,39,1066914,0,1066908,1066553,241,-,95,18,730,1191,1063638,641,-,-,-,-,-,-,-,-,-,7,-,194,2,-,-,-,-,-,25,128,-,-,-,-,-,-,-,-,-,-,-,5,-,-,-,-,-,-,5,-,5,-,-,-,-,-,-,-,-,-,-,-,-,-,-,-,-,-,-,-,-,-,-,-
102,"ti.00000","0","全国","sanD1A.0087","5","　　　　　7242 税理士事務所",24461,123233,1074475,1073762,142,141,12,12,-,56,56,-,-,30,27,3,-,1,-,1,-,41,1,-,-,-,-,1,1,-,0,-,-,0,0,2504,2411,60,-,6,54,2351,762,36,168,1261,13,103,8,94,-,-,-,54,19,35,1,-,39,-,-,-,39,1066914,0,1066908,1066553,241,-,95,18,730,1191,1063638,641,-,-,-,-,-,-,-,-,-,7,-,194,2,-,-,-,-,-,25,128,-,-,-,-,-,-,-,-,-,-,-,5,-,-,-,-,-,-,5,-,5,-,-,-,-,-,-,-,-,-,-,-,-,-,-,-,-,-,-,-,-,-,-,-
103,"ti.00000","0","全国","sanD1A.0088","3","　　　725 社会保険労務士事務所",4784,15348,84954,84896,49,49,-,-,-,-,-,-,-,49,49,-,-,-,-,-,-,-,-,-,-,-,-,-,-,-,-,-,-,-,-,383,383,2,-,-,2,381,139,27,6,175,1,33,-,-,-,-,-,-,-,-,-,-,-,-,-,-,-,84290,4,84281,84193,1,-,-,-,1071,0,22,83098,-,-,-,-,-,-,-,-,-,-,-,74,-,-,-,-,-,-,-,14,5,-,5,-,-,-,-,-,-,-,-,0,-,-,-,-,-,-,-,-,-,-,-,-,-,-,-,-,-,-,-,-,-,-,-,-,-,-,-,-,0,-,-,-
104,"ti.00000","0","全国","sanD1A.0089","5","　　　　　7251 社会保険労務士事務所",4784,15348,84954,84896,49,49,-,-,-,-,-,-,-,49,49,-,-,-,-,-,-,-,-,-,-,-,-,-,-,-,-,-,-,-,-,383,383,2,-,-,2,381,139,27,6,175,1,33,-,-,-,-,-,-,-,-,-,-,-,-,-,-,-,84290,4,84281,84193,1,-,-,-,1071,0,22,83098,-,-,-,-,-,-,-,-,-,-,-,74,-,-,-,-,-,-,-,14,5,-,5,-,-,-,-,-,-,-,-,0,-,-,-,-,-,-,-,-,-,-,-,-,-,-,-,-,-,-,-,-,-,-,-,-,-,-,-,-,0,-,-,-
105,"ti.00000","0","全国","sanD1A.0090","3","　　　726 デザイン業",6060,28361,412675,394968,1906,1044,375,336,38,360,2,0,357,97,0,92,5,18,14,4,90,104,862,345,11,186,148,19,4,15,498,-,0,-,498,2362,1671,69,58,-,10,1602,1165,69,37,187,1,59,84,691,626,626,-,-,-,-,-,1,64,-,-,-,64,378144,6,369301,-,-,-,-,-,-,-,-,-,368575,12677,15912,90664,7665,26331,10165,12311,192850,14,116,119,220,-,27,27,-,-,-,229,7544,736,623,165,17,148,718,725,1170,2698,544,1293,1,-,433,421,-,12,101,1,-,61,-,39,-,-,-,-,-,-,2,-,-,-,-,-,-,-,2,-,15,479,-,262
106,"ti.00000","0","全国","sanD1A.0091","5","　　　　　7261 デザイン業",6060,28361,412675,394968,1906,1044,375,336,38,360,2,0,357,97,0,92,5,18,14,4,90,104,862,345,11,186,148,19,4,15,498,-,0,-,498,2362,1671,69,58,-,10,1602,1165,69,37,187,1,59,84,691,626,626,-,-,-,-,-,1,64,-,-,-,64,378144,6,369301,-,-,-,-,-,-,-,-,-,368575,12677,15912,90664,7665,26331,10165,12311,192850,14,116,119,220,-,27,27,-,-,-,229,7544,736,623,165,17,148,718,725,1170,2698,544,1293,1,-,433,421,-,12,101,1,-,61,-,39,-,-,-,-,-,-,2,-,-,-,-,-,-,-,2,-,15,479,-,262
107,"ti.00000","0","全国","sanD1A.0092","3","　　　727 著述・芸術家業",562,919,2844,2829,0,-,-,-,-,-,-,-,-,-,-,-,-,-,-,-,-,-,0,0,-,-,0,-,-,-,-,-,-,-,-,7,7,-,-,-,-,7,-,-,-,3,-,1,3,0,-,-,-,-,-,-,-,-,0,-,-,-,0,2716,1,2715,-,-,-,-,-,-,-,-,-,16,3,-,3,-,-,0,-,10,388,2306,2,-,-,0,0,-,-,-,3,0,-,-,-,-,-,-,-,0,-,-,0,-,-,-,-,-,-,0,-,-,-,0,-,-,-,-,-,-,-,-,-,-,-,-,-,-,-,-,-,-,-,-,-
108,"ti.00000","0","全国","sanD1A.0093","5","　　　　　7271 著述家業",37,66,395,394,-,-,-,-,-,-,-,-,-,-,-,-,-,-,-,-,-,-,-,-,-,-,-,-,-,-,-,-,-,-,-,-,-,-,-,-,-,-,-,-,-,-,-,-,-,-,-,-,-,-,-,-,-,-,-,-,-,-,-,390,-,390,-,-,-,-,-,-,-,-,-,-,-,-,-,-,-,-,-,-,387,1,-,-,-,-,-,-,-,-,2,-,-,-,-,-,-,-,-,-,-,-,-,-,-,-,-,-,-,-,-,-,-,-,-,-,-,-,-,-,-,-,-,-,-,-,-,-,-,-,-,-,-,-,-
109,"ti.00000","0","全国","sanD1A.0094","5","　　　　　7272 芸術家業",491,800,2277,2271,-,-,-,-,-,-,-,-,-,-,-,-,-,-,-,-,-,-,-,-,-,-,-,-,-,-,-,-,-,-,-,0,-,-,-,-,-,-,-,-,-,-,-,-,-,0,-,-,-,-,-,-,-,-,0,-,-,-,0,2251,-,2251,-,-,-,-,-,-,-,-,-,2,-,-,2,-,-,0,-,-,1,2247,-,-,-,-,-,-,-,-,-,-,-,-,-,-,-,-,-,-,-,-,-,-,-,-,-,-,-,-,-,-,-,-,-,-,-,-,-,-,-,-,-,-,-,-,-,-,-,-,-,-,-,-,-
110,"ti.00000","0","全国","sanD1A.0095","3","　　　728 経営コンサルタント業，純粋持株会社",9256,115630,9354913,9240466,18432,16431,1407,1407,-,893,656,0,238,5958,957,4732,270,1787,1776,11,1441,4945,2001,242,53,134,54,1374,1245,129,385,2,62,-,321,72347,71250,2516,672,514,1329,68734,58639,131,5263,1751,8,475,2466,1097,472,445,28,383,133,249,154,-,88,-,-,9,79,8883779,6305,8864160,3286,82,5,109,4,84,496,2066,440,308,2,-,114,-,-,53,64,75,14,2,2898909,5951717,41,11,9,2,-,67,9806,10503,55,15,135,-,1085,5425,299,3289,171,30,2812,-,-,81,34,7,40,26,20,-,1,4,-,39,-,1,1,-,-,-,-,-,-,-,-,-,-,-,-,10,-,8,2647
111,"ti.00000","0","全国","sanD1A.0096","4","　　　　72E 経営コンサルタント業",8564,87665,3176354,3115636,13298,11297,1407,1407,-,893,656,0,238,4137,884,2984,270,702,691,11,1419,2739,2001,242,53,134,54,1374,1245,129,385,2,62,-,321,35371,34836,2228,672,514,1041,32608,28606,58,375,1094,8,75,2392,534,75,47,28,218,124,94,154,-,88,-,-,9,79,3020631,5336,3011796,2910,82,5,109,4,84,342,1844,440,308,2,-,114,-,-,53,64,75,14,2,2898909,100649,41,11,9,2,-,67,8886,688,55,15,129,-,-,-,299,34,126,30,2812,-,-,81,34,7,40,26,20,-,1,4,-,39,-,1,1,-,-,-,-,-,-,-,-,-,-,-,-,10,-,8,2647
112,"ti.00000","0","全国","sanD1A.0097","5","　　　　　7281 経営コンサルタント業",8564,87665,3176354,3115636,13298,11297,1407,1407,-,893,656,0,238,4137,884,2984,270,702,691,11,1419,2739,2001,242,53,134,54,1374,1245,129,385,2,62,-,321,35371,34836,2228,672,514,1041,32608,28606,58,375,1094,8,75,2392,534,75,47,28,218,124,94,154,-,88,-,-,9,79,3020631,5336,3011796,2910,82,5,109,4,84,342,1844,440,308,2,-,114,-,-,53,64,75,14,2,2898909,100649,41,11,9,2,-,67,8886,688,55,15,129,-,-,-,299,34,126,30,2812,-,-,81,34,7,40,26,20,-,1,4,-,39,-,1,1,-,-,-,-,-,-,-,-,-,-,-,-,10,-,8,2647
113,"ti.00000","0","全国","sanD1A.0098","4","　　　　72F 純粋持株会社",692,27965,6178559,6124830,5134,5134,-,-,-,-,-,-,-,1821,73,1748,-,1085,1085,-,22,2206,-,-,-,-,-,-,-,-,-,-,-,-,-,36976,36414,288,-,-,288,36125,30033,73,4888,657,-,400,74,563,397,397,-,165,10,156,-,-,-,-,-,-,-,5863148,969,5852364,376,-,-,-,-,-,154,222,-,-,-,-,-,-,-,-,-,-,-,-,-,5851068,-,-,-,-,-,-,920,9815,-,-,6,-,1085,5425,-,3255,45,-,-,-,-,-,-,-,-,-,-,-,-,-,-,-,-,-,-,-,-,-,-,-,-,-,-,-,-,-,-,-,-,-,-
114,"ti.00000","0","全国","sanD1A.0099","5","　　　　　7282 純粋持株会社",692,27965,6178559,6124830,5134,5134,-,-,-,-,-,-,-,1821,73,1748,-,1085,1085,-,22,2206,-,-,-,-,-,-,-,-,-,-,-,-,-,36976,36414,288,-,-,288,36125,30033,73,4888,657,-,400,74,563,397,397,-,165,10,156,-,-,-,-,-,-,-,5863148,969,5852364,376,-,-,-,-,-,154,222,-,-,-,-,-,-,-,-,-,-,-,-,-,5851068,-,-,-,-,-,-,920,9815,-,-,6,-,1085,5425,-,3255,45,-,-,-,-,-,-,-,-,-,-,-,-,-,-,-,-,-,-,-,-,-,-,-,-,-,-,-,-,-,-,-,-,-,-
115,"ti.00000","0","全国","sanD1A.0100","3","　　　729 その他の専門サービス業",13670,103672,1489653,1473231,33671,33239,22822,22811,11,2504,2487,-,17,3181,2274,366,541,1266,70,1195,1734,1732,431,118,39,3,76,261,202,59,52,-,-,-,52,7865,7532,2943,275,624,2044,4589,2158,120,444,1322,35,181,329,333,32,8,23,144,82,62,26,1,131,-,32,1,98,1412745,6172,1393680,19106,518,3280,389,375,620,1102,11863,960,2172,521,6,1005,44,-,-,391,205,145,857,43287,224,84383,45658,39246,6387,24,53062,1144787,935,46,18,-,-,-,14,152,16,613,76,11958,296,-,3655,893,1091,1671,1452,267,66,10,69,1039,2861,3,-,-,-,-,40,0,-,-,3,-,4,-,33,-,38,-,10,3603
116,"ti.00000","0","全国","sanD1A.0101","4","　　　　72G 興信所",408,5138,86238,85921,838,838,-,-,-,-,-,-,-,-,-,-,-,17,-,17,814,7,-,-,-,-,-,-,-,-,-,-,-,-,-,5,5,-,-,-,-,5,5,-,-,-,-,-,-,-,-,-,-,-,-,-,-,-,-,-,-,-,-,84489,-,84429,8,8,-,-,-,-,-,-,-,25,-,-,-,-,-,-,25,-,-,-,25,-,84371,-,-,-,-,-,-,60,-,-,-,-,-,-,-,-,-,60,-,-,-,-,-,-,-,-,-,-,-,-,-,-,-,-,-,-,-,-,-,-,-,-,-,-,-,-,-,-,-,-,-
117,"ti.00000","0","全国","sanD1A.0102","5","　　　　　7291 興信所",408,5138,86238,85921,838,838,-,-,-,-,-,-,-,-,-,-,-,17,-,17,814,7,-,-,-,-,-,-,-,-,-,-,-,-,-,5,5,-,-,-,-,5,5,-,-,-,-,-,-,-,-,-,-,-,-,-,-,-,-,-,-,-,-,84489,-,84429,8,8,-,-,-,-,-,-,-,25,-,-,-,-,-,-,25,-,-,-,25,-,84371,-,-,-,-,-,-,60,-,-,-,-,-,-,-,-,-,60,-,-,-,-,-,-,-,-,-,-,-,-,-,-,-,-,-,-,-,-,-,-,-,-,-,-,-,-,-,-,-,-,-
118,"ti.00000","0","全国","sanD1A.0103","4","　　　　72H 他に分類されない専門サービス業",13262,98534,1403414,1387309,32833,32402,22822,22811,11,2504,2487,-,17,3181,2274,366,541,1249,70,1179,920,1725,431,118,39,3,76,261,202,59,52,-,-,-,52,7860,7527,2943,275,624,2044,4584,2153,120,444,1322,35,181,329,333,32,8,23,144,82,62,26,1,131,-,32,1,98,1328256,6172,1309251,19098,510,3280,389,375,620,1102,11863,960,2146,521,6,1005,44,-,-,365,205,145,857,43262,224,12,45658,39246,6387,24,53062,1144787,875,46,18,-,-,-,14,152,16,613,17,11958,296,-,3655,893,1091,1671,1452,267,66,10,69,1039,2861,3,-,-,-,-,40,0,-,-,3,-,4,-,33,-,38,-,10,3603
119,"ti.00000","0","全国","sanD1A.0104","5","　　　　　7292 翻訳業（著述家業を除く）",474,3602,41535,41428,458,361,158,158,-,1,1,-,-,33,-,13,20,10,10,-,118,42,97,50,7,-,44,47,5,42,0,-,-,-,0,52,37,-,-,-,-,37,30,-,-,6,2,-,-,15,3,3,-,12,-,12,-,-,-,-,-,-,-,39490,5,39429,91,-,91,-,-,-,-,-,-,255,-,-,140,-,-,-,114,-,2,-,0,-,-,38860,37630,1228,2,-,221,7,-,-,-,-,-,-,-,1,7,-,49,-,-,-,-,-,-,49,-,-,-,-,49,-,-,-,-,-,-,-,-,-,-,-,-,-,-,-,-,-,-,-,-
120,"ti.00000","0","全国","sanD1A.0105","5","　　　　　7293 通訳業，通訳案内業",48,432,6666,6644,6,-,-,-,-,-,-,-,-,-,-,-,-,-,-,-,-,-,6,-,-,-,-,-,-,-,6,-,-,-,6,-,-,-,-,-,-,-,-,-,-,-,-,-,-,-,-,-,-,-,-,-,-,-,-,-,-,-,-,6344,-,6320,-,-,-,-,-,-,-,-,-,7,-,-,5,-,-,-,-,2,-,-,-,-,-,6313,1191,5099,22,-,1,-,-,-,-,-,-,-,-,-,-,-,23,-,-,-,-,-,-,-,-,-,-,-,-,-,-,-,-,-,-,-,-,-,-,-,-,-,-,-,-,23,-,-,-
121,"ti.00000","0","全国","sanD1A.0106","5","　　　　　7294 不動産鑑定業",1329,6219,53959,53828,38,38,38,38,-,-,-,-,-,-,-,-,-,-,-,-,0,-,-,-,-,-,-,-,-,-,-,-,-,-,-,871,866,277,66,8,202,589,239,-,38,196,-,33,82,5,-,-,-,-,-,-,-,-,5,-,-,-,5,52788,-,52743,56,-,-,27,12,2,-,15,-,-,-,-,-,-,-,-,-,-,-,-,53,-,-,-,-,-,-,52450,184,14,-,-,-,-,-,14,-,-,-,-,32,-,-,32,-,4,28,-,-,-,-,-,-,-,-,-,-,-,-,-,-,-,-,-,-,-,-,-,-,-,-,-,-
122,"ti.00000","0","全国","sanD1A.0107","5","　　　　　7299 他に分類されない専門サービス業",10225,78058,1162396,1158566,2565,2552,1798,1798,-,21,21,-,-,146,41,13,92,-,-,-,17,569,14,13,13,-,-,-,-,-,1,-,-,-,1,1064,968,238,-,5,233,730,403,3,77,148,-,39,59,96,2,2,-,36,36,-,8,1,49,-,-,1,48,1153487,127,1152726,239,11,3,-,20,4,9,182,10,429,-,1,305,41,-,-,82,1,6,0,25889,-,-,266,233,33,-,253,1125644,262,46,15,-,-,-,-,7,1,194,-,372,-,-,361,203,117,42,-,-,-,-,-,-,-,3,-,-,-,-,-,-,-,-,-,-,-,-,-,-,4,-,-,4
123,"ti.00000","0","全国","sanD1A.0108","2","　　73 広告業",6814,101686,7471517,7304293,38307,9915,3842,3842,-,391,384,7,-,1150,460,660,30,1090,1082,8,298,3143,28393,3461,431,764,2266,1793,1321,472,23138,-,64,22687,387,5138,4431,409,186,21,202,4022,2556,15,158,677,37,411,167,707,6,6,-,141,141,-,24,-,537,2,135,-,401,7076420,17,11275,40,-,38,-,-,-,-,2,-,9605,25,209,7077,355,3,-,975,962,7,12,781,-,-,89,45,44,-,55,686,7064130,504071,161982,1525004,62414,332176,104493,1229178,915738,845884,1383190,999,77,117,40,37,-,3,210,-,-,-,210,-,-,-,-,-,-,-,135,135,-,-,-,-,-,-,-,-,1,324,-,95
124,"ti.00000","0","全国","sanD1A.0109","3","　　　731 広告業",6814,101686,7471517,7304293,38307,9915,3842,3842,-,391,384,7,-,1150,460,660,30,1090,1082,8,298,3143,28393,3461,431,764,2266,1793,1321,472,23138,-,64,22687,387,5138,4431,409,186,21,202,4022,2556,15,158,677,37,411,167,707,6,6,-,141,141,-,24,-,537,2,135,-,401,7076420,17,11275,40,-,38,-,-,-,-,2,-,9605,25,209,7077,355,3,-,975,962,7,12,781,-,-,89,45,44,-,55,686,7064130,504071,161982,1525004,62414,332176,104493,1229178,915738,845884,1383190,999,77,117,40,37,-,3,210,-,-,-,210,-,-,-,-,-,-,-,135,135,-,-,-,-,-,-,-,-,1,324,-,95
125,"ti.00000","0","全国","sanD1A.0110","5","　　　　　7311 広告業",6814,101686,7471517,7304293,38307,9915,3842,3842,-,391,384,7,-,1150,460,660,30,1090,1082,8,298,3143,28393,3461,431,764,2266,1793,1321,472,23138,-,64,22687,387,5138,4431,409,186,21,202,4022,2556,15,158,677,37,411,167,707,6,6,-,141,141,-,24,-,537,2,135,-,401,7076420,17,11275,40,-,38,-,-,-,-,2,-,9605,25,209,7077,355,3,-,975,962,7,12,781,-,-,89,45,44,-,55,686,7064130,504071,161982,1525004,62414,332176,104493,1229178,915738,845884,1383190,999,77,117,40,37,-,3,210,-,-,-,210,-,-,-,-,-,-,-,135,135,-,-,-,-,-,-,-,-,1,324,-,95
126,"ti.00000","0","全国","sanD1A.0111","2","　　74 技術サービス業（他に分類されないもの）",76720,627608,10367711,10157289,26915,26350,19551,17671,1879,899,885,14,0,4518,280,2034,2204,488,78,410,547,346,566,181,11,157,13,250,249,1,134,4,0,1,129,37564,33195,12534,4697,3990,3847,20661,8882,171,1286,4847,237,1516,3723,4369,2433,1765,668,361,196,165,58,6,1510,-,19,1295,196,9846769,6700,29588,4054,7,16,280,3184,548,-,11,9,9062,4087,21,579,248,736,2,183,3205,7,7,2143,224,-,245,245,-,-,617,13229,671,1,47,-,-,17,25,32,22,237,289,9809810,29760,352116,3674195,2698604,527204,448387,1085680,199575,70208,164990,12309,638598,390633,171387,3534,654,8,2872,167435,28950,38843,32491,3111,32436,1204,4079,26321,152917,162905,124312,1728862,1766075
127,"ti.00000","0","全国","sanD1A.0112","3","　　　741 獣医業",8648,44221,396760,389480,5,5,4,4,-,2,2,-,-,-,-,-,-,-,-,-,-,-,-,-,-,-,-,-,-,-,-,-,-,-,-,1103,1092,71,28,3,40,1021,245,-,77,630,3,64,3,11,-,-,-,-,-,-,-,-,11,-,-,-,11,382029,90,54,-,-,-,-,-,-,-,-,-,14,-,-,4,-,-,-,3,7,-,-,6,-,-,0,0,-,-,-,34,-,-,-,-,-,-,-,-,-,-,-,381885,29710,352110,64,64,-,-,-,-,-,-,-,-,-,-,-,-,-,-,-,-,-,-,-,-,-,-,-,-,-,-,-,-
128,"ti.00000","0","全国","sanD1A.0113","5","　　　　　7411 獣医業",8648,44221,396760,389480,5,5,4,4,-,2,2,-,-,-,-,-,-,-,-,-,-,-,-,-,-,-,-,-,-,-,-,-,-,-,-,1103,1092,71,28,3,40,1021,245,-,77,630,3,64,3,11,-,-,-,-,-,-,-,-,11,-,-,-,11,382029,90,54,-,-,-,-,-,-,-,-,-,14,-,-,4,-,-,-,3,7,-,-,6,-,-,0,0,-,-,-,34,-,-,-,-,-,-,-,-,-,-,-,381885,29710,352110,64,64,-,-,-,-,-,-,-,-,-,-,-,-,-,-,-,-,-,-,-,-,-,-,-,-,-,-,-,-
129,"ti.00000","0","全国","sanD1A.0114","3","　　　742 土木建築サービス業",43857,293017,3909106,3834241,7391,7126,1575,1537,37,563,549,14,-,3792,180,1558,2054,429,26,403,441,326,265,42,11,29,2,194,194,-,29,-,0,-,29,30050,28763,12406,4666,3987,3753,16357,7490,81,1159,3344,39,1030,3214,1287,994,432,561,173,171,2,32,-,88,-,-,-,88,3715289,3375,16307,4036,7,-,280,3184,548,-,9,9,4146,17,3,111,215,736,2,6,3056,4,-,1591,224,-,9,9,-,-,494,5803,188,-,0,-,-,-,17,10,10,112,39,3695418,-,6,3666534,2696674,526816,443044,3747,460,1901,1087,151,148,185,3931,315,-,-,315,4283,114,1085,2052,233,429,-,-,371,276,64,365,9338,6376
130,"ti.00000","0","全国","sanD1A.0115","4","　　　　74A 建築設計業",33431,211591,3009977,2950764,4878,4723,1421,1411,11,260,258,1,-,2506,20,1345,1141,1,-,1,391,144,155,41,11,28,2,103,103,-,11,-,0,-,11,25477,25342,11200,4073,3796,3331,14142,6588,80,1093,2783,27,988,2584,134,93,82,10,15,14,2,3,-,24,-,-,-,24,2844368,1336,10804,1053,4,-,170,653,209,-,9,9,4130,17,3,110,215,736,1,6,3041,4,-,1455,224,-,9,9,-,-,321,3609,188,-,-,-,-,-,17,10,10,112,39,2832040,-,6,2808924,2685468,45201,78255,3604,460,1901,1035,104,104,41,3008,315,-,-,315,1704,52,715,321,81,171,-,-,364,135,-,239,9338,4727
131,"ti.00000","0","全国","sanD1A.0116","5","　　　　　7421 建築設計業",33431,211591,3009977,2950764,4878,4723,1421,1411,11,260,258,1,-,2506,20,1345,1141,1,-,1,391,144,155,41,11,28,2,103,103,-,11,-,0,-,11,25477,25342,11200,4073,3796,3331,14142,6588,80,1093,2783,27,988,2584,134,93,82,10,15,14,2,3,-,24,-,-,-,24,2844368,1336,10804,1053,4,-,170,653,209,-,9,9,4130,17,3,110,215,736,1,6,3041,4,-,1455,224,-,9,9,-,-,321,3609,188,-,-,-,-,-,17,10,10,112,39,2832040,-,6,2808924,2685468,45201,78255,3604,460,1901,1035,104,104,41,3008,315,-,-,315,1704,52,715,321,81,171,-,-,364,135,-,239,9338,4727
132,"ti.00000","0","全国","sanD1A.0117","4","　　　　74B 測量業",7603,55054,518143,512969,2024,2004,84,84,-,209,196,13,-,1229,108,213,908,374,15,359,24,84,20,1,-,1,-,2,2,-,17,-,-,-,17,3472,2592,1160,594,191,376,1432,753,1,49,466,12,36,114,880,703,213,490,152,152,-,4,-,21,-,-,-,21,504424,353,3331,2869,3,-,110,2531,225,-,-,-,6,-,-,0,-,-,1,-,5,-,-,106,-,-,-,-,-,-,56,293,-,-,-,-,-,-,-,-,-,-,-,500740,-,-,498617,8811,475375,14432,67,-,-,32,-,35,-,17,-,-,-,-,290,1,11,-,30,248,-,-,-,138,63,126,-,1421
133,"ti.00000","0","全国","sanD1A.0118","5","　　　　　7422 測量業",7603,55054,518143,512969,2024,2004,84,84,-,209,196,13,-,1229,108,213,908,374,15,359,24,84,20,1,-,1,-,2,2,-,17,-,-,-,17,3472,2592,1160,594,191,376,1432,753,1,49,466,12,36,114,880,703,213,490,152,152,-,4,-,21,-,-,-,21,504424,353,3331,2869,3,-,110,2531,225,-,-,-,6,-,-,0,-,-,1,-,5,-,-,106,-,-,-,-,-,-,56,293,-,-,-,-,-,-,-,-,-,-,-,500740,-,-,498617,8811,475375,14432,67,-,-,32,-,35,-,17,-,-,-,-,290,1,11,-,30,248,-,-,-,138,63,126,-,1421
134,"ti.00000","0","全国","sanD1A.0119","4","　　　　74C その他の土木建築サービス業",2823,26372,380986,370508,489,400,69,42,27,94,94,-,-,57,52,-,5,54,11,43,27,98,89,-,-,-,-,89,89,-,-,-,-,-,-,1101,828,46,-,-,46,783,150,-,17,94,-,6,516,272,198,137,61,6,6,-,26,-,43,-,-,-,43,366497,1686,2172,114,-,-,-,-,114,-,-,-,10,-,-,-,-,-,-,-,10,-,-,31,-,-,-,-,-,-,117,1901,0,-,0,-,-,-,-,-,-,-,-,362638,-,-,358992,2395,6239,350358,76,-,-,20,47,9,144,906,-,-,-,-,2289,61,359,1731,122,10,-,-,7,4,0,-,-,228
135,"ti.00000","0","全国","sanD1A.0120","5","　　　　　7429 その他の土木建築サービス業",2823,26372,380986,370508,489,400,69,42,27,94,94,-,-,57,52,-,5,54,11,43,27,98,89,-,-,-,-,89,89,-,-,-,-,-,-,1101,828,46,-,-,46,783,150,-,17,94,-,6,516,272,198,137,61,6,6,-,26,-,43,-,-,-,43,366497,1686,2172,114,-,-,-,-,114,-,-,-,10,-,-,-,-,-,-,-,10,-,-,31,-,-,-,-,-,-,117,1901,0,-,0,-,-,-,-,-,-,-,-,362638,-,-,358992,2395,6239,350358,76,-,-,20,47,9,144,906,-,-,-,-,2289,61,359,1731,122,10,-,-,7,4,0,-,-,228
136,"ti.00000","0","全国","sanD1A.0121","3","　　　743 機械設計業",5494,85724,1192678,1167852,15430,15343,14650,13626,1024,335,335,-,0,352,100,104,148,4,4,-,-,1,88,13,-,3,10,55,55,-,20,-,-,1,19,698,535,1,-,-,1,534,250,-,18,225,3,19,19,163,138,34,104,6,-,6,19,-,0,-,-,-,0,1113726,298,10641,16,-,16,-,-,-,-,-,-,4295,4070,18,16,29,-,-,113,50,-,0,19,-,-,231,231,-,-,-,6080,1,-,-,-,-,-,-,-,-,1,-,1102787,-,-,1537,1186,15,336,1077980,198711,68306,162198,10567,638197,457,221,-,-,-,-,113,4,22,6,10,8,21,9,32,-,-,55,7360,15063
137,"ti.00000","0","全国","sanD1A.0122","5","　　　　　7431 機械設計業",5494,85724,1192678,1167852,15430,15343,14650,13626,1024,335,335,-,0,352,100,104,148,4,4,-,-,1,88,13,-,3,10,55,55,-,20,-,-,1,19,698,535,1,-,-,1,534,250,-,18,225,3,19,19,163,138,34,104,6,-,6,19,-,0,-,-,-,0,1113726,298,10641,16,-,16,-,-,-,-,-,-,4295,4070,18,16,29,-,-,113,50,-,0,19,-,-,231,231,-,-,-,6080,1,-,-,-,-,-,-,-,-,1,-,1102787,-,-,1537,1186,15,336,1077980,198711,68306,162198,10567,638197,457,221,-,-,-,-,113,4,22,6,10,8,21,9,32,-,-,55,7360,15063
138,"ti.00000","0","全国","sanD1A.0123","3","　　　744 商品・非破壊検査業",2333,44613,569329,563042,29,29,21,21,-,-,-,-,-,8,-,8,-,-,-,-,-,-,-,-,-,-,-,-,-,-,-,-,-,-,-,323,323,-,-,-,-,323,162,-,-,132,-,29,0,-,-,-,-,-,-,-,-,-,-,-,-,-,-,546217,259,13,-,-,-,-,-,-,-,-,-,6,-,-,6,-,-,-,-,-,-,-,7,-,-,-,-,-,-,-,-,5,-,-,-,-,-,-,5,-,-,-,545940,-,-,3590,639,-,2951,132,44,-,89,-,-,381340,152269,655,163,-,492,1055,81,481,23,3,246,22,137,63,2808,-,-,6,4085
139,"ti.00000","0","全国","sanD1A.0124","5","　　　　　7441 商品検査業",1557,31009,381399,379867,-,-,-,-,-,-,-,-,-,-,-,-,-,-,-,-,-,-,-,-,-,-,-,-,-,-,-,-,-,-,-,111,111,-,-,-,-,111,84,-,-,20,-,7,-,-,-,-,-,-,-,-,-,-,-,-,-,-,-,378202,30,13,-,-,-,-,-,-,-,-,-,6,-,-,6,-,-,-,-,-,-,-,7,-,-,-,-,-,-,-,-,5,-,-,-,-,-,-,5,-,-,-,378154,-,-,200,-,-,200,-,-,-,-,-,-,375524,721,138,138,-,-,759,45,455,0,3,35,21,137,63,2,-,-,-,812
140,"ti.00000","0","全国","sanD1A.0125","5","　　　　　7442 非破壊検査業",675,11058,154198,153587,29,29,21,21,-,-,-,-,-,8,-,8,-,-,-,-,-,-,-,-,-,-,-,-,-,-,-,-,-,-,-,31,31,-,-,-,-,31,29,-,-,2,-,-,-,-,-,-,-,-,-,-,-,-,-,-,-,-,-,152153,-,-,-,-,-,-,-,-,-,-,-,-,-,-,-,-,-,-,-,-,-,-,-,-,-,-,-,-,-,-,-,-,-,-,-,-,-,-,-,-,-,-,152153,-,-,581,365,-,217,132,44,-,89,-,-,-,149993,-,-,-,-,64,2,9,9,-,45,-,-,-,-,-,-,-,1382
141,"ti.00000","0","全国","sanD1A.0126","3","　　　745 計量証明業",1186,25596,345100,339191,137,54,24,24,-,-,-,-,-,2,-,-,2,-,-,-,28,-,83,83,-,83,-,-,-,-,-,-,-,-,-,304,225,11,3,-,8,214,165,7,1,35,-,4,2,79,9,7,3,-,-,-,2,-,68,-,-,-,68,329090,494,249,-,-,-,-,-,-,-,-,-,-,-,-,-,-,-,-,-,-,-,-,5,-,-,-,-,-,-,44,199,-,-,-,-,-,-,-,-,-,-,-,328347,-,-,1149,34,322,793,315,-,-,2,120,194,6517,1824,2564,492,8,2064,157987,28662,36955,30403,2860,28267,1151,3932,25758,149028,6,-,15,8942
142,"ti.00000","0","全国","sanD1A.0127","5","　　　　　7451 一般計量証明業",41,238,2960,2959,-,-,-,-,-,-,-,-,-,-,-,-,-,-,-,-,-,-,-,-,-,-,-,-,-,-,-,-,-,-,-,3,3,-,-,-,-,3,-,-,-,-,-,1,2,-,-,-,-,-,-,-,-,-,-,-,-,-,-,2917,-,-,-,-,-,-,-,-,-,-,-,-,-,-,-,-,-,-,-,-,-,-,-,-,-,-,-,-,-,-,-,-,-,-,-,-,-,-,-,-,-,-,2917,-,-,1,1,-,-,2,-,-,2,-,-,-,-,2247,219,8,2020,209,-,15,-,-,22,-,-,172,240,-,-,-,218
143,"ti.00000","0","全国","sanD1A.0128","5","　　　　　7452 環境計量証明業",650,13984,169818,165657,52,52,24,24,-,-,-,-,-,-,-,-,-,-,-,-,28,-,-,-,-,-,-,-,-,-,-,-,-,-,-,83,45,11,3,-,8,34,27,-,1,5,-,1,-,38,9,7,3,-,-,-,-,-,29,-,-,-,29,162236,85,7,-,-,-,-,-,-,-,-,-,-,-,-,-,-,-,-,-,-,-,-,5,-,-,-,-,-,-,-,2,-,-,-,-,-,-,-,-,-,-,-,162144,-,-,530,11,215,303,118,-,-,-,118,-,1036,2,306,261,-,45,153942,27692,35660,29877,2821,27866,1120,3767,25139,3687,-,-,-,2523
144,"ti.00000","0","全国","sanD1A.0129","5","　　　　　7459 その他の計量証明業",435,10386,151856,151666,-,-,-,-,-,-,-,-,-,-,-,-,-,-,-,-,-,-,-,-,-,-,-,-,-,-,-,-,-,-,-,19,17,-,-,-,-,17,16,-,-,-,-,1,-,2,-,-,-,-,-,-,2,-,-,-,-,-,-,151645,-,-,-,-,-,-,-,-,-,-,-,-,-,-,-,-,-,-,-,-,-,-,-,-,-,-,-,-,-,-,-,-,-,-,-,-,-,-,-,-,-,-,151645,-,-,30,20,-,9,174,-,-,-,-,174,5394,1683,-,-,-,-,2307,322,951,237,26,308,30,157,275,141574,-,-,-,482
145,"ti.00000","0","全国","sanD1A.0130","3","　　　746 写真業",9420,42331,302194,300450,239,205,110,110,-,-,-,-,-,92,-,92,0,1,-,1,-,2,34,17,-,17,0,1,-,1,17,-,-,-,17,2459,1103,7,-,-,7,1097,349,82,14,320,190,24,117,1355,-,-,-,14,11,4,-,-,1341,-,19,1295,27,288206,15,850,0,-,-,-,-,0,-,-,-,581,-,1,442,4,-,-,42,92,3,7,12,-,-,-,-,-,-,-,247,426,1,47,-,-,17,8,17,12,124,200,286915,-,-,52,-,46,5,-,-,-,-,-,-,-,-,-,-,-,-,11,-,-,-,-,-,-,-,11,-,162828,123891,-,133
146,"ti.00000","0","全国","sanD1A.0131","5","　　　　　7461 写真業（商業写真業を除く）",6140,27731,168687,168024,68,37,16,16,-,-,-,-,-,18,-,18,-,1,-,1,-,2,31,14,-,14,-,-,-,-,17,-,-,-,17,1367,332,6,-,-,6,326,117,5,7,75,114,8,0,1034,-,-,-,4,-,4,-,-,1031,-,13,1013,5,162215,-,327,0,-,-,-,-,0,-,-,-,317,-,-,255,-,-,-,7,55,1,0,9,-,-,-,-,-,-,-,-,79,-,11,-,-,-,-,0,5,-,63,161809,-,-,-,-,-,-,-,-,-,-,-,-,-,-,-,-,-,-,-,-,-,-,-,-,-,-,-,-,160800,963,-,45
147,"ti.00000","0","全国","sanD1A.0132","5","　　　　　7462 商業写真業",2819,12944,122194,122001,91,90,16,16,-,-,-,-,-,74,-,74,-,-,-,-,-,-,1,-,-,-,-,1,-,1,-,-,-,-,-,182,96,-,-,-,-,96,32,32,3,2,-,7,19,86,-,-,-,11,11,-,-,-,75,-,1,63,12,121376,-,178,-,-,-,-,-,-,-,-,-,173,-,1,125,-,-,-,32,16,2,-,3,-,-,-,-,-,-,-,-,228,-,1,-,-,-,-,9,-,81,137,120970,-,-,-,-,-,-,-,-,-,-,-,-,-,-,-,-,-,-,-,-,-,-,-,-,-,-,-,-,496,120469,-,5
148,"ti.00000","0","全国","sanD1A.0133","3","　　　749 その他の技術サービス業",5782,92106,3652544,3563033,3683,3587,3167,2349,818,-,-,-,-,273,-,272,1,53,48,6,77,17,96,26,-,25,1,-,-,-,69,4,-,-,65,2628,1155,39,-,-,39,1116,221,1,18,162,1,345,369,1473,1293,1293,-,167,14,153,5,6,2,-,-,-,2,3472212,2168,1475,2,-,-,-,-,-,-,2,-,19,-,-,-,-,-,-,19,-,-,-,504,-,-,6,6,-,-,79,865,51,-,-,-,-,-,-,-,-,-,51,3468518,50,-,1269,7,4,1258,3505,360,-,1615,1471,59,2135,13142,-,-,-,-,3986,88,301,7,6,3486,10,1,87,806,7,-,1712142,1731476
149,"ti.00000","0","全国","sanD1A.0134","5","　　　　　7499 その他の技術サービス業",5782,92106,3652544,3563033,3683,3587,3167,2349,818,-,-,-,-,273,-,272,1,53,48,6,77,17,96,26,-,25,1,-,-,-,69,4,-,-,65,2628,1155,39,-,-,39,1116,221,1,18,162,1,345,369,1473,1293,1293,-,167,14,153,5,6,2,-,-,-,2,3472212,2168,1475,2,-,-,-,-,-,-,2,-,19,-,-,-,-,-,-,19,-,-,-,504,-,-,6,6,-,-,79,865,51,-,-,-,-,-,-,-,-,-,51,3468518,50,-,1269,7,4,1258,3505,360,-,1615,1471,59,2135,13142,-,-,-,-,3986,88,301,7,6,3486,10,1,87,806,7,-,1712142,1731476
150,"ti.00000","0","全国","sanD1A.0135","0","M 宿泊業，飲食サービス業",539243,4200085,22914544,22680024,2689,1455,292,268,24,11,6,6,-,954,47,891,16,10,2,8,50,137,1234,285,12,251,22,34,4,30,915,-,2,-,913,120704,117216,8523,5746,694,2082,108693,65495,6609,3463,17998,901,6404,7824,3488,172,105,67,60,31,29,364,1259,1634,-,75,580,979,6680,95,4878,173,-,68,-,-,4,-,101,-,582,-,33,111,-,17,9,364,48,19,24,2180,122,8,9,9,-,-,6,1756,375,18,3,-,-,31,161,7,7,29,119,1333,-,-,559,408,19,132,58,-,-,4,54,-,1,-,7,-,-,7,242,230,-,5,7,-,-,-,-,-,159,9,8,290
151,"ti.00000","0","全国","sanD1A.0136","1","　M1 宿泊業",39701,574067,5828200,5768465,534,440,249,249,-,3,2,1,-,6,6,-,-,8,-,8,50,123,94,52,-,50,3,29,-,29,13,-,2,-,11,79245,77337,5900,4996,150,755,71437,48132,4990,1760,7037,220,4381,4917,1908,43,25,19,31,28,2,184,907,743,-,-,489,254,2562,56,2012,0,-,-,-,-,-,-,0,-,1,-,-,-,-,-,-,0,0,0,2,280,92,-,-,-,-,-,-,1637,23,-,-,-,-,-,6,-,-,3,14,472,-,-,370,290,-,81,-,-,-,-,-,-,-,-,-,-,-,-,-,-,-,-,-,-,-,-,-,-,82,-,-,19
152,"ti.00000","0","全国","sanD1A.0137","2","　　75 宿泊業",39701,574067,5828200,5768465,534,440,249,249,-,3,2,1,-,6,6,-,-,8,-,8,50,123,94,52,-,50,3,29,-,29,13,-,2,-,11,79245,77337,5900,4996,150,755,71437,48132,4990,1760,7037,220,4381,4917,1908,43,25,19,31,28,2,184,907,743,-,-,489,254,2562,56,2012,0,-,-,-,-,-,-,0,-,1,-,-,-,-,-,-,0,0,0,2,280,92,-,-,-,-,-,-,1637,23,-,-,-,-,-,6,-,-,3,14,472,-,-,370,290,-,81,-,-,-,-,-,-,-,-,-,-,-,-,-,-,-,-,-,-,-,-,-,-,82,-,-,19
153,"ti.00000","0","全国","sanD1A.0138","3","　　　751 旅館，ホテル",33235,528887,5488738,5435473,249,184,44,44,-,3,2,1,-,6,6,-,-,8,-,8,-,123,65,23,-,22,1,29,-,29,13,-,2,-,11,75311,73628,5016,4399,150,467,68612,46524,4727,1643,6654,164,4220,4681,1682,42,24,19,31,28,2,184,808,618,-,-,474,144,2503,7,2011,0,-,-,-,-,-,-,0,-,1,-,-,-,-,-,-,0,0,0,2,280,92,-,-,-,-,-,-,1636,20,-,-,-,-,-,6,-,-,1,14,465,-,-,370,290,-,81,-,-,-,-,-,-,-,-,-,-,-,-,-,-,-,-,-,-,-,-,-,-,82,-,-,12
154,"ti.00000","0","全国","sanD1A.0139","5","　　　　　7511 旅館，ホテル",33235,528887,5488738,5435473,249,184,44,44,-,3,2,1,-,6,6,-,-,8,-,8,-,123,65,23,-,22,1,29,-,29,13,-,2,-,11,75311,73628,5016,4399,150,467,68612,46524,4727,1643,6654,164,4220,4681,1682,42,24,19,31,28,2,184,808,618,-,-,474,144,2503,7,2011,0,-,-,-,-,-,-,0,-,1,-,-,-,-,-,-,0,0,0,2,280,92,-,-,-,-,-,-,1636,20,-,-,-,-,-,6,-,-,1,14,465,-,-,370,290,-,81,-,-,-,-,-,-,-,-,-,-,-,-,-,-,-,-,-,-,-,-,-,-,82,-,-,12
155,"ti.00000","0","全国","sanD1A.0140","3","　　　752 簡易宿所",1799,8808,52600,51920,59,58,8,8,-,-,-,-,-,-,-,-,-,-,-,-,50,-,1,1,-,-,1,-,-,-,-,-,-,-,-,1454,1414,776,596,-,180,638,343,118,71,44,28,14,20,40,-,-,-,-,-,-,-,25,15,-,-,15,-,-,-,-,-,-,-,-,-,-,-,-,-,-,-,-,-,-,-,-,-,-,-,-,-,-,-,-,-,-,-,-,-,-,-,-,-,-,-,-,-,-,-,-,-,-,-,-,-,-,-,-,-,-,-,-,-,-,-,-,-,-,-,-,-,-,-,-,-,-,-,-,-,-,-,-,-
156,"ti.00000","0","全国","sanD1A.0141","5","　　　　　7521 簡易宿所",1799,8808,52600,51920,59,58,8,8,-,-,-,-,-,-,-,-,-,-,-,-,50,-,1,1,-,-,1,-,-,-,-,-,-,-,-,1454,1414,776,596,-,180,638,343,118,71,44,28,14,20,40,-,-,-,-,-,-,-,25,15,-,-,15,-,-,-,-,-,-,-,-,-,-,-,-,-,-,-,-,-,-,-,-,-,-,-,-,-,-,-,-,-,-,-,-,-,-,-,-,-,-,-,-,-,-,-,-,-,-,-,-,-,-,-,-,-,-,-,-,-,-,-,-,-,-,-,-,-,-,-,-,-,-,-,-,-,-,-,-,-
157,"ti.00000","0","全国","sanD1A.0142","3","　　　753 下宿業",935,2749,13282,13169,-,-,-,-,-,-,-,-,-,-,-,-,-,-,-,-,-,-,-,-,-,-,-,-,-,-,-,-,-,-,-,463,452,-,-,-,-,452,189,12,4,174,21,44,7,11,-,-,-,-,-,-,-,-,11,-,-,-,11,6,-,-,-,-,-,-,-,-,-,-,-,-,-,-,-,-,-,-,-,-,-,-,-,-,-,-,-,-,-,-,-,-,-,-,-,-,-,-,-,-,-,-,6,-,-,-,-,-,-,-,-,-,-,-,-,-,-,-,-,-,-,-,-,-,-,-,-,-,-,-,-,-,-,-,6
158,"ti.00000","0","全国","sanD1A.0143","5","　　　　　7531 下宿業",935,2749,13282,13169,-,-,-,-,-,-,-,-,-,-,-,-,-,-,-,-,-,-,-,-,-,-,-,-,-,-,-,-,-,-,-,463,452,-,-,-,-,452,189,12,4,174,21,44,7,11,-,-,-,-,-,-,-,-,11,-,-,-,11,6,-,-,-,-,-,-,-,-,-,-,-,-,-,-,-,-,-,-,-,-,-,-,-,-,-,-,-,-,-,-,-,-,-,-,-,-,-,-,-,-,-,-,6,-,-,-,-,-,-,-,-,-,-,-,-,-,-,-,-,-,-,-,-,-,-,-,-,-,-,-,-,-,-,-,6
159,"ti.00000","0","全国","sanD1A.0144","3","　　　759 その他の宿泊業",3732,33623,273580,267902,226,198,198,198,-,-,-,-,-,-,-,-,-,-,-,-,-,-,28,28,-,28,-,-,-,-,-,-,-,-,-,2018,1844,108,-,-,108,1736,1076,133,42,163,8,104,209,174,1,1,-,-,-,-,-,74,99,-,-,-,99,53,49,1,-,-,-,-,-,-,-,-,-,-,-,-,-,-,-,-,-,-,-,-,-,-,-,-,-,-,-,-,1,2,-,-,-,-,-,-,-,-,2,-,-,-,-,-,-,-,-,-,-,-,-,-,-,-,-,-,-,-,-,-,-,-,-,-,-,-,-,-,-,-,-,-,-
160,"ti.00000","0","全国","sanD1A.0145","4","　　　　75A 会社・団体の宿泊所",1047,11841,105900,105608,-,-,-,-,-,-,-,-,-,-,-,-,-,-,-,-,-,-,-,-,-,-,-,-,-,-,-,-,-,-,-,1384,1292,9,-,-,9,1282,973,129,21,14,3,26,115,93,-,-,-,-,-,-,-,2,91,-,-,-,91,48,48,-,-,-,-,-,-,-,-,-,-,-,-,-,-,-,-,-,-,-,-,-,-,-,-,-,-,-,-,-,-,-,-,-,-,-,-,-,-,-,-,-,-,-,-,-,-,-,-,-,-,-,-,-,-,-,-,-,-,-,-,-,-,-,-,-,-,-,-,-,-,-,-,-,-
161,"ti.00000","0","全国","sanD1A.0146","5","　　　　　7591 会社・団体の宿泊所",1047,11841,105900,105608,-,-,-,-,-,-,-,-,-,-,-,-,-,-,-,-,-,-,-,-,-,-,-,-,-,-,-,-,-,-,-,1384,1292,9,-,-,9,1282,973,129,21,14,3,26,115,93,-,-,-,-,-,-,-,2,91,-,-,-,91,48,48,-,-,-,-,-,-,-,-,-,-,-,-,-,-,-,-,-,-,-,-,-,-,-,-,-,-,-,-,-,-,-,-,-,-,-,-,-,-,-,-,-,-,-,-,-,-,-,-,-,-,-,-,-,-,-,-,-,-,-,-,-,-,-,-,-,-,-,-,-,-,-,-,-,-
162,"ti.00000","0","全国","sanD1A.0147","4","　　　　75B 他に分類されない宿泊業",2685,21782,167679,162294,226,198,198,198,-,-,-,-,-,-,-,-,-,-,-,-,-,-,28,28,-,28,-,-,-,-,-,-,-,-,-,634,552,99,-,-,99,453,103,4,21,149,5,78,94,81,1,1,-,-,-,-,-,72,8,-,-,-,8,4,1,1,-,-,-,-,-,-,-,-,-,-,-,-,-,-,-,-,-,-,-,-,-,-,-,-,-,-,-,-,1,2,-,-,-,-,-,-,-,-,2,-,-,-,-,-,-,-,-,-,-,-,-,-,-,-,-,-,-,-,-,-,-,-,-,-,-,-,-,-,-,-,-,-,-
163,"ti.00000","0","全国","sanD1A.0148","5","　　　　　7592 リゾートクラブ",90,7964,73533,69065,-,-,-,-,-,-,-,-,-,-,-,-,-,-,-,-,-,-,-,-,-,-,-,-,-,-,-,-,-,-,-,10,10,-,-,-,-,10,-,-,-,-,-,-,10,-,-,-,-,-,-,-,-,-,-,-,-,-,-,-,-,-,-,-,-,-,-,-,-,-,-,-,-,-,-,-,-,-,-,-,-,-,-,-,-,-,-,-,-,-,-,-,-,-,-,-,-,-,-,-,-,-,-,-,-,-,-,-,-,-,-,-,-,-,-,-,-,-,-,-,-,-,-,-,-,-,-,-,-,-,-,-,-,-,-
164,"ti.00000","0","全国","sanD1A.0149","5","　　　　　7599 他に分類されない宿泊業",1322,6565,43054,42620,28,-,-,-,-,-,-,-,-,-,-,-,-,-,-,-,-,-,28,28,-,28,-,-,-,-,-,-,-,-,-,259,198,96,-,-,96,102,23,0,13,2,0,53,11,61,-,-,-,-,-,-,-,55,6,-,-,-,6,2,-,-,-,-,-,-,-,-,-,-,-,-,-,-,-,-,-,-,-,-,-,-,-,-,-,-,-,-,-,-,-,2,-,-,-,-,-,-,-,-,2,-,-,-,-,-,-,-,-,-,-,-,-,-,-,-,-,-,-,-,-,-,-,-,-,-,-,-,-,-,-,-,-,-,-
165,"ti.00000","0","全国","sanD1A.0150","1","　M2 飲食店，持ち帰り・配達飲食サービス業",499542,3626018,17086343,16911559,2155,1015,43,19,24,9,4,5,-,948,41,891,16,2,2,-,-,13,1140,233,12,201,20,5,4,2,902,-,-,-,902,41459,39879,2623,751,545,1327,37256,17363,1618,1702,10962,681,2022,2908,1580,129,81,48,29,3,27,180,352,891,-,75,91,725,4118,39,2866,173,-,68,-,-,4,-,101,-,581,-,33,111,-,17,9,364,48,19,22,1900,30,8,9,9,-,-,6,119,352,18,3,-,-,31,155,7,7,26,105,862,-,-,189,118,19,51,58,-,-,4,54,-,1,-,7,-,-,7,242,230,-,5,7,-,-,-,-,-,76,9,8,271
166,"ti.00000","0","全国","sanD1A.0151","2","　　76 飲食店",453541,3190461,14894912,14736366,2096,963,43,18,24,9,4,5,-,900,41,843,16,2,2,-,-,10,1133,227,12,201,14,5,4,2,901,-,-,-,901,36979,35661,1994,329,428,1238,33666,15635,1616,1367,10035,452,1948,2614,1318,102,58,44,22,3,20,160,352,683,-,75,72,536,2977,39,1951,173,-,68,-,-,4,-,101,-,581,-,33,111,-,17,9,364,48,19,22,1045,20,8,9,9,-,-,6,69,352,18,3,-,-,31,155,7,7,26,105,636,-,-,161,97,19,44,58,-,-,4,54,-,-,-,7,-,-,7,242,230,-,5,7,-,-,-,-,-,76,9,8,75
167,"ti.00000","0","全国","sanD1A.0152","3","　　　761 食堂，レストラン（専門料理店を除く）",43192,372404,1673628,1632035,5,5,-,-,-,-,-,-,-,-,-,-,-,-,-,-,-,5,-,-,-,-,-,-,-,-,-,-,-,-,-,5666,5245,352,-,40,312,4893,1400,853,184,944,63,674,775,421,1,1,-,20,-,20,8,219,174,-,-,8,167,774,-,569,-,-,-,-,-,-,-,-,-,352,-,-,-,-,14,-,338,-,0,-,209,-,8,-,-,-,-,-,0,176,-,-,-,-,-,154,-,-,18,3,29,-,-,7,1,-,6,-,-,-,-,-,-,-,-,-,-,-,-,-,-,-,-,-,-,-,-,-,-,23,-,-,-
168,"ti.00000","0","全国","sanD1A.0153","5","　　　　　7611 食堂，レストラン（専門料理店を除く）",43192,372404,1673628,1632035,5,5,-,-,-,-,-,-,-,-,-,-,-,-,-,-,-,5,-,-,-,-,-,-,-,-,-,-,-,-,-,5666,5245,352,-,40,312,4893,1400,853,184,944,63,674,775,421,1,1,-,20,-,20,8,219,174,-,-,8,167,774,-,569,-,-,-,-,-,-,-,-,-,352,-,-,-,-,14,-,338,-,0,-,209,-,8,-,-,-,-,-,0,176,-,-,-,-,-,154,-,-,18,3,29,-,-,7,1,-,6,-,-,-,-,-,-,-,-,-,-,-,-,-,-,-,-,-,-,-,-,-,-,23,-,-,-
169,"ti.00000","0","全国","sanD1A.0154","3","　　　762 専門料理店",129189,1150494,6071244,6031319,1279,190,6,6,-,4,4,-,-,180,41,124,16,-,-,-,-,-,1089,191,12,178,0,4,2,2,895,-,-,-,895,14114,13671,856,90,190,576,12815,6493,271,270,4399,176,639,567,443,98,57,41,3,3,-,146,80,117,-,38,63,16,1237,6,733,83,-,68,-,-,-,-,15,-,89,-,32,40,-,3,-,11,2,-,-,483,20,-,6,6,-,-,-,53,112,18,-,-,-,31,-,7,-,3,53,386,-,-,39,6,19,14,54,-,-,-,54,-,-,-,-,-,-,-,230,230,-,-,-,-,-,-,-,-,5,-,-,58
170,"ti.00000","0","全国","sanD1A.0155","4","　　　　76A 日本料理店",41456,413203,2225392,2209109,910,15,5,5,-,4,4,-,-,6,-,-,6,-,-,-,-,-,895,1,-,1,-,-,-,-,895,-,-,-,895,5741,5556,351,42,-,309,5205,3198,70,113,1304,67,327,127,185,48,10,37,3,3,-,83,23,29,-,-,25,3,284,4,252,68,-,68,-,-,-,-,-,-,41,-,30,-,-,-,-,11,-,-,-,143,-,-,-,-,-,-,-,-,27,-,-,-,-,-,-,7,-,-,20,-,-,-,-,-,-,-,-,-,-,-,-,-,-,-,-,-,-,-,-,-,-,-,-,-,-,-,-,-,-,-,-,-
171,"ti.00000","0","全国","sanD1A.0156","5","　　　　　7621 日本料理店",41456,413203,2225392,2209109,910,15,5,5,-,4,4,-,-,6,-,-,6,-,-,-,-,-,895,1,-,1,-,-,-,-,895,-,-,-,895,5741,5556,351,42,-,309,5205,3198,70,113,1304,67,327,127,185,48,10,37,3,3,-,83,23,29,-,-,25,3,284,4,252,68,-,68,-,-,-,-,-,-,41,-,30,-,-,-,-,11,-,-,-,143,-,-,-,-,-,-,-,-,27,-,-,-,-,-,-,7,-,-,20,-,-,-,-,-,-,-,-,-,-,-,-,-,-,-,-,-,-,-,-,-,-,-,-,-,-,-,-,-,-,-,-,-
172,"ti.00000","0","全国","sanD1A.0157","4","　　　　76B 中華料理店",39084,276697,1379347,1375582,28,9,-,-,-,-,-,-,-,9,-,9,-,-,-,-,-,-,19,17,1,16,-,2,2,-,-,-,-,-,-,2985,2929,191,21,39,131,2738,1192,93,84,1122,44,78,125,57,12,8,4,-,-,-,-,3,42,-,38,-,4,168,-,131,-,-,-,-,-,-,-,-,-,3,-,2,0,-,-,-,-,-,-,-,128,-,-,-,-,-,-,-,-,20,18,-,-,-,-,-,-,-,2,0,17,-,-,14,1,-,14,-,-,-,-,-,-,-,-,-,-,-,-,-,-,-,-,-,-,-,-,-,-,-,-,-,2
173,"ti.00000","0","全国","sanD1A.0158","5","　　　　　7623 中華料理店",14704,97505,491141,490365,21,9,-,-,-,-,-,-,-,9,-,9,-,-,-,-,-,-,12,12,1,11,-,-,-,-,-,-,-,-,-,1464,1422,95,19,-,76,1327,452,65,56,607,26,68,52,42,0,0,-,-,-,-,-,-,42,-,38,-,4,24,-,18,-,-,-,-,-,-,-,-,-,-,-,-,-,-,-,-,-,-,-,-,18,-,-,-,-,-,-,-,-,2,-,-,-,-,-,-,-,-,2,-,3,-,-,1,1,-,-,-,-,-,-,-,-,-,-,-,-,-,-,-,-,-,-,-,-,-,-,-,-,-,-,-,2
174,"ti.00000","0","全国","sanD1A.0159","5","　　　　　7624 ラーメン店",18041,123923,601941,600917,7,-,-,-,-,-,-,-,-,-,-,-,-,-,-,-,-,-,7,5,-,5,-,2,2,-,-,-,-,-,-,824,820,90,-,39,51,730,291,28,27,348,18,6,12,4,4,-,4,-,-,-,-,-,-,-,-,-,-,90,-,59,-,-,-,-,-,-,-,-,-,-,-,-,-,-,-,-,-,-,-,-,59,-,-,-,-,-,-,-,-,18,18,-,-,-,-,-,-,-,-,0,14,-,-,14,-,-,14,-,-,-,-,-,-,-,-,-,-,-,-,-,-,-,-,-,-,-,-,-,-,-,-,-,-
175,"ti.00000","0","全国","sanD1A.0160","4","　　　　76C 焼肉店",15023,153108,864206,860343,41,41,-,-,-,-,-,-,-,41,41,-,-,-,-,-,-,-,-,-,-,-,-,-,-,-,-,-,-,-,-,1912,1850,114,-,9,105,1736,462,66,27,1098,20,13,50,63,1,1,-,-,-,-,24,38,-,-,-,-,-,90,2,48,-,-,-,-,-,-,-,-,-,-,-,-,-,-,-,-,-,-,-,-,28,20,-,-,-,-,-,-,-,33,-,-,-,-,-,-,-,-,-,33,8,-,-,-,-,-,-,-,-,-,-,-,-,-,-,-,-,-,-,-,-,-,-,-,-,-,-,-,-,5,-,-,2
176,"ti.00000","0","全国","sanD1A.0161","5","　　　　　7625 焼肉店",15023,153108,864206,860343,41,41,-,-,-,-,-,-,-,41,41,-,-,-,-,-,-,-,-,-,-,-,-,-,-,-,-,-,-,-,-,1912,1850,114,-,9,105,1736,462,66,27,1098,20,13,50,63,1,1,-,-,-,-,24,38,-,-,-,-,-,90,2,48,-,-,-,-,-,-,-,-,-,-,-,-,-,-,-,-,-,-,-,-,28,20,-,-,-,-,-,-,-,33,-,-,-,-,-,-,-,-,-,33,8,-,-,-,-,-,-,-,-,-,-,-,-,-,-,-,-,-,-,-,-,-,-,-,-,-,-,-,-,5,-,-,2
177,"ti.00000","0","全国","sanD1A.0162","4","　　　　76D その他の専門料理店",33626,307486,1602299,1586285,300,125,1,1,-,-,-,-,-,124,-,115,10,-,-,-,-,-,175,173,11,162,0,2,-,2,0,-,-,-,0,3476,3337,200,28,142,30,3136,1641,41,46,876,45,222,266,139,38,38,-,-,-,-,38,17,46,-,-,37,9,696,-,303,15,-,-,-,-,-,-,15,-,45,-,-,40,-,3,-,-,2,-,-,184,-,-,6,6,-,-,-,53,32,-,-,-,-,31,-,-,-,1,-,361,-,-,24,5,19,-,54,-,-,-,54,-,-,-,-,-,-,-,230,230,-,-,-,-,-,-,-,-,-,-,-,53
178,"ti.00000","0","全国","sanD1A.0163","5","　　　　　7622 料亭",673,5503,31087,30732,-,-,-,-,-,-,-,-,-,-,-,-,-,-,-,-,-,-,-,-,-,-,-,-,-,-,-,-,-,-,-,199,199,11,-,-,11,188,30,3,8,86,-,60,-,-,-,-,-,-,-,-,-,-,-,-,-,-,-,30,-,30,-,-,-,-,-,-,-,-,-,-,-,-,-,-,-,-,-,-,-,-,30,-,-,-,-,-,-,-,-,-,-,-,-,-,-,-,-,-,-,-,-,-,-,-,-,-,-,-,-,-,-,-,-,-,-,-,-,-,-,-,-,-,-,-,-,-,-,-,-,-,-,-,-
179,"ti.00000","0","全国","sanD1A.0164","5","　　　　　7629 その他の専門料理店",16446,150900,815171,813267,54,-,-,-,-,-,-,-,-,-,-,-,-,-,-,-,-,-,54,52,-,52,-,2,-,2,0,-,-,-,0,994,992,63,18,32,13,929,454,3,1,188,26,31,224,2,-,-,-,-,-,-,-,-,2,-,-,2,-,227,-,114,15,-,-,-,-,-,-,15,-,31,-,-,31,-,-,-,-,-,-,-,54,-,-,6,6,-,-,-,8,1,-,-,-,-,-,-,-,-,1,-,112,-,-,5,5,-,-,54,-,-,-,54,-,-,-,-,-,-,-,-,-,-,-,-,-,-,-,-,-,-,-,-,53
180,"ti.00000","0","全国","sanD1A.0165","3","　　　763 そば・うどん店",25347,175139,787246,782528,713,713,2,2,-,-,-,-,-,711,-,711,-,-,-,-,-,-,-,-,-,-,-,-,-,-,-,-,-,-,-,2850,2843,197,4,152,41,2646,1303,74,190,799,16,69,196,7,1,1,-,-,-,-,0,4,2,-,-,-,2,78,-,37,-,-,-,-,-,-,-,-,-,-,-,-,-,-,-,-,-,-,-,-,37,-,-,-,-,-,-,-,1,-,-,-,-,-,-,-,-,-,-,-,41,-,-,6,6,-,-,-,-,-,-,-,-,-,-,-,-,-,-,-,-,-,-,-,-,-,-,-,-,35,-,-,-
181,"ti.00000","0","全国","sanD1A.0166","5","　　　　　7631 そば・うどん店",25347,175139,787246,782528,713,713,2,2,-,-,-,-,-,711,-,711,-,-,-,-,-,-,-,-,-,-,-,-,-,-,-,-,-,-,-,2850,2843,197,4,152,41,2646,1303,74,190,799,16,69,196,7,1,1,-,-,-,-,0,4,2,-,-,-,2,78,-,37,-,-,-,-,-,-,-,-,-,-,-,-,-,-,-,-,-,-,-,-,37,-,-,-,-,-,-,-,1,-,-,-,-,-,-,-,-,-,-,-,41,-,-,6,6,-,-,-,-,-,-,-,-,-,-,-,-,-,-,-,-,-,-,-,-,-,-,-,-,35,-,-,-
182,"ti.00000","0","全国","sanD1A.0167","3","　　　764 すし店",20135,232443,1199457,1198264,-,-,-,-,-,-,-,-,-,-,-,-,-,-,-,-,-,-,-,-,-,-,-,-,-,-,-,-,-,-,-,1109,1109,19,-,-,19,1090,542,56,24,400,7,27,35,-,-,-,-,-,-,-,-,-,-,-,-,-,-,-,-,-,-,-,-,-,-,-,-,-,-,-,-,-,-,-,-,-,-,-,-,-,-,-,-,-,-,-,-,-,-,-,-,-,-,-,-,-,-,-,-,-,-,-,-,-,-,-,-,-,-,-,-,-,-,-,-,-,-,-,-,-,-,-,-,-,-,-,-,-,-,-,-,-,-
183,"ti.00000","0","全国","sanD1A.0168","5","　　　　　7641 すし店",20135,232443,1199457,1198264,-,-,-,-,-,-,-,-,-,-,-,-,-,-,-,-,-,-,-,-,-,-,-,-,-,-,-,-,-,-,-,1109,1109,19,-,-,19,1090,542,56,24,400,7,27,35,-,-,-,-,-,-,-,-,-,-,-,-,-,-,-,-,-,-,-,-,-,-,-,-,-,-,-,-,-,-,-,-,-,-,-,-,-,-,-,-,-,-,-,-,-,-,-,-,-,-,-,-,-,-,-,-,-,-,-,-,-,-,-,-,-,-,-,-,-,-,-,-,-,-,-,-,-,-,-,-,-,-,-,-,-,-,-,-,-,-
184,"ti.00000","0","全国","sanD1A.0169","3","　　　765 酒場，ビヤホール",93787,525976,2399250,2395139,8,2,2,2,-,-,-,-,-,0,0,-,-,-,-,-,-,-,6,6,-,1,5,-,-,-,-,-,-,-,-,5068,4839,129,6,32,91,4710,2926,115,72,1042,25,128,403,229,0,0,-,-,-,-,4,-,225,-,6,-,219,130,-,125,2,-,-,-,-,2,-,-,-,37,-,-,22,-,-,-,15,-,1,-,74,-,-,2,2,-,-,6,3,-,-,-,-,-,-,-,-,-,-,-,5,-,-,2,2,-,-,-,-,-,-,-,-,-,-,-,-,-,-,-,-,-,-,-,-,-,-,-,-,0,-,3,-
185,"ti.00000","0","全国","sanD1A.0170","5","　　　　　7651 酒場，ビヤホール",93787,525976,2399250,2395139,8,2,2,2,-,-,-,-,-,0,0,-,-,-,-,-,-,-,6,6,-,1,5,-,-,-,-,-,-,-,-,5068,4839,129,6,32,91,4710,2926,115,72,1042,25,128,403,229,0,0,-,-,-,-,4,-,225,-,6,-,219,130,-,125,2,-,-,-,-,2,-,-,-,37,-,-,22,-,-,-,15,-,1,-,74,-,-,2,2,-,-,6,3,-,-,-,-,-,-,-,-,-,-,-,5,-,-,2,2,-,-,-,-,-,-,-,-,-,-,-,-,-,-,-,-,-,-,-,-,-,-,-,-,0,-,3,-
186,"ti.00000","0","全国","sanD1A.0171","3","　　　766 バー，キャバレー，ナイトクラブ",65635,215870,747171,746338,9,6,-,-,-,5,-,5,-,0,-,-,0,-,-,-,-,-,3,0,-,-,0,2,2,-,1,-,-,-,1,1576,1525,52,8,14,30,1473,486,33,177,547,25,41,163,51,-,-,-,-,-,-,-,15,36,-,29,-,7,201,0,129,-,-,-,-,-,-,-,-,-,7,-,-,7,-,-,-,-,-,1,11,104,-,-,-,-,-,-,-,5,48,-,3,-,-,-,-,-,-,2,43,24,-,-,5,5,-,-,4,-,-,4,-,-,-,-,-,-,-,-,5,-,-,5,-,-,-,-,-,-,3,-,-,8
187,"ti.00000","0","全国","sanD1A.0172","5","　　　　　7661 バー，キャバレー，ナイトクラブ",65635,215870,747171,746338,9,6,-,-,-,5,-,5,-,0,-,-,0,-,-,-,-,-,3,0,-,-,0,2,2,-,1,-,-,-,1,1576,1525,52,8,14,30,1473,486,33,177,547,25,41,163,51,-,-,-,-,-,-,-,15,36,-,29,-,7,201,0,129,-,-,-,-,-,-,-,-,-,7,-,-,7,-,-,-,-,-,1,11,104,-,-,-,-,-,-,-,5,48,-,3,-,-,-,-,-,-,2,43,24,-,-,5,5,-,-,4,-,-,4,-,-,-,-,-,-,-,-,5,-,-,5,-,-,-,-,-,-,3,-,-,8
188,"ti.00000","0","全国","sanD1A.0173","3","　　　767 喫茶店",54194,254093,975810,915952,82,47,32,8,24,-,-,-,-,8,-,8,0,2,2,-,-,5,35,30,0,22,8,-,-,-,5,-,-,-,5,5720,5640,379,220,0,159,5260,2049,185,425,1697,132,323,449,81,2,-,2,-,-,-,3,33,42,-,2,0,40,494,32,296,87,-,-,-,-,2,-,86,-,96,-,1,41,-,-,9,0,46,17,11,77,-,-,1,1,-,-,-,7,17,-,-,-,-,-,1,-,7,3,6,149,-,-,102,78,-,25,-,-,-,-,-,-,-,-,7,-,-,7,7,-,-,-,7,-,-,-,-,-,10,9,5,9
189,"ti.00000","0","全国","sanD1A.0174","5","　　　　　7671 喫茶店",54194,254093,975810,915952,82,47,32,8,24,-,-,-,-,8,-,8,0,2,2,-,-,5,35,30,0,22,8,-,-,-,5,-,-,-,5,5720,5640,379,220,0,159,5260,2049,185,425,1697,132,323,449,81,2,-,2,-,-,-,3,33,42,-,2,0,40,494,32,296,87,-,-,-,-,2,-,86,-,96,-,1,41,-,-,9,0,46,17,11,77,-,-,1,1,-,-,-,7,17,-,-,-,-,-,1,-,7,3,6,149,-,-,102,78,-,25,-,-,-,-,-,-,-,-,7,-,-,7,7,-,-,-,7,-,-,-,-,-,10,9,5,9
190,"ti.00000","0","全国","sanD1A.0175","3","　　　769 その他の飲食店",22062,264042,1041107,1034791,-,-,-,-,-,-,-,-,-,-,-,-,-,-,-,-,-,-,-,-,-,-,-,-,-,-,-,-,-,-,-,876,790,10,-,-,10,779,437,30,25,206,10,47,25,86,0,0,-,-,-,-,-,-,86,-,-,1,85,63,-,62,-,-,-,-,-,-,-,-,-,-,-,-,-,-,-,-,-,-,-,-,62,-,-,-,-,-,-,-,-,-,-,-,-,-,-,-,-,-,-,-,2,-,-,-,-,-,-,-,-,-,-,-,-,-,-,-,-,-,-,-,-,-,-,-,-,-,-,-,-,1,0,-,-
191,"ti.00000","0","全国","sanD1A.0176","4","　　　　76E ハンバーガー店",4611,139656,508195,508141,-,-,-,-,-,-,-,-,-,-,-,-,-,-,-,-,-,-,-,-,-,-,-,-,-,-,-,-,-,-,-,42,41,-,-,-,-,41,24,17,-,-,-,-,-,1,-,-,-,-,-,-,-,-,1,-,-,1,-,10,-,10,-,-,-,-,-,-,-,-,-,-,-,-,-,-,-,-,-,-,-,-,10,-,-,-,-,-,-,-,-,-,-,-,-,-,-,-,-,-,-,-,-,-,-,-,-,-,-,-,-,-,-,-,-,-,-,-,-,-,-,-,-,-,-,-,-,-,-,-,-,-,-,-,-
192,"ti.00000","0","全国","sanD1A.0177","5","　　　　　7691 ハンバーガー店",4611,139656,508195,508141,-,-,-,-,-,-,-,-,-,-,-,-,-,-,-,-,-,-,-,-,-,-,-,-,-,-,-,-,-,-,-,42,41,-,-,-,-,41,24,17,-,-,-,-,-,1,-,-,-,-,-,-,-,-,1,-,-,1,-,10,-,10,-,-,-,-,-,-,-,-,-,-,-,-,-,-,-,-,-,-,-,-,10,-,-,-,-,-,-,-,-,-,-,-,-,-,-,-,-,-,-,-,-,-,-,-,-,-,-,-,-,-,-,-,-,-,-,-,-,-,-,-,-,-,-,-,-,-,-,-,-,-,-,-,-
193,"ti.00000","0","全国","sanD1A.0178","4","　　　　76F お好み焼・焼きそば・たこ焼店",12864,52533,194627,193928,-,-,-,-,-,-,-,-,-,-,-,-,-,-,-,-,-,-,-,-,-,-,-,-,-,-,-,-,-,-,-,723,638,6,-,-,6,633,353,12,25,179,9,29,25,85,0,0,-,-,-,-,-,-,85,-,-,-,85,52,-,51,-,-,-,-,-,-,-,-,-,-,-,-,-,-,-,-,-,-,-,-,51,-,-,-,-,-,-,-,-,-,-,-,-,-,-,-,-,-,-,-,0,-,-,-,-,-,-,-,-,-,-,-,-,-,-,-,-,-,-,-,-,-,-,-,-,-,-,-,-,-,0,-,-
194,"ti.00000","0","全国","sanD1A.0179","5","　　　　　7692 お好み焼・焼きそば・たこ焼店",12864,52533,194627,193928,-,-,-,-,-,-,-,-,-,-,-,-,-,-,-,-,-,-,-,-,-,-,-,-,-,-,-,-,-,-,-,723,638,6,-,-,6,633,353,12,25,179,9,29,25,85,0,0,-,-,-,-,-,-,85,-,-,-,85,52,-,51,-,-,-,-,-,-,-,-,-,-,-,-,-,-,-,-,-,-,-,-,51,-,-,-,-,-,-,-,-,-,-,-,-,-,-,-,-,-,-,-,0,-,-,-,-,-,-,-,-,-,-,-,-,-,-,-,-,-,-,-,-,-,-,-,-,-,-,-,-,-,0,-,-
195,"ti.00000","0","全国","sanD1A.0180","4","　　　　76G 他に分類されない飲食店",4587,71853,338285,332722,-,-,-,-,-,-,-,-,-,-,-,-,-,-,-,-,-,-,-,-,-,-,-,-,-,-,-,-,-,-,-,110,110,5,-,-,5,106,60,-,0,27,1,18,-,-,-,-,-,-,-,-,-,-,-,-,-,-,-,1,-,-,-,-,-,-,-,-,-,-,-,-,-,-,-,-,-,-,-,-,-,-,-,-,-,-,-,-,-,-,-,-,-,-,-,-,-,-,-,-,-,-,1,-,-,-,-,-,-,-,-,-,-,-,-,-,-,-,-,-,-,-,-,-,-,-,-,-,-,-,-,1,-,-,-
196,"ti.00000","0","全国","sanD1A.0181","5","　　　　　7699 他に分類されない飲食店",4587,71853,338285,332722,-,-,-,-,-,-,-,-,-,-,-,-,-,-,-,-,-,-,-,-,-,-,-,-,-,-,-,-,-,-,-,110,110,5,-,-,5,106,60,-,0,27,1,18,-,-,-,-,-,-,-,-,-,-,-,-,-,-,-,1,-,-,-,-,-,-,-,-,-,-,-,-,-,-,-,-,-,-,-,-,-,-,-,-,-,-,-,-,-,-,-,-,-,-,-,-,-,-,-,-,-,-,1,-,-,-,-,-,-,-,-,-,-,-,-,-,-,-,-,-,-,-,-,-,-,-,-,-,-,-,-,1,-,-,-
197,"ti.00000","0","全国","sanD1A.0182","2","　　77 持ち帰り・配達飲食サービス業",46001,435557,2191432,2175193,58,51,1,1,-,-,-,-,-,48,-,48,-,-,-,-,-,3,7,6,-,-,6,-,-,-,1,-,-,-,1,4480,4218,628,422,117,89,3590,1728,3,335,927,229,74,294,262,27,22,4,7,-,7,20,0,208,-,-,19,189,1141,-,915,-,-,-,-,-,-,-,-,-,0,-,-,0,-,-,-,-,-,-,-,855,10,-,-,-,-,-,-,50,-,-,-,-,-,-,-,-,-,-,-,226,-,-,28,21,-,7,-,-,-,-,-,-,1,-,-,-,-,-,-,-,-,-,-,-,-,-,-,-,-,-,-,197
198,"ti.00000","0","全国","sanD1A.0183","3","　　　771 持ち帰り飲食サービス業",9253,60961,355756,353936,12,5,1,1,-,-,-,-,-,1,-,1,-,-,-,-,-,3,7,6,-,-,6,-,-,-,1,-,-,-,1,417,416,1,-,-,1,416,161,-,6,131,-,11,107,0,0,-,0,-,-,-,-,0,-,-,-,-,-,16,-,-,-,-,-,-,-,-,-,-,-,-,-,-,-,-,-,-,-,-,-,-,-,-,-,-,-,-,-,-,-,-,-,-,-,-,-,-,-,-,-,-,16,-,-,15,15,-,-,-,-,-,-,-,-,1,-,-,-,-,-,-,-,-,-,-,-,-,-,-,-,-,-,-,-
199,"ti.00000","0","全国","sanD1A.0184","5","　　　　　7711 持ち帰り飲食サービス業",9253,60961,355756,353936,12,5,1,1,-,-,-,-,-,1,-,1,-,-,-,-,-,3,7,6,-,-,6,-,-,-,1,-,-,-,1,417,416,1,-,-,1,416,161,-,6,131,-,11,107,0,0,-,0,-,-,-,-,0,-,-,-,-,-,16,-,-,-,-,-,-,-,-,-,-,-,-,-,-,-,-,-,-,-,-,-,-,-,-,-,-,-,-,-,-,-,-,-,-,-,-,-,-,-,-,-,-,16,-,-,15,15,-,-,-,-,-,-,-,-,1,-,-,-,-,-,-,-,-,-,-,-,-,-,-,-,-,-,-,-
200,"ti.00000","0","全国","sanD1A.0185","3","　　　772 配達飲食サービス業",36748,374596,1835675,1821256,47,47,-,-,-,-,-,-,-,47,-,47,-,-,-,-,-,-,-,-,-,-,-,-,-,-,-,-,-,-,-,4063,3802,628,422,117,89,3174,1567,3,330,796,229,63,187,262,26,22,4,7,-,7,20,-,208,-,-,19,189,1125,-,915,-,-,-,-,-,-,-,-,-,0,-,-,0,-,-,-,-,-,-,-,855,10,-,-,-,-,-,-,50,-,-,-,-,-,-,-,-,-,-,-,210,-,-,13,6,-,7,-,-,-,-,-,-,-,-,-,-,-,-,-,-,-,-,-,-,-,-,-,-,-,-,-,197
201,"ti.00000","0","全国","sanD1A.0186","5","　　　　　7721 配達飲食サービス業",36748,374596,1835675,1821256,47,47,-,-,-,-,-,-,-,47,-,47,-,-,-,-,-,-,-,-,-,-,-,-,-,-,-,-,-,-,-,4063,3802,628,422,117,89,3174,1567,3,330,796,229,63,187,262,26,22,4,7,-,7,20,-,208,-,-,19,189,1125,-,915,-,-,-,-,-,-,-,-,-,0,-,-,0,-,-,-,-,-,-,-,855,10,-,-,-,-,-,-,50,-,-,-,-,-,-,-,-,-,-,-,210,-,-,13,6,-,7,-,-,-,-,-,-,-,-,-,-,-,-,-,-,-,-,-,-,-,-,-,-,-,-,-,197
202,"ti.00000","0","全国","sanD1A.0187","0","N 生活関連サービス業，娯楽業",396028,1948699,45553790,45304836,2303,1039,515,515,-,11,10,1,-,256,65,38,153,18,11,7,124,115,1264,436,-,318,118,537,36,501,291,-,10,5,276,157040,95050,4474,1114,1671,1688,90576,55099,4187,5678,11945,1186,6560,5921,61990,941,863,78,744,8,737,343,1426,58536,35,195,4847,53459,53260,726,13123,42,-,-,0,36,1,-,5,-,289,15,1,86,27,9,1,72,77,44,1194,4388,352,-,219,133,43,43,81,6514,31667,1354,330,5646,32,475,3036,1173,63,3684,15876,7744,430,92,1431,1322,2,107,18,-,11,6,0,0,-,-,-,-,-,-,2429,7,1,-,2028,-,393,-,-,-,1934,334,-,1076
203,"ti.00000","0","全国","sanD1A.0188","2","　　78 洗濯・理容・美容・浴場業",310411,926791,4678281,4595346,442,149,48,48,-,1,-,1,-,25,-,2,23,0,-,0,16,58,292,220,-,203,17,2,2,-,70,-,10,5,56,76767,23281,596,87,111,397,22686,13768,210,837,5980,224,641,1026,53486,331,303,28,-,-,-,30,1,53124,-,-,1021,52102,1883,199,855,42,-,-,0,36,1,-,5,-,56,-,-,7,0,5,1,9,34,0,0,692,5,-,20,-,20,-,-,40,310,1,7,-,-,13,60,53,15,36,125,518,-,-,120,32,-,87,18,-,11,6,-,0,-,-,-,-,-,-,7,7,-,-,-,-,-,-,-,-,71,30,-,272
204,"ti.00000","0","全国","sanD1A.0189","3","　　　781 洗濯業",48216,267414,1731162,1697779,59,43,2,2,-,-,-,-,-,6,-,-,6,-,-,-,-,35,16,14,-,14,-,2,2,-,-,-,-,-,-,55043,2919,124,71,-,54,2794,1443,4,76,925,30,162,154,52124,331,303,28,-,-,-,-,-,51793,-,-,24,51769,858,5,504,36,-,-,-,36,-,-,-,-,6,-,-,6,-,-,-,-,-,-,-,453,5,-,-,-,-,-,-,3,76,-,-,-,-,-,-,-,-,-,76,274,-,-,22,22,-,-,0,-,-,-,-,0,-,-,-,-,-,-,7,7,-,-,-,-,-,-,-,-,2,-,-,243
205,"ti.00000","0","全国","sanD1A.0190","4","　　　　78A 普通洗濯業",44209,162652,602642,598147,55,41,-,-,-,-,-,-,-,6,-,-,6,-,-,-,-,35,14,14,-,14,-,-,-,-,-,-,-,-,-,4477,1856,29,20,-,9,1827,888,4,53,696,27,55,105,2621,42,14,28,-,-,-,-,-,2579,-,-,24,2555,409,-,399,36,-,-,-,36,-,-,-,-,6,-,-,6,-,-,-,-,-,-,-,348,5,-,-,-,-,-,-,3,0,-,-,-,-,-,-,-,-,-,0,10,-,-,-,-,-,-,0,-,-,-,-,0,-,-,-,-,-,-,7,7,-,-,-,-,-,-,-,-,0,-,-,2
206,"ti.00000","0","全国","sanD1A.0191","5","　　　　　7811 普通洗濯業",23417,100770,384685,382728,49,35,-,-,-,-,-,-,-,-,-,-,-,-,-,-,-,35,13,13,-,13,-,-,-,-,-,-,-,-,-,1865,688,3,1,-,2,684,336,0,39,254,21,15,19,1177,31,3,28,-,-,-,-,-,1146,-,-,24,1122,26,-,17,-,-,-,-,-,-,-,-,-,6,-,-,6,-,-,-,-,-,-,-,6,5,-,-,-,-,-,-,-,-,-,-,-,-,-,-,-,-,-,-,9,-,-,-,-,-,-,-,-,-,-,-,-,-,-,-,-,-,-,7,7,-,-,-,-,-,-,-,-,-,-,-,2
207,"ti.00000","0","全国","sanD1A.0192","5","　　　　　7812 洗濯物取次業",20172,58584,201281,201013,1,1,-,-,-,-,-,-,-,1,-,-,1,-,-,-,-,-,-,-,-,-,-,-,-,-,-,-,-,-,-,320,46,-,-,-,-,46,17,-,3,20,2,5,-,274,1,1,-,-,-,-,-,-,273,-,-,-,273,0,-,0,-,-,-,-,-,-,-,-,-,0,-,-,0,-,-,-,-,-,-,-,-,-,-,-,-,-,-,-,-,0,-,-,-,-,-,-,-,-,-,0,0,-,-,-,-,-,-,-,-,-,-,-,-,-,-,-,-,-,-,-,-,-,-,-,-,-,-,-,-,0,-,-,-
208,"ti.00000","0","全国","sanD1A.0193","4","　　　　78B リネンサプライ業",4007,104762,1128520,1099632,4,2,2,2,-,-,-,-,-,-,-,-,-,-,-,-,-,-,2,-,-,-,-,2,2,-,-,-,-,-,-,50565,1062,96,51,-,45,967,555,-,23,229,4,107,49,49503,289,289,-,-,-,-,-,-,49214,-,-,-,49214,449,5,104,-,-,-,-,-,-,-,-,-,-,-,-,-,-,-,-,-,-,-,-,104,-,-,-,-,-,-,-,-,76,-,-,-,-,-,-,-,-,-,76,264,-,-,22,22,-,-,-,-,-,-,-,-,-,-,-,-,-,-,-,-,-,-,-,-,-,-,-,-,1,-,-,241
209,"ti.00000","0","全国","sanD1A.0194","5","　　　　　7813 リネンサプライ業",4007,104762,1128520,1099632,4,2,2,2,-,-,-,-,-,-,-,-,-,-,-,-,-,-,2,-,-,-,-,2,2,-,-,-,-,-,-,50565,1062,96,51,-,45,967,555,-,23,229,4,107,49,49503,289,289,-,-,-,-,-,-,49214,-,-,-,49214,449,5,104,-,-,-,-,-,-,-,-,-,-,-,-,-,-,-,-,-,-,-,-,104,-,-,-,-,-,-,-,-,76,-,-,-,-,-,-,-,-,-,76,264,-,-,22,22,-,-,-,-,-,-,-,-,-,-,-,-,-,-,-,-,-,-,-,-,-,-,-,-,1,-,-,241
210,"ti.00000","0","全国","sanD1A.0195","3","　　　782 理容業",92622,179921,483985,482743,56,4,-,-,-,-,-,-,-,-,-,-,-,-,-,-,-,4,52,52,-,35,17,-,-,-,-,-,-,-,-,2570,2553,41,0,5,35,2512,575,20,106,1535,95,146,36,17,-,-,-,-,-,-,0,0,16,-,-,-,16,105,-,58,-,-,-,-,-,-,-,-,-,1,-,-,-,-,-,-,-,1,0,0,41,-,-,-,-,-,-,-,16,1,-,-,-,-,-,0,1,0,-,-,45,-,-,35,2,-,33,-,-,-,-,-,-,-,-,-,-,-,-,-,-,-,-,-,-,-,-,-,-,-,-,-,10
211,"ti.00000","0","全国","sanD1A.0196","5","　　　　　7821 理容業",92622,179921,483985,482743,56,4,-,-,-,-,-,-,-,-,-,-,-,-,-,-,-,4,52,52,-,35,17,-,-,-,-,-,-,-,-,2570,2553,41,0,5,35,2512,575,20,106,1535,95,146,36,17,-,-,-,-,-,-,0,0,16,-,-,-,16,105,-,58,-,-,-,-,-,-,-,-,-,1,-,-,-,-,-,-,-,1,0,0,41,-,-,-,-,-,-,-,16,1,-,-,-,-,-,0,1,0,-,-,45,-,-,35,2,-,33,-,-,-,-,-,-,-,-,-,-,-,-,-,-,-,-,-,-,-,-,-,-,-,-,-,10
212,"ti.00000","0","全国","sanD1A.0197","3","　　　783 美容業",149177,359898,1574475,1556677,250,32,13,13,-,1,-,1,-,18,-,1,17,0,-,0,-,-,218,152,-,152,-,-,-,-,66,-,10,-,56,3986,2927,104,16,10,78,2823,926,161,115,1305,47,139,131,1060,1,1,-,-,-,-,6,-,1053,-,-,977,76,492,169,93,6,-,-,0,-,-,-,5,-,47,-,-,1,0,3,1,9,33,-,0,39,-,-,-,-,-,-,-,2,98,1,7,-,-,13,-,52,15,10,0,131,-,-,9,9,-,0,6,-,-,6,-,-,-,-,-,-,-,-,-,-,-,-,-,-,-,-,-,-,67,30,-,18
213,"ti.00000","0","全国","sanD1A.0198","5","　　　　　7831 美容業",149177,359898,1574475,1556677,250,32,13,13,-,1,-,1,-,18,-,1,17,0,-,0,-,-,218,152,-,152,-,-,-,-,66,-,10,-,56,3986,2927,104,16,10,78,2823,926,161,115,1305,47,139,131,1060,1,1,-,-,-,-,6,-,1053,-,-,977,76,492,169,93,6,-,-,0,-,-,-,5,-,47,-,-,1,0,3,1,9,33,-,0,39,-,-,-,-,-,-,-,2,98,1,7,-,-,13,-,52,15,10,0,131,-,-,9,9,-,0,6,-,-,6,-,-,-,-,-,-,-,-,-,-,-,-,-,-,-,-,-,-,67,30,-,18
214,"ti.00000","0","全国","sanD1A.0199","3","　　　784 一般公衆浴場業",2751,14427,66453,65082,-,-,-,-,-,-,-,-,-,-,-,-,-,-,-,-,-,-,-,-,-,-,-,-,-,-,-,-,-,-,-,2520,2520,78,-,-,78,2442,659,1,83,1510,31,83,76,0,-,-,-,-,-,-,-,-,0,-,-,-,0,43,25,18,-,-,-,-,-,-,-,-,-,2,-,-,-,-,2,-,-,-,-,-,16,-,-,-,-,-,-,-,-,-,-,-,-,-,-,-,-,-,-,-,-,-,-,-,-,-,-,-,-,-,-,-,-,-,-,-,-,-,-,-,-,-,-,-,-,-,-,-,-,-,-,-,-
215,"ti.00000","0","全国","sanD1B.0200","5","　　　　　7841 一般公衆浴場業",2751,14427,66453,65082,-,-,-,-,-,-,-,-,-,-,-,-,-,-,-,-,-,-,-,-,-,-,-,-,-,-,-,-,-,-,-,2520,2520,78,-,-,78,2442,659,1,83,1510,31,83,76,0,-,-,-,-,-,-,-,-,0,-,-,-,0,43,25,18,-,-,-,-,-,-,-,-,-,2,-,-,-,-,2,-,-,-,-,-,16,-,-,-,-,-,-,-,-,-,-,-,-,-,-,-,-,-,-,-,-,-,-,-,-,-,-,-,-,-,-,-,-,-,-,-,-,-,-,-,-,-,-,-,-,-,-,-,-,-,-,-,-
216,"ti.00000","0","全国","sanD1B.0201","3","　　　785 その他の公衆浴場業",2071,43588,316277,308724,0,-,-,-,-,-,-,-,-,-,-,-,-,-,-,-,-,-,0,0,-,0,-,-,-,-,-,-,-,-,-,11109,11009,140,-,96,44,10868,9835,12,403,164,9,33,412,100,0,0,-,-,-,-,1,-,100,-,-,1,99,4,-,-,-,-,-,-,-,-,-,-,-,-,-,-,-,-,-,-,-,-,-,-,-,-,-,-,-,-,-,-,-,4,-,-,-,-,-,-,-,-,-,4,-,-,-,-,-,-,-,-,-,-,-,-,-,-,-,-,-,-,-,-,-,-,-,-,-,-,-,-,-,-,-,-,-
217,"ti.00000","0","全国","sanD1B.0202","5","　　　　　7851 その他の公衆浴場業",2071,43588,316277,308724,0,-,-,-,-,-,-,-,-,-,-,-,-,-,-,-,-,-,0,0,-,0,-,-,-,-,-,-,-,-,-,11109,11009,140,-,96,44,10868,9835,12,403,164,9,33,412,100,0,0,-,-,-,-,1,-,100,-,-,1,99,4,-,-,-,-,-,-,-,-,-,-,-,-,-,-,-,-,-,-,-,-,-,-,-,-,-,-,-,-,-,-,-,4,-,-,-,-,-,-,-,-,-,4,-,-,-,-,-,-,-,-,-,-,-,-,-,-,-,-,-,-,-,-,-,-,-,-,-,-,-,-,-,-,-,-,-
218,"ti.00000","0","全国","sanD1B.0203","3","　　　789 その他の洗濯・理容・美容・浴場業",15574,61543,505929,484341,76,70,33,33,-,-,-,-,-,2,-,1,1,-,-,-,16,19,6,1,-,1,-,-,-,-,5,-,-,5,-,1539,1354,109,-,-,109,1245,330,13,54,540,12,79,217,185,-,-,-,-,-,-,23,1,161,-,-,19,141,381,-,182,1,-,-,-,-,1,-,-,-,0,-,-,-,-,-,-,-,0,-,-,143,-,-,20,-,20,-,-,19,131,-,-,-,-,-,60,0,-,26,45,68,-,-,54,-,-,54,11,-,11,-,-,-,-,-,-,-,-,-,-,-,-,-,-,-,-,-,-,-,2,-,-,1
219,"ti.00000","0","全国","sanD1B.0204","5","　　　　　7891 洗張・染物業",479,1179,5181,5144,-,-,-,-,-,-,-,-,-,-,-,-,-,-,-,-,-,-,-,-,-,-,-,-,-,-,-,-,-,-,-,25,18,-,-,-,-,18,12,-,0,5,-,0,1,7,-,-,-,-,-,-,-,-,7,-,-,0,6,-,-,-,-,-,-,-,-,-,-,-,-,-,-,-,-,-,-,-,-,-,-,-,-,-,-,-,-,-,-,-,-,-,-,-,-,-,-,-,-,-,-,-,-,-,-,-,-,-,-,-,-,-,-,-,-,-,-,-,-,-,-,-,-,-,-,-,-,-,-,-,-,-,-,-,-
220,"ti.00000","0","全国","sanD1B.0205","5","　　　　　7892 エステティック業",5148,20471,229240,218910,16,16,-,-,-,-,-,-,-,-,-,-,-,-,-,-,16,-,1,1,-,1,-,-,-,-,-,-,-,-,-,168,159,-,-,-,-,159,31,-,-,25,-,1,101,9,-,-,-,-,-,-,1,-,8,-,-,-,8,99,-,6,-,-,-,-,-,-,-,-,-,0,-,-,-,-,-,-,-,0,-,-,-,-,-,-,-,-,-,-,6,70,-,-,-,-,-,-,-,-,26,44,23,-,-,23,-,-,23,-,-,-,-,-,-,-,-,-,-,-,-,-,-,-,-,-,-,-,-,-,-,-,-,-,-
221,"ti.00000","0","全国","sanD1B.0206","5","　　　　　7893 リラクゼーション業（手技を用いるもの）",1765,5705,32619,32443,10,10,10,10,-,-,-,-,-,-,-,-,-,-,-,-,-,-,-,-,-,-,-,-,-,-,-,-,-,-,-,37,12,-,-,-,-,12,11,-,-,1,-,0,-,25,-,-,-,-,-,-,-,-,25,-,-,-,25,19,-,7,-,-,-,-,-,-,-,-,-,-,-,-,-,-,-,-,-,-,-,-,7,-,-,-,-,-,-,-,-,0,-,-,-,-,-,-,0,-,-,-,12,-,-,-,-,-,-,11,-,11,-,-,-,-,-,-,-,-,-,-,-,-,-,-,-,-,-,-,-,-,-,-,0
222,"ti.00000","0","全国","sanD1B.0207","5","　　　　　7894 ネイルサービス業",1705,7685,27322,26193,17,17,-,-,-,-,-,-,-,1,-,1,-,-,-,-,-,16,-,-,-,-,-,-,-,-,-,-,-,-,-,4,4,-,-,-,-,4,2,-,1,1,-,-,-,-,-,-,-,-,-,-,-,-,-,-,-,-,-,2,-,2,-,-,-,-,-,-,-,-,-,-,-,-,-,-,-,-,-,-,-,-,2,-,-,-,-,-,-,-,-,-,-,-,-,-,-,-,-,-,-,-,-,-,-,-,-,-,-,-,-,-,-,-,-,-,-,-,-,-,-,-,-,-,-,-,-,-,-,-,-,-,-,-,-
223,"ti.00000","0","全国","sanD1B.0208","5","　　　　　7899 他に分類されない洗濯・理容・美容・浴場業",5823,22900,180714,180346,5,-,-,-,-,-,-,-,-,-,-,-,-,-,-,-,-,-,5,-,-,-,-,-,-,-,5,-,-,5,-,421,360,94,-,-,94,266,60,-,24,97,1,49,36,61,-,-,-,-,-,-,2,1,59,-,-,-,59,62,-,2,1,-,-,-,-,1,-,-,-,-,-,-,-,-,-,-,-,-,-,-,1,-,-,-,-,-,-,-,1,60,-,-,-,-,-,60,-,-,-,-,-,-,-,-,-,-,-,-,-,-,-,-,-,-,-,-,-,-,-,-,-,-,-,-,-,-,-,-,-,-,-,-,-
224,"ti.00000","0","全国","sanD1B.0209","2","　　79 その他の生活関連サービス業",42837,314885,13397904,13326126,1098,780,458,458,-,10,10,-,-,162,65,10,87,18,11,7,104,28,318,73,-,71,2,35,31,4,210,-,-,-,210,21832,16590,615,104,278,233,15975,7688,3296,1257,1357,9,1277,1089,5242,22,22,-,1,1,0,289,95,4835,-,0,3824,1011,12463,5,1317,-,-,-,-,-,-,-,-,-,136,-,-,40,27,4,0,63,1,6,8,71,3,-,163,97,24,43,34,896,8648,1301,304,3214,16,456,49,1107,48,243,1910,2494,-,92,31,11,-,19,-,-,-,-,-,-,-,-,-,-,-,-,-,-,-,-,-,-,-,-,-,-,1737,297,-,336
225,"ti.00000","0","全国","sanD1B.0210","3","　　　791 旅行業",7557,80245,10254649,10235144,896,677,410,410,-,-,-,-,-,157,65,8,84,6,6,-,104,-,219,2,-,-,2,31,31,-,187,-,-,-,187,3223,2945,282,-,157,125,2663,580,162,1085,197,-,473,167,278,-,-,-,1,1,-,255,-,22,-,-,16,6,9625,-,977,-,-,-,-,-,-,-,-,-,49,-,-,22,-,-,-,26,-,5,-,34,-,-,113,51,20,43,3,773,8256,1276,302,3193,16,416,15,1107,19,147,1765,392,-,-,-,-,-,-,-,-,-,-,-,-,-,-,-,-,-,-,-,-,-,-,-,-,-,-,-,-,14,71,-,307
226,"ti.00000","0","全国","sanD1B.0211","5","　　　　　7911 旅行業(旅行業者代理業を除く)",5739,65679,9727490,9715570,638,638,410,410,-,-,-,-,-,118,26,8,84,6,6,-,104,-,-,-,-,-,-,-,-,-,-,-,-,-,-,1156,892,279,-,157,122,614,232,162,20,83,-,42,76,264,-,-,-,1,1,-,241,-,22,-,-,16,6,3664,-,544,-,-,-,-,-,-,-,-,-,48,-,-,21,-,-,-,26,-,5,-,34,-,-,81,35,18,28,-,376,2801,673,151,26,3,295,11,1058,10,12,562,320,-,-,-,-,-,-,-,-,-,-,-,-,-,-,-,-,-,-,-,-,-,-,-,-,-,-,-,-,13,-,-,307
227,"ti.00000","0","全国","sanD1B.0212","5","　　　　　7912 旅行業者代理業",1703,13030,486950,485545,226,39,-,-,-,-,-,-,-,39,39,-,-,-,-,-,-,-,187,-,-,-,-,-,-,-,187,-,-,-,187,307,307,3,-,-,3,304,15,-,26,11,-,252,-,-,-,-,-,-,-,-,-,-,-,-,-,-,-,267,-,31,-,-,-,-,-,-,-,-,-,1,-,-,1,-,-,-,-,-,-,-,-,-,-,30,15,-,14,-,-,236,-,-,-,-,-,-,-,-,5,231,-,-,-,-,-,-,-,-,-,-,-,-,-,-,-,-,-,-,-,-,-,-,-,-,-,-,-,-,-,-,-,-,-
228,"ti.00000","0","全国","sanD1B.0213","3","　　　793 衣服裁縫修理業",5650,17831,47031,46959,-,-,-,-,-,-,-,-,-,-,-,-,-,-,-,-,-,-,-,-,-,-,-,-,-,-,-,-,-,-,-,68,68,-,-,-,-,68,25,-,2,34,-,7,-,0,-,-,-,-,-,-,-,-,0,-,-,-,0,15,-,9,-,-,-,-,-,-,-,-,-,5,-,-,-,-,4,-,-,0,-,-,4,-,-,-,-,-,-,-,-,6,-,-,-,-,-,6,-,-,-,-,-,-,-,-,-,-,-,-,-,-,-,-,-,-,-,-,-,-,-,-,-,-,-,-,-,-,-,-,-,-,-,-,-
229,"ti.00000","0","全国","sanD1B.0214","5","　　　　　7931 衣服裁縫修理業",5650,17831,47031,46959,-,-,-,-,-,-,-,-,-,-,-,-,-,-,-,-,-,-,-,-,-,-,-,-,-,-,-,-,-,-,-,68,68,-,-,-,-,68,25,-,2,34,-,7,-,0,-,-,-,-,-,-,-,-,0,-,-,-,0,15,-,9,-,-,-,-,-,-,-,-,-,5,-,-,-,-,4,-,-,0,-,-,4,-,-,-,-,-,-,-,-,6,-,-,-,-,-,6,-,-,-,-,-,-,-,-,-,-,-,-,-,-,-,-,-,-,-,-,-,-,-,-,-,-,-,-,-,-,-,-,-,-,-,-,-
230,"ti.00000","0","全国","sanD1B.0215","3","　　　794 物品預り業",2314,11380,55679,55444,-,-,-,-,-,-,-,-,-,-,-,-,-,-,-,-,-,-,-,-,-,-,-,-,-,-,-,-,-,-,-,1431,1084,-,-,-,-,1084,147,17,30,66,5,417,403,347,0,0,-,-,-,-,-,67,279,-,-,-,279,7,-,5,-,-,-,-,-,-,-,-,-,-,-,-,-,-,-,-,-,-,-,-,5,-,-,-,-,-,-,-,-,-,-,-,-,-,-,-,-,-,-,-,2,-,-,-,-,-,-,-,-,-,-,-,-,-,-,-,-,-,-,-,-,-,-,-,-,-,-,-,-,2,-,-,-
231,"ti.00000","0","全国","sanD1B.0216","5","　　　　　7941 物品預り業",2314,11380,55679,55444,-,-,-,-,-,-,-,-,-,-,-,-,-,-,-,-,-,-,-,-,-,-,-,-,-,-,-,-,-,-,-,1431,1084,-,-,-,-,1084,147,17,30,66,5,417,403,347,0,0,-,-,-,-,-,67,279,-,-,-,279,7,-,5,-,-,-,-,-,-,-,-,-,-,-,-,-,-,-,-,-,-,-,-,5,-,-,-,-,-,-,-,-,-,-,-,-,-,-,-,-,-,-,-,2,-,-,-,-,-,-,-,-,-,-,-,-,-,-,-,-,-,-,-,-,-,-,-,-,-,-,-,-,2,-,-,-
232,"ti.00000","0","全国","sanD1B.0217","3","　　　795 火葬・墓地管理業",855,5016,64772,61837,-,-,-,-,-,-,-,-,-,-,-,-,-,-,-,-,-,-,-,-,-,-,-,-,-,-,-,-,-,-,-,3016,3015,61,-,56,5,2954,16,2872,8,28,-,14,16,1,-,-,-,-,-,-,-,1,0,-,-,-,0,-,-,-,-,-,-,-,-,-,-,-,-,-,-,-,-,-,-,-,-,-,-,-,-,-,-,-,-,-,-,-,-,-,-,-,-,-,-,-,-,-,-,-,-,-,-,-,-,-,-,-,-,-,-,-,-,-,-,-,-,-,-,-,-,-,-,-,-,-,-,-,-,-,-,-,-
233,"ti.00000","0","全国","sanD1B.0218","5","　　　　　7951 火葬業",215,1139,20012,18382,-,-,-,-,-,-,-,-,-,-,-,-,-,-,-,-,-,-,-,-,-,-,-,-,-,-,-,-,-,-,-,2873,2873,-,-,-,-,2873,-,2872,-,1,-,-,-,-,-,-,-,-,-,-,-,-,-,-,-,-,-,-,-,-,-,-,-,-,-,-,-,-,-,-,-,-,-,-,-,-,-,-,-,-,-,-,-,-,-,-,-,-,-,-,-,-,-,-,-,-,-,-,-,-,-,-,-,-,-,-,-,-,-,-,-,-,-,-,-,-,-,-,-,-,-,-,-,-,-,-,-,-,-,-,-,-,-
234,"ti.00000","0","全国","sanD1B.0219","5","　　　　　7952 墓地管理業",610,3553,41481,40749,-,-,-,-,-,-,-,-,-,-,-,-,-,-,-,-,-,-,-,-,-,-,-,-,-,-,-,-,-,-,-,72,72,1,-,0,0,71,16,-,8,24,-,7,16,-,-,-,-,-,-,-,-,-,-,-,-,-,-,-,-,-,-,-,-,-,-,-,-,-,-,-,-,-,-,-,-,-,-,-,-,-,-,-,-,-,-,-,-,-,-,-,-,-,-,-,-,-,-,-,-,-,-,-,-,-,-,-,-,-,-,-,-,-,-,-,-,-,-,-,-,-,-,-,-,-,-,-,-,-,-,-,-,-,-
235,"ti.00000","0","全国","sanD1B.0220","3","　　　796 冠婚葬祭業",9225,120440,1977226,1950065,40,14,4,4,-,10,10,-,-,-,-,-,-,-,-,-,-,-,26,6,-,6,-,-,-,-,19,-,-,-,19,10178,7358,53,-,-,53,7305,5467,240,103,789,-,298,409,2820,18,18,-,-,-,-,20,10,2771,-,-,2105,666,734,-,154,-,-,-,-,-,-,-,-,-,36,-,-,-,-,-,-,36,-,-,-,2,1,-,-,-,-,-,-,116,80,-,2,21,-,-,-,-,28,18,11,501,-,-,-,-,-,-,-,-,-,-,-,-,-,-,-,-,-,-,-,-,-,-,-,-,-,-,-,-,354,146,-,1
236,"ti.00000","0","全国","sanD1B.0221","4","　　　　79A 葬儀業",7510,69569,1275159,1253852,24,4,4,4,-,-,-,-,-,-,-,-,-,-,-,-,-,-,21,1,-,1,-,-,-,-,19,-,-,-,19,2605,1864,49,-,-,49,1814,1359,17,81,175,-,54,129,741,18,18,-,-,-,-,20,10,693,-,-,30,663,169,-,109,-,-,-,-,-,-,-,-,-,36,-,-,-,-,-,-,36,-,-,-,2,1,-,-,-,-,-,-,71,59,-,-,21,-,-,-,-,28,10,-,1,-,-,-,-,-,-,-,-,-,-,-,-,-,-,-,-,-,-,-,-,-,-,-,-,-,-,-,-,-,-,-,1
237,"ti.00000","0","全国","sanD1B.0222","5","　　　　　7961 葬儀業",7510,69569,1275159,1253852,24,4,4,4,-,-,-,-,-,-,-,-,-,-,-,-,-,-,21,1,-,1,-,-,-,-,19,-,-,-,19,2605,1864,49,-,-,49,1814,1359,17,81,175,-,54,129,741,18,18,-,-,-,-,20,10,693,-,-,30,663,169,-,109,-,-,-,-,-,-,-,-,-,36,-,-,-,-,-,-,36,-,-,-,2,1,-,-,-,-,-,-,71,59,-,-,21,-,-,-,-,28,10,-,1,-,-,-,-,-,-,-,-,-,-,-,-,-,-,-,-,-,-,-,-,-,-,-,-,-,-,-,-,-,-,-,1
238,"ti.00000","0","全国","sanD1B.0223","4","　　　　79B 結婚式場業",1171,42656,574080,570040,15,10,-,-,-,10,10,-,-,-,-,-,-,-,-,-,-,-,5,5,-,5,-,-,-,-,-,-,-,-,-,3395,1367,4,-,-,4,1364,200,223,-,530,-,131,280,2027,-,-,-,-,-,-,-,-,2027,-,-,2024,3,565,-,45,-,-,-,-,-,-,-,-,-,-,-,-,-,-,-,-,-,-,-,-,-,-,-,-,-,-,-,-,45,21,-,2,-,-,-,-,-,-,7,11,500,-,-,-,-,-,-,-,-,-,-,-,-,-,-,-,-,-,-,-,-,-,-,-,-,-,-,-,-,354,146,-,-
239,"ti.00000","0","全国","sanD1B.0224","5","　　　　　7962 結婚式場業",1171,42656,574080,570040,15,10,-,-,-,10,10,-,-,-,-,-,-,-,-,-,-,-,5,5,-,5,-,-,-,-,-,-,-,-,-,3395,1367,4,-,-,4,1364,200,223,-,530,-,131,280,2027,-,-,-,-,-,-,-,-,2027,-,-,2024,3,565,-,45,-,-,-,-,-,-,-,-,-,-,-,-,-,-,-,-,-,-,-,-,-,-,-,-,-,-,-,-,45,21,-,2,-,-,-,-,-,-,7,11,500,-,-,-,-,-,-,-,-,-,-,-,-,-,-,-,-,-,-,-,-,-,-,-,-,-,-,-,-,354,146,-,-
240,"ti.00000","0","全国","sanD1B.0225","4","　　　　79C 冠婚葬祭互助会",544,8215,127987,126174,-,-,-,-,-,-,-,-,-,-,-,-,-,-,-,-,-,-,-,-,-,-,-,-,-,-,-,-,-,-,-,4178,4127,-,-,-,-,4127,3908,-,21,85,-,113,-,51,-,-,-,-,-,-,-,-,51,-,-,51,-,-,-,-,-,-,-,-,-,-,-,-,-,-,-,-,-,-,-,-,-,-,-,-,-,-,-,-,-,-,-,-,-,-,-,-,-,-,-,-,-,-,-,-,-,-,-,-,-,-,-,-,-,-,-,-,-,-,-,-,-,-,-,-,-,-,-,-,-,-,-,-,-,-,-,-,-
241,"ti.00000","0","全国","sanD1B.0226","5","　　　　　7963 冠婚葬祭互助会",544,8215,127987,126174,-,-,-,-,-,-,-,-,-,-,-,-,-,-,-,-,-,-,-,-,-,-,-,-,-,-,-,-,-,-,-,4178,4127,-,-,-,-,4127,3908,-,21,85,-,113,-,51,-,-,-,-,-,-,-,-,51,-,-,51,-,-,-,-,-,-,-,-,-,-,-,-,-,-,-,-,-,-,-,-,-,-,-,-,-,-,-,-,-,-,-,-,-,-,-,-,-,-,-,-,-,-,-,-,-,-,-,-,-,-,-,-,-,-,-,-,-,-,-,-,-,-,-,-,-,-,-,-,-,-,-,-,-,-,-,-,-
242,"ti.00000","0","全国","sanD1B.0227","3","　　　799 他に分類されない生活関連サービス業",17236,79973,998547,976676,163,90,45,45,-,-,-,-,-,5,-,2,3,12,5,7,0,28,73,65,-,65,0,4,-,4,4,-,-,-,4,3916,2119,219,104,65,49,1900,1454,7,30,243,4,68,94,1797,4,4,-,0,-,0,14,16,1763,-,0,1703,60,2083,5,173,-,-,-,-,-,-,-,-,-,47,-,-,18,27,-,0,1,1,1,8,27,2,-,50,46,3,-,32,7,306,25,-,-,-,40,28,-,-,78,135,1599,-,92,31,11,-,19,-,-,-,-,-,-,-,-,-,-,-,-,-,-,-,-,-,-,-,-,-,-,1367,81,-,28
243,"ti.00000","0","全国","sanD1B.0228","4","　　　　79D 写真プリント，現像・焼付業",2972,11352,90163,85378,52,47,34,34,-,-,-,-,-,-,-,-,-,12,5,7,-,1,5,2,-,2,-,-,-,-,3,-,-,-,3,185,181,-,-,-,-,181,56,5,15,94,2,2,7,4,-,-,-,-,-,-,-,-,4,-,-,-,4,1512,-,13,-,-,-,-,-,-,-,-,-,13,-,-,12,-,-,-,-,1,-,-,-,-,-,-,-,-,-,-,-,100,25,-,-,-,40,27,-,-,-,8,1398,-,-,15,-,-,15,-,-,-,-,-,-,-,-,-,-,-,-,-,-,-,-,-,-,-,-,-,-,1302,81,-,-
244,"ti.00000","0","全国","sanD1B.0229","5","　　　　　7993 写真プリント，現像・焼付業",2972,11352,90163,85378,52,47,34,34,-,-,-,-,-,-,-,-,-,12,5,7,-,1,5,2,-,2,-,-,-,-,3,-,-,-,3,185,181,-,-,-,-,181,56,5,15,94,2,2,7,4,-,-,-,-,-,-,-,-,4,-,-,-,4,1512,-,13,-,-,-,-,-,-,-,-,-,13,-,-,12,-,-,-,-,1,-,-,-,-,-,-,-,-,-,-,-,100,25,-,-,-,40,27,-,-,-,8,1398,-,-,15,-,-,15,-,-,-,-,-,-,-,-,-,-,-,-,-,-,-,-,-,-,-,-,-,-,1302,81,-,-
245,"ti.00000","0","全国","sanD1B.0230","4","　　　　79E 他に分類されないその他の生活関連サービス業",14264,68621,908384,891298,111,43,11,11,-,-,-,-,-,5,-,2,3,0,0,-,0,27,68,64,-,63,0,4,-,4,1,-,-,-,1,3731,1938,219,104,65,49,1719,1397,1,15,149,2,67,88,1794,4,4,-,0,-,0,14,16,1760,-,0,1703,56,571,5,160,-,-,-,-,-,-,-,-,-,33,-,-,6,27,-,0,1,-,1,8,27,2,-,50,46,3,-,32,7,206,-,-,-,-,-,1,-,-,78,126,200,-,92,15,11,-,4,-,-,-,-,-,-,-,-,-,-,-,-,-,-,-,-,-,-,-,-,-,-,65,-,-,28
246,"ti.00000","0","全国","sanD1B.0231","5","　　　　　7991 食品賃加工業",410,945,1657,1609,-,-,-,-,-,-,-,-,-,-,-,-,-,-,-,-,-,-,-,-,-,-,-,-,-,-,-,-,-,-,-,1,1,-,-,-,-,1,-,-,1,-,-,-,-,-,-,-,-,-,-,-,-,-,-,-,-,-,-,-,-,-,-,-,-,-,-,-,-,-,-,-,-,-,-,-,-,-,-,-,-,-,-,-,-,-,-,-,-,-,-,-,-,-,-,-,-,-,-,-,-,-,-,-,-,-,-,-,-,-,-,-,-,-,-,-,-,-,-,-,-,-,-,-,-,-,-,-,-,-,-,-,-,-,-
247,"ti.00000","0","全国","sanD1B.0232","5","　　　　　7992 結婚相談業，結婚式場紹介業",663,4394,35883,35844,-,-,-,-,-,-,-,-,-,-,-,-,-,-,-,-,-,-,-,-,-,-,-,-,-,-,-,-,-,-,-,97,86,9,-,-,9,77,77,-,-,-,-,0,-,11,-,-,-,-,-,-,-,-,11,-,-,11,-,33,-,2,-,-,-,-,-,-,-,-,-,-,-,-,-,-,-,-,-,-,-,-,2,-,-,-,-,-,-,-,0,8,-,-,-,-,-,-,-,-,1,7,22,-,-,-,-,-,-,-,-,-,-,-,-,-,-,-,-,-,-,-,-,-,-,-,-,-,-,-,-,22,-,-,-
248,"ti.00000","0","全国","sanD1B.0233","5","　　　　　7999 他に分類されないその他の生活関連サービス業",12768,59763,841513,827454,77,17,10,10,-,-,-,-,-,5,-,2,3,0,0,-,0,1,60,59,-,59,0,1,-,1,1,-,-,-,1,1523,1488,2,-,-,2,1486,1274,1,1,72,2,56,80,35,-,-,-,-,-,-,3,16,16,-,-,-,16,384,5,83,-,-,-,-,-,-,-,-,-,6,-,-,6,-,-,-,-,-,1,8,20,-,-,47,46,0,-,-,1,192,-,-,-,-,-,-,-,-,75,117,104,-,53,9,5,-,4,-,-,-,-,-,-,-,-,-,-,-,-,-,-,-,-,-,-,-,-,-,-,41,-,-,2
249,"ti.00000","0","全国","sanD1B.0234","2","　　80 娯楽業",42780,707023,27477605,27383364,763,109,8,8,-,-,-,-,-,68,-,26,42,-,-,-,4,29,654,143,-,44,99,500,3,497,10,-,-,-,10,58441,55179,3263,923,1282,1058,51915,33643,680,3583,4608,953,4642,3806,3262,587,538,49,743,6,737,24,1330,577,35,195,2,346,38914,521,10951,-,-,-,-,-,-,-,-,-,97,15,1,39,-,-,-,-,43,38,1186,3624,344,-,36,36,-,-,47,5579,22709,52,19,2432,16,5,2927,13,1,3405,13840,4732,430,-,1280,1278,2,1,0,-,-,-,0,-,-,-,-,-,-,-,2421,-,1,-,2028,-,393,-,-,-,126,6,-,468
250,"ti.00000","0","全国","sanD1B.0235","3","　　　801 映画館",484,18766,273772,271244,-,-,-,-,-,-,-,-,-,-,-,-,-,-,-,-,-,-,-,-,-,-,-,-,-,-,-,-,-,-,-,949,948,1,-,-,1,946,619,-,3,193,-,123,9,2,-,-,-,-,-,-,-,-,2,-,2,-,-,189,-,-,-,-,-,-,-,-,-,-,-,-,-,-,-,-,-,-,-,-,-,-,-,-,-,-,-,-,-,-,-,189,-,-,-,-,5,-,-,-,-,183,-,-,-,-,-,-,-,-,-,-,-,-,-,-,-,-,-,-,-,-,-,-,-,-,-,-,-,-,-,-,-,-,-
251,"ti.00000","0","全国","sanD1B.0236","5","　　　　　8011 映画館",484,18766,273772,271244,-,-,-,-,-,-,-,-,-,-,-,-,-,-,-,-,-,-,-,-,-,-,-,-,-,-,-,-,-,-,-,949,948,1,-,-,1,946,619,-,3,193,-,123,9,2,-,-,-,-,-,-,-,-,2,-,2,-,-,189,-,-,-,-,-,-,-,-,-,-,-,-,-,-,-,-,-,-,-,-,-,-,-,-,-,-,-,-,-,-,-,189,-,-,-,-,5,-,-,-,-,183,-,-,-,-,-,-,-,-,-,-,-,-,-,-,-,-,-,-,-,-,-,-,-,-,-,-,-,-,-,-,-,-,-
252,"ti.00000","0","全国","sanD1B.0237","3","　　　802 興行場（別掲を除く），興行団",1966,26692,921887,887897,90,32,-,-,-,-,-,-,-,28,-,24,4,-,-,-,4,-,58,0,-,0,-,58,-,58,-,-,-,-,-,4121,3765,78,-,-,78,3688,1474,202,31,115,3,256,1606,356,-,-,-,-,-,-,-,24,331,18,50,2,262,30181,462,7731,-,-,-,-,-,-,-,-,-,80,-,-,38,-,-,-,-,43,38,1177,909,-,-,36,36,-,-,47,5444,19757,24,16,971,16,-,2606,7,1,2669,13448,2231,-,-,-,-,-,-,0,-,-,-,0,-,-,-,-,-,-,-,2028,-,-,-,2028,-,-,-,-,-,0,0,-,203
253,"ti.00000","0","全国","sanD1B.0238","5","　　　　　8021 劇場",153,2777,132484,132405,-,-,-,-,-,-,-,-,-,-,-,-,-,-,-,-,-,-,-,-,-,-,-,-,-,-,-,-,-,-,-,1384,1382,-,-,-,-,1382,1109,14,-,2,3,240,14,2,-,-,-,-,-,-,-,-,2,2,-,-,-,424,408,-,-,-,-,-,-,-,-,-,-,-,-,-,-,-,-,-,-,-,-,-,-,-,-,-,-,-,-,-,-,16,-,3,-,-,-,-,-,-,13,1,-,-,-,-,-,-,-,-,-,-,-,-,-,-,-,-,-,-,-,-,-,-,-,-,-,-,-,-,-,-,-,-,-
254,"ti.00000","0","全国","sanD1B.0239","5","　　　　　8022 興行場",119,6054,133476,112534,-,-,-,-,-,-,-,-,-,-,-,-,-,-,-,-,-,-,-,-,-,-,-,-,-,-,-,-,-,-,-,98,98,-,-,-,-,98,14,-,29,55,-,-,-,-,-,-,-,-,-,-,-,-,-,-,-,-,-,697,-,7,-,-,-,-,-,-,-,-,-,5,-,-,5,-,-,-,-,-,-,0,2,-,-,-,-,-,-,-,0,690,-,-,-,-,-,685,-,-,-,5,-,-,-,-,-,-,-,-,-,-,-,-,-,-,-,-,-,-,-,-,-,-,-,-,-,-,-,-,-,-,-,-,-
255,"ti.00000","0","全国","sanD1B.0240","5","　　　　　8023 劇団",577,6200,277536,274700,-,-,-,-,-,-,-,-,-,-,-,-,-,-,-,-,-,-,-,-,-,-,-,-,-,-,-,-,-,-,-,363,356,63,-,-,63,293,217,34,-,16,0,13,14,7,-,-,-,-,-,-,-,5,1,0,-,-,1,1069,-,158,-,-,-,-,-,-,-,-,-,4,-,-,-,-,-,-,-,4,-,108,-,-,-,36,36,-,-,-,10,911,-,-,856,-,-,-,-,-,54,-,0,-,-,-,-,-,-,-,-,-,-,-,-,-,-,-,-,-,-,-,-,-,-,-,-,-,-,-,-,0,-,-,-
256,"ti.00000","0","全国","sanD1B.0241","5","　　　　　8024 楽団，舞踊団",140,2299,53282,53205,-,-,-,-,-,-,-,-,-,-,-,-,-,-,-,-,-,-,-,-,-,-,-,-,-,-,-,-,-,-,-,58,52,-,-,-,-,52,44,-,-,8,-,0,-,6,-,-,-,-,-,-,-,-,6,3,0,0,2,12,-,12,-,-,-,-,-,-,-,-,-,5,-,-,5,-,-,-,-,-,2,5,-,-,-,-,-,-,-,-,-,-,-,-,-,-,-,-,-,-,-,-,-,-,-,-,-,-,-,-,-,-,-,-,-,-,-,-,-,-,-,-,-,-,-,-,-,-,-,-,-,-,-,-,-
257,"ti.00000","0","全国","sanD1B.0242","5","　　　　　8025 演芸・スポーツ等興行団",195,3970,231984,224590,-,-,-,-,-,-,-,-,-,-,-,-,-,-,-,-,-,-,-,-,-,-,-,-,-,-,-,-,-,-,-,1457,1455,15,-,-,15,1441,20,-,-,13,-,-,1408,2,-,-,-,-,-,-,-,-,2,-,-,-,2,15070,-,9,-,-,-,-,-,-,-,-,-,-,-,-,-,-,-,-,-,-,4,1,5,-,-,-,-,-,-,-,-,15061,-,4,55,-,-,1921,-,-,126,12955,-,-,-,-,-,-,-,-,-,-,-,-,-,-,-,-,-,-,-,-,-,-,-,-,-,-,-,-,-,-,-,-,-
258,"ti.00000","0","全国","sanD1B.0243","3","　　　803 競輪・競馬等の競走場，競技団",570,13416,2188086,2187912,10,-,-,-,-,-,-,-,-,-,-,-,-,-,-,-,-,-,10,-,-,-,-,-,-,-,10,-,-,-,10,7293,6494,0,0,-,-,6494,5787,53,64,4,-,117,467,799,58,58,-,737,-,737,4,-,-,-,-,-,-,563,-,113,-,-,-,-,-,-,-,-,-,-,-,-,-,-,-,-,-,-,-,-,-,-,-,-,-,-,-,-,113,20,-,-,-,-,-,-,-,-,-,20,430,430,-,-,-,-,-,-,-,-,-,-,-,-,-,-,-,-,-,-,-,-,-,-,-,-,-,-,-,-,-,-,-
259,"ti.00000","0","全国","sanD1B.0244","5","　　　　　8031 競輪場",21,1309,18228,18132,-,-,-,-,-,-,-,-,-,-,-,-,-,-,-,-,-,-,-,-,-,-,-,-,-,-,-,-,-,-,-,696,696,-,-,-,-,696,614,-,53,-,-,29,-,-,-,-,-,-,-,-,-,-,-,-,-,-,-,-,-,-,-,-,-,-,-,-,-,-,-,-,-,-,-,-,-,-,-,-,-,-,-,-,-,-,-,-,-,-,-,-,-,-,-,-,-,-,-,-,-,-,-,-,-,-,-,-,-,-,-,-,-,-,-,-,-,-,-,-,-,-,-,-,-,-,-,-,-,-,-,-,-,-,-
260,"ti.00000","0","全国","sanD1B.0245","5","　　　　　8032 競馬場",16,3930,315272,315272,-,-,-,-,-,-,-,-,-,-,-,-,-,-,-,-,-,-,-,-,-,-,-,-,-,-,-,-,-,-,-,4196,4196,-,-,-,-,4196,4056,53,-,-,-,87,-,-,-,-,-,-,-,-,-,-,-,-,-,-,-,-,-,-,-,-,-,-,-,-,-,-,-,-,-,-,-,-,-,-,-,-,-,-,-,-,-,-,-,-,-,-,-,-,-,-,-,-,-,-,-,-,-,-,-,-,-,-,-,-,-,-,-,-,-,-,-,-,-,-,-,-,-,-,-,-,-,-,-,-,-,-,-,-,-,-,-
261,"ti.00000","0","全国","sanD1B.0246","5","　　　　　8033 自動車・モータボートの競走場",23,890,26325,26324,-,-,-,-,-,-,-,-,-,-,-,-,-,-,-,-,-,-,-,-,-,-,-,-,-,-,-,-,-,-,-,1375,580,-,-,-,-,580,113,-,-,-,-,0,467,795,58,58,-,737,-,737,-,-,-,-,-,-,-,-,-,-,-,-,-,-,-,-,-,-,-,-,-,-,-,-,-,-,-,-,-,-,-,-,-,-,-,-,-,-,-,-,-,-,-,-,-,-,-,-,-,-,-,-,-,-,-,-,-,-,-,-,-,-,-,-,-,-,-,-,-,-,-,-,-,-,-,-,-,-,-,-,-,-,-
262,"ti.00000","0","全国","sanD1B.0247","5","　　　　　8034 競輪競技団",56,2229,37365,37361,-,-,-,-,-,-,-,-,-,-,-,-,-,-,-,-,-,-,-,-,-,-,-,-,-,-,-,-,-,-,-,351,351,-,-,-,-,351,351,-,-,-,-,-,-,-,-,-,-,-,-,-,-,-,-,-,-,-,-,-,-,-,-,-,-,-,-,-,-,-,-,-,-,-,-,-,-,-,-,-,-,-,-,-,-,-,-,-,-,-,-,-,-,-,-,-,-,-,-,-,-,-,-,-,-,-,-,-,-,-,-,-,-,-,-,-,-,-,-,-,-,-,-,-,-,-,-,-,-,-,-,-,-,-,-
263,"ti.00000","0","全国","sanD1B.0248","5","　　　　　8035 競馬競技団",385,4164,1779055,1779055,-,-,-,-,-,-,-,-,-,-,-,-,-,-,-,-,-,-,-,-,-,-,-,-,-,-,-,-,-,-,-,39,35,-,-,-,-,35,28,-,-,4,-,2,-,4,-,-,-,-,-,-,4,-,-,-,-,-,-,-,-,-,-,-,-,-,-,-,-,-,-,-,-,-,-,-,-,-,-,-,-,-,-,-,-,-,-,-,-,-,-,-,-,-,-,-,-,-,-,-,-,-,-,-,-,-,-,-,-,-,-,-,-,-,-,-,-,-,-,-,-,-,-,-,-,-,-,-,-,-,-,-,-,-,-
264,"ti.00000","0","全国","sanD1B.0249","5","　　　　　8036 自動車・モータボートの競技団",13,295,3682,3682,-,-,-,-,-,-,-,-,-,-,-,-,-,-,-,-,-,-,-,-,-,-,-,-,-,-,-,-,-,-,-,-,-,-,-,-,-,-,-,-,-,-,-,-,-,-,-,-,-,-,-,-,-,-,-,-,-,-,-,-,-,-,-,-,-,-,-,-,-,-,-,-,-,-,-,-,-,-,-,-,-,-,-,-,-,-,-,-,-,-,-,-,-,-,-,-,-,-,-,-,-,-,-,-,-,-,-,-,-,-,-,-,-,-,-,-,-,-,-,-,-,-,-,-,-,-,-,-,-,-,-,-,-,-,-
265,"ti.00000","0","全国","sanD1B.0250","3","　　　804 スポーツ施設提供業",12937,262499,1948026,1930035,6,5,-,-,-,-,-,-,-,5,-,1,3,-,-,-,-,-,2,2,-,2,-,0,-,0,-,-,-,-,-,22652,21619,2376,864,1126,386,19244,11865,219,2203,2282,24,1668,983,1032,102,53,49,-,-,-,12,919,0,-,-,-,0,4118,13,393,-,-,-,-,-,-,-,-,-,2,-,1,1,-,-,-,-,-,-,-,301,84,-,-,-,-,-,-,7,2003,28,-,1461,-,-,315,1,-,83,115,1709,-,-,1279,1278,-,1,-,-,-,-,-,-,-,-,-,-,-,-,393,-,-,-,-,-,393,-,-,-,-,-,-,38
266,"ti.00000","0","全国","sanD1B.0251","4","　　　　80A スポーツ施設提供業（別掲を除く）",2366,26745,212691,208708,-,-,-,-,-,-,-,-,-,-,-,-,-,-,-,-,-,-,-,-,-,-,-,-,-,-,-,-,-,-,-,1488,954,10,-,4,6,944,339,8,19,280,-,209,89,534,-,-,-,-,-,-,-,534,0,-,-,-,0,1876,2,77,-,-,-,-,-,-,-,-,-,2,-,1,1,-,-,-,-,-,-,-,75,-,-,-,-,-,-,-,-,536,28,-,-,-,-,312,-,-,83,113,1261,-,-,1246,1246,-,-,-,-,-,-,-,-,-,-,-,-,-,-,-,-,-,-,-,-,-,-,-,-,-,-,-,15
267,"ti.00000","0","全国","sanD1B.0252","5","　　　　　8041 スポーツ施設提供業（別掲を除く）",2366,26745,212691,208708,-,-,-,-,-,-,-,-,-,-,-,-,-,-,-,-,-,-,-,-,-,-,-,-,-,-,-,-,-,-,-,1488,954,10,-,4,6,944,339,8,19,280,-,209,89,534,-,-,-,-,-,-,-,534,0,-,-,-,0,1876,2,77,-,-,-,-,-,-,-,-,-,2,-,1,1,-,-,-,-,-,-,-,75,-,-,-,-,-,-,-,-,536,28,-,-,-,-,312,-,-,83,113,1261,-,-,1246,1246,-,-,-,-,-,-,-,-,-,-,-,-,-,-,-,-,-,-,-,-,-,-,-,-,-,-,-,15
268,"ti.00000","0","全国","sanD1B.0253","4","　　　　80B 体育館",795,9913,63949,63720,-,-,-,-,-,-,-,-,-,-,-,-,-,-,-,-,-,-,-,-,-,-,-,-,-,-,-,-,-,-,-,246,240,-,-,-,-,240,3,-,0,8,-,114,115,6,-,-,-,-,-,-,-,6,-,-,-,-,-,41,7,32,-,-,-,-,-,-,-,-,-,-,-,-,-,-,-,-,-,-,-,-,32,-,-,-,-,-,-,-,-,2,-,-,-,-,-,0,-,-,-,1,-,-,-,-,-,-,-,-,-,-,-,-,-,-,-,-,-,-,-,-,-,-,-,-,-,-,-,-,-,-,-,-,-
269,"ti.00000","0","全国","sanD1B.0254","5","　　　　　8042 体育館",795,9913,63949,63720,-,-,-,-,-,-,-,-,-,-,-,-,-,-,-,-,-,-,-,-,-,-,-,-,-,-,-,-,-,-,-,246,240,-,-,-,-,240,3,-,0,8,-,114,115,6,-,-,-,-,-,-,-,6,-,-,-,-,-,41,7,32,-,-,-,-,-,-,-,-,-,-,-,-,-,-,-,-,-,-,-,-,32,-,-,-,-,-,-,-,-,2,-,-,-,-,-,0,-,-,-,1,-,-,-,-,-,-,-,-,-,-,-,-,-,-,-,-,-,-,-,-,-,-,-,-,-,-,-,-,-,-,-,-,-
270,"ti.00000","0","全国","sanD1B.0255","4","　　　　80C ゴルフ場",2003,101864,785847,781253,-,-,-,-,-,-,-,-,-,-,-,-,-,-,-,-,-,-,-,-,-,-,-,-,-,-,-,-,-,-,-,5078,4826,77,6,7,65,4748,3242,80,617,397,-,33,379,252,-,-,-,-,-,-,-,252,-,-,-,-,-,1568,-,70,-,-,-,-,-,-,-,-,-,-,-,-,-,-,-,-,-,-,-,-,-,70,-,-,-,-,-,-,-,1461,-,-,1461,-,-,-,-,-,-,0,37,-,-,-,-,-,-,-,-,-,-,-,-,-,-,-,-,-,-,14,-,-,-,-,-,14,-,-,-,-,-,-,22
271,"ti.00000","0","全国","sanD1B.0256","5","　　　　　8043 ゴルフ場",2003,101864,785847,781253,-,-,-,-,-,-,-,-,-,-,-,-,-,-,-,-,-,-,-,-,-,-,-,-,-,-,-,-,-,-,-,5078,4826,77,6,7,65,4748,3242,80,617,397,-,33,379,252,-,-,-,-,-,-,-,252,-,-,-,-,-,1568,-,70,-,-,-,-,-,-,-,-,-,-,-,-,-,-,-,-,-,-,-,-,-,70,-,-,-,-,-,-,-,1461,-,-,1461,-,-,-,-,-,-,0,37,-,-,-,-,-,-,-,-,-,-,-,-,-,-,-,-,-,-,14,-,-,-,-,-,14,-,-,-,-,-,-,22
272,"ti.00000","0","全国","sanD1B.0257","4","　　　　80D ゴルフ練習場",2195,25586,166856,162738,5,3,-,-,-,-,-,-,-,3,-,1,2,-,-,-,-,-,2,2,-,2,-,0,-,0,-,-,-,-,-,8132,8059,1965,814,1008,142,6094,3117,1,1041,924,3,732,276,73,8,-,8,-,-,-,-,65,-,-,-,-,-,436,-,21,-,-,-,-,-,-,-,-,-,-,-,-,-,-,-,-,-,-,-,-,0,14,-,-,-,-,-,-,7,3,-,-,-,-,-,3,1,-,-,-,412,-,-,33,32,-,1,-,-,-,-,-,-,-,-,-,-,-,-,378,-,-,-,-,-,378,-,-,-,-,-,-,-
273,"ti.00000","0","全国","sanD1B.0258","5","　　　　　8044 ゴルフ練習場",2195,25586,166856,162738,5,3,-,-,-,-,-,-,-,3,-,1,2,-,-,-,-,-,2,2,-,2,-,0,-,0,-,-,-,-,-,8132,8059,1965,814,1008,142,6094,3117,1,1041,924,3,732,276,73,8,-,8,-,-,-,-,65,-,-,-,-,-,436,-,21,-,-,-,-,-,-,-,-,-,-,-,-,-,-,-,-,-,-,-,-,0,14,-,-,-,-,-,-,7,3,-,-,-,-,-,3,1,-,-,-,412,-,-,33,32,-,1,-,-,-,-,-,-,-,-,-,-,-,-,378,-,-,-,-,-,378,-,-,-,-,-,-,-
274,"ti.00000","0","全国","sanD1B.0259","4","　　　　80E ボウリング場",521,16806,130461,129761,-,-,-,-,-,-,-,-,-,-,-,-,-,-,-,-,-,-,-,-,-,-,-,-,-,-,-,-,-,-,-,1991,1930,165,43,-,122,1765,1167,33,114,163,19,175,94,61,53,53,-,-,-,-,5,3,-,-,-,-,-,190,-,190,-,-,-,-,-,-,-,-,-,-,-,-,-,-,-,-,-,-,-,-,190,-,-,-,-,-,-,-,-,-,-,-,-,-,-,-,-,-,-,-,-,-,-,-,-,-,-,-,-,-,-,-,-,-,-,-,-,-,-,-,-,-,-,-,-,-,-,-,-,-,-,-,-
275,"ti.00000","0","全国","sanD1B.0260","5","　　　　　8045 ボウリング場",521,16806,130461,129761,-,-,-,-,-,-,-,-,-,-,-,-,-,-,-,-,-,-,-,-,-,-,-,-,-,-,-,-,-,-,-,1991,1930,165,43,-,122,1765,1167,33,114,163,19,175,94,61,53,53,-,-,-,-,5,3,-,-,-,-,-,190,-,190,-,-,-,-,-,-,-,-,-,-,-,-,-,-,-,-,-,-,-,-,190,-,-,-,-,-,-,-,-,-,-,-,-,-,-,-,-,-,-,-,-,-,-,-,-,-,-,-,-,-,-,-,-,-,-,-,-,-,-,-,-,-,-,-,-,-,-,-,-,-,-,-,-
276,"ti.00000","0","全国","sanD1B.0261","4","　　　　80F テニス場",422,2494,15544,15375,-,-,-,-,-,-,-,-,-,-,-,-,-,-,-,-,-,-,-,-,-,-,-,-,-,-,-,-,-,-,-,890,851,-,-,-,-,851,307,1,348,168,-,20,8,38,-,-,-,-,-,-,-,38,-,-,-,-,-,-,-,-,-,-,-,-,-,-,-,-,-,-,-,-,-,-,-,-,-,-,-,-,-,-,-,-,-,-,-,-,-,-,-,-,-,-,-,-,-,-,-,-,-,-,-,-,-,-,-,-,-,-,-,-,-,-,-,-,-,-,-,-,-,-,-,-,-,-,-,-,-,-,-,-,-
277,"ti.00000","0","全国","sanD1B.0262","5","　　　　　8046 テニス場",422,2494,15544,15375,-,-,-,-,-,-,-,-,-,-,-,-,-,-,-,-,-,-,-,-,-,-,-,-,-,-,-,-,-,-,-,890,851,-,-,-,-,851,307,1,348,168,-,20,8,38,-,-,-,-,-,-,-,38,-,-,-,-,-,-,-,-,-,-,-,-,-,-,-,-,-,-,-,-,-,-,-,-,-,-,-,-,-,-,-,-,-,-,-,-,-,-,-,-,-,-,-,-,-,-,-,-,-,-,-,-,-,-,-,-,-,-,-,-,-,-,-,-,-,-,-,-,-,-,-,-,-,-,-,-,-,-,-,-,-
278,"ti.00000","0","全国","sanD1B.0263","4","　　　　80G バッティング・テニス練習場",434,2260,11241,11134,-,-,-,-,-,-,-,-,-,-,-,-,-,-,-,-,-,-,-,-,-,-,-,-,-,-,-,-,-,-,-,507,467,28,-,-,28,439,118,96,20,144,2,41,19,40,40,-,40,-,-,-,-,-,-,-,-,-,-,-,-,-,-,-,-,-,-,-,-,-,-,-,-,-,-,-,-,-,-,-,-,-,-,-,-,-,-,-,-,-,-,-,-,-,-,-,-,-,-,-,-,-,-,-,-,-,-,-,-,-,-,-,-,-,-,-,-,-,-,-,-,-,-,-,-,-,-,-,-,-,-,-,-,-,-
279,"ti.00000","0","全国","sanD1B.0264","5","　　　　　8047 バッティング・テニス練習場",434,2260,11241,11134,-,-,-,-,-,-,-,-,-,-,-,-,-,-,-,-,-,-,-,-,-,-,-,-,-,-,-,-,-,-,-,507,467,28,-,-,28,439,118,96,20,144,2,41,19,40,40,-,40,-,-,-,-,-,-,-,-,-,-,-,-,-,-,-,-,-,-,-,-,-,-,-,-,-,-,-,-,-,-,-,-,-,-,-,-,-,-,-,-,-,-,-,-,-,-,-,-,-,-,-,-,-,-,-,-,-,-,-,-,-,-,-,-,-,-,-,-,-,-,-,-,-,-,-,-,-,-,-,-,-,-,-,-,-,-
280,"ti.00000","0","全国","sanD1B.0265","4","　　　　80H フィットネスクラブ",4201,76831,561437,557346,1,1,-,-,-,-,-,-,-,1,-,-,1,-,-,-,-,-,-,-,-,-,-,-,-,-,-,-,-,-,-,4320,4293,130,-,107,23,4163,3572,-,43,198,1,345,4,27,-,-,-,-,-,-,7,20,-,-,-,-,-,7,5,3,-,-,-,-,-,-,-,-,-,-,-,-,-,-,-,-,-,-,-,-,3,-,-,-,-,-,-,-,-,-,-,-,-,-,-,-,-,-,-,-,-,-,-,-,-,-,-,-,-,-,-,-,-,-,-,-,-,-,-,-,-,-,-,-,-,-,-,-,-,-,-,-,-
281,"ti.00000","0","全国","sanD1B.0266","5","　　　　　8048 フィットネスクラブ",4201,76831,561437,557346,1,1,-,-,-,-,-,-,-,1,-,-,1,-,-,-,-,-,-,-,-,-,-,-,-,-,-,-,-,-,-,4320,4293,130,-,107,23,4163,3572,-,43,198,1,345,4,27,-,-,-,-,-,-,7,20,-,-,-,-,-,7,5,3,-,-,-,-,-,-,-,-,-,-,-,-,-,-,-,-,-,-,-,-,3,-,-,-,-,-,-,-,-,-,-,-,-,-,-,-,-,-,-,-,-,-,-,-,-,-,-,-,-,-,-,-,-,-,-,-,-,-,-,-,-,-,-,-,-,-,-,-,-,-,-,-,-
282,"ti.00000","0","全国","sanD1B.0267","3","　　　805 公園，遊園地",1423,63117,809744,794869,-,-,-,-,-,-,-,-,-,-,-,-,-,-,-,-,-,-,-,-,-,-,-,-,-,-,-,-,-,-,-,3927,3686,8,-,-,8,3678,1072,8,259,69,133,2132,6,241,154,154,-,-,-,-,-,30,57,-,-,-,57,1855,47,1621,-,-,-,-,-,-,-,-,-,-,-,-,-,-,-,-,-,-,-,-,1621,-,-,-,-,-,-,-,-,15,-,-,-,-,-,6,-,-,-,8,173,-,-,2,-,2,-,-,-,-,-,-,-,-,-,-,-,-,-,1,-,1,-,-,-,-,-,-,-,126,-,-,45
283,"ti.00000","0","全国","sanD1B.0268","5","　　　　　8051 公園",609,10485,77368,76075,-,-,-,-,-,-,-,-,-,-,-,-,-,-,-,-,-,-,-,-,-,-,-,-,-,-,-,-,-,-,-,1734,1708,8,-,-,8,1700,14,5,162,-,-,1514,6,26,-,-,-,-,-,-,-,26,-,-,-,-,-,100,47,-,-,-,-,-,-,-,-,-,-,-,-,-,-,-,-,-,-,-,-,-,-,-,-,-,-,-,-,-,-,8,-,-,-,-,-,-,-,-,-,8,46,-,-,-,-,-,-,-,-,-,-,-,-,-,-,-,-,-,-,1,-,1,-,-,-,-,-,-,-,-,-,-,45
284,"ti.00000","0","全国","sanD1B.0269","5","　　　　　8052 遊園地（テーマパークを除く）",140,8283,77303,76534,-,-,-,-,-,-,-,-,-,-,-,-,-,-,-,-,-,-,-,-,-,-,-,-,-,-,-,-,-,-,-,337,337,-,-,-,-,337,36,2,88,-,-,211,-,-,-,-,-,-,-,-,-,-,-,-,-,-,-,-,-,-,-,-,-,-,-,-,-,-,-,-,-,-,-,-,-,-,-,-,-,-,-,-,-,-,-,-,-,-,-,-,-,-,-,-,-,-,-,-,-,-,-,-,-,-,-,-,-,-,-,-,-,-,-,-,-,-,-,-,-,-,-,-,-,-,-,-,-,-,-,-,-,-,-
285,"ti.00000","0","全国","sanD1B.0270","5","　　　　　8053 テーマパーク",129,34582,591265,582437,-,-,-,-,-,-,-,-,-,-,-,-,-,-,-,-,-,-,-,-,-,-,-,-,-,-,-,-,-,-,-,1048,1005,-,-,-,-,1005,550,-,-,41,133,281,-,43,-,-,-,-,-,-,-,-,43,-,-,-,43,1616,-,1490,-,-,-,-,-,-,-,-,-,-,-,-,-,-,-,-,-,-,-,-,1490,-,-,-,-,-,-,-,-,-,-,-,-,-,-,-,-,-,-,-,126,-,-,-,-,-,-,-,-,-,-,-,-,-,-,-,-,-,-,-,-,-,-,-,-,-,-,-,-,126,-,-,-
286,"ti.00000","0","全国","sanD1B.0271","3","　　　806 遊戯場",14693,222389,19777633,19772622,443,-,-,-,-,-,-,-,-,-,-,-,-,-,-,-,-,-,443,-,-,-,-,443,3,440,-,-,-,-,-,14801,14500,484,59,-,426,14015,10109,61,796,1683,793,240,335,302,259,259,-,6,6,-,6,6,24,-,16,-,9,1048,-,1032,-,-,-,-,-,-,-,-,-,-,-,-,-,-,-,-,-,-,0,3,768,260,-,-,-,-,-,-,-,16,-,-,-,-,-,-,5,-,-,11,-,-,-,-,-,-,-,-,-,-,-,-,-,-,-,-,-,-,-,-,-,-,-,-,-,-,-,-,-,-,-,-,-
287,"ti.00000","0","全国","sanD1B.0272","4","　　　　80J マージャンクラブ",2901,8668,27309,27113,-,-,-,-,-,-,-,-,-,-,-,-,-,-,-,-,-,-,-,-,-,-,-,-,-,-,-,-,-,-,-,334,319,6,-,-,6,313,113,2,31,128,5,18,18,15,-,-,-,-,-,-,-,6,9,-,-,-,9,34,-,29,-,-,-,-,-,-,-,-,-,-,-,-,-,-,-,-,-,-,-,-,29,-,-,-,-,-,-,-,-,5,-,-,-,-,-,-,5,-,-,-,-,-,-,-,-,-,-,-,-,-,-,-,-,-,-,-,-,-,-,-,-,-,-,-,-,-,-,-,-,-,-,-,-
288,"ti.00000","0","全国","sanD1B.0273","5","　　　　　8063 マージャンクラブ",2901,8668,27309,27113,-,-,-,-,-,-,-,-,-,-,-,-,-,-,-,-,-,-,-,-,-,-,-,-,-,-,-,-,-,-,-,334,319,6,-,-,6,313,113,2,31,128,5,18,18,15,-,-,-,-,-,-,-,6,9,-,-,-,9,34,-,29,-,-,-,-,-,-,-,-,-,-,-,-,-,-,-,-,-,-,-,-,29,-,-,-,-,-,-,-,-,5,-,-,-,-,-,-,5,-,-,-,-,-,-,-,-,-,-,-,-,-,-,-,-,-,-,-,-,-,-,-,-,-,-,-,-,-,-,-,-,-,-,-,-
289,"ti.00000","0","全国","sanD1B.0274","4","　　　　80K パチンコホール",8358,183694,19316000,19311446,3,-,-,-,-,-,-,-,-,-,-,-,-,-,-,-,-,-,3,-,-,-,-,3,3,-,-,-,-,-,-,12787,12769,415,-,-,415,12354,8800,33,744,1521,779,182,295,19,7,7,-,6,6,-,6,-,-,-,-,-,-,1008,-,997,-,-,-,-,-,-,-,-,-,-,-,-,-,-,-,-,-,-,-,-,737,260,-,-,-,-,-,-,-,11,-,-,-,-,-,-,-,-,-,11,-,-,-,-,-,-,-,-,-,-,-,-,-,-,-,-,-,-,-,-,-,-,-,-,-,-,-,-,-,-,-,-,-
290,"ti.00000","0","全国","sanD1B.0275","5","　　　　　8064 パチンコホール",8358,183694,19316000,19311446,3,-,-,-,-,-,-,-,-,-,-,-,-,-,-,-,-,-,3,-,-,-,-,3,3,-,-,-,-,-,-,12787,12769,415,-,-,415,12354,8800,33,744,1521,779,182,295,19,7,7,-,6,6,-,6,-,-,-,-,-,-,1008,-,997,-,-,-,-,-,-,-,-,-,-,-,-,-,-,-,-,-,-,-,-,737,260,-,-,-,-,-,-,-,11,-,-,-,-,-,-,-,-,-,11,-,-,-,-,-,-,-,-,-,-,-,-,-,-,-,-,-,-,-,-,-,-,-,-,-,-,-,-,-,-,-,-,-
291,"ti.00000","0","全国","sanD1B.0276","4","　　　　80L ゲームセンター",2415,26739,405300,405097,440,-,-,-,-,-,-,-,-,-,-,-,-,-,-,-,-,-,440,-,-,-,-,440,-,440,-,-,-,-,-,1476,1236,64,59,-,5,1173,1080,9,21,23,-,40,-,239,224,224,-,-,-,-,-,-,16,-,16,-,-,3,-,3,-,-,-,-,-,-,-,-,-,-,-,-,-,-,-,-,-,-,-,3,-,-,-,-,-,-,-,-,-,-,-,-,-,-,-,-,-,-,-,-,-,-,-,-,-,-,-,-,-,-,-,-,-,-,-,-,-,-,-,-,-,-,-,-,-,-,-,-,-,-,-,-,-
292,"ti.00000","0","全国","sanD1B.0277","5","　　　　　8065 ゲームセンター",2415,26739,405300,405097,440,-,-,-,-,-,-,-,-,-,-,-,-,-,-,-,-,-,440,-,-,-,-,440,-,440,-,-,-,-,-,1476,1236,64,59,-,5,1173,1080,9,21,23,-,40,-,239,224,224,-,-,-,-,-,-,16,-,16,-,-,3,-,3,-,-,-,-,-,-,-,-,-,-,-,-,-,-,-,-,-,-,-,3,-,-,-,-,-,-,-,-,-,-,-,-,-,-,-,-,-,-,-,-,-,-,-,-,-,-,-,-,-,-,-,-,-,-,-,-,-,-,-,-,-,-,-,-,-,-,-,-,-,-,-,-,-
293,"ti.00000","0","全国","sanD1B.0278","4","　　　　80M その他の遊戯場",1019,3288,29024,28967,-,-,-,-,-,-,-,-,-,-,-,-,-,-,-,-,-,-,-,-,-,-,-,-,-,-,-,-,-,-,-,204,175,-,-,-,-,175,115,17,-,11,9,-,22,29,29,29,-,-,-,-,-,0,-,-,-,-,-,2,-,2,-,-,-,-,-,-,-,-,-,-,-,-,-,-,-,-,-,-,0,-,2,-,-,-,-,-,-,-,-,-,-,-,-,-,-,-,-,-,-,-,-,-,-,-,-,-,-,-,-,-,-,-,-,-,-,-,-,-,-,-,-,-,-,-,-,-,-,-,-,-,-,-,-
294,"ti.00000","0","全国","sanD1B.0279","5","　　　　　8061 ビリヤード場",268,1016,6284,6249,-,-,-,-,-,-,-,-,-,-,-,-,-,-,-,-,-,-,-,-,-,-,-,-,-,-,-,-,-,-,-,50,50,-,-,-,-,50,40,-,-,10,-,-,-,-,-,-,-,-,-,-,-,-,-,-,-,-,-,-,-,-,-,-,-,-,-,-,-,-,-,-,-,-,-,-,-,-,-,-,-,-,-,-,-,-,-,-,-,-,-,-,-,-,-,-,-,-,-,-,-,-,-,-,-,-,-,-,-,-,-,-,-,-,-,-,-,-,-,-,-,-,-,-,-,-,-,-,-,-,-,-,-,-,-
295,"ti.00000","0","全国","sanD1B.0280","5","　　　　　8062 囲碁・将棋所",401,768,1247,1246,-,-,-,-,-,-,-,-,-,-,-,-,-,-,-,-,-,-,-,-,-,-,-,-,-,-,-,-,-,-,-,1,1,-,-,-,-,1,-,-,-,1,-,-,-,0,-,-,-,-,-,-,-,0,-,-,-,-,-,2,-,2,-,-,-,-,-,-,-,-,-,-,-,-,-,-,-,-,-,-,0,-,2,-,-,-,-,-,-,-,-,-,-,-,-,-,-,-,-,-,-,-,-,-,-,-,-,-,-,-,-,-,-,-,-,-,-,-,-,-,-,-,-,-,-,-,-,-,-,-,-,-,-,-,-
296,"ti.00000","0","全国","sanD1B.0281","5","　　　　　8069 その他の遊戯場",81,558,18201,18196,-,-,-,-,-,-,-,-,-,-,-,-,-,-,-,-,-,-,-,-,-,-,-,-,-,-,-,-,-,-,-,96,96,-,-,-,-,96,74,17,-,-,-,-,5,-,-,-,-,-,-,-,-,-,-,-,-,-,-,-,-,-,-,-,-,-,-,-,-,-,-,-,-,-,-,-,-,-,-,-,-,-,-,-,-,-,-,-,-,-,-,-,-,-,-,-,-,-,-,-,-,-,-,-,-,-,-,-,-,-,-,-,-,-,-,-,-,-,-,-,-,-,-,-,-,-,-,-,-,-,-,-,-,-,-
297,"ti.00000","0","全国","sanD1B.0282","3","　　　809 その他の娯楽業",10707,100144,1558457,1538785,214,73,8,8,-,-,-,-,-,36,-,-,36,-,-,-,-,29,142,141,-,42,99,-,-,-,1,-,-,-,1,4697,4167,316,1,156,159,3851,2717,137,227,261,1,107,400,530,14,13,1,-,-,-,3,350,163,18,127,-,18,960,-,61,-,-,-,-,-,-,-,-,-,15,15,-,0,-,-,-,-,-,-,5,26,-,-,-,-,-,-,-,15,710,-,3,-,-,-,-,-,-,652,55,189,-,-,-,-,-,-,-,-,-,-,-,-,-,-,-,-,-,-,-,-,-,-,-,-,-,-,-,-,-,6,-,183
298,"ti.00000","0","全国","sanD1B.0283","4","　　　　80N カラオケボックス業",4988,52345,283344,282738,5,5,-,-,-,-,-,-,-,-,-,-,-,-,-,-,-,5,-,-,-,-,-,-,-,-,-,-,-,-,-,402,355,90,1,-,89,266,198,8,-,51,1,5,2,46,1,1,-,-,-,-,-,3,43,-,42,-,1,-,-,-,-,-,-,-,-,-,-,-,-,-,-,-,-,-,-,-,-,-,-,-,-,-,-,-,-,-,-,-,-,-,-,-,-,-,-,-,-,-,-,-,-,-,-,-,-,-,-,-,-,-,-,-,-,-,-,-,-,-,-,-,-,-,-,-,-,-,-,-,-,-,-,-,-
299,"ti.00000","0","全国","sanD1B.0284","5","　　　　　8095 カラオケボックス業",4988,52345,283344,282738,5,5,-,-,-,-,-,-,-,-,-,-,-,-,-,-,-,5,-,-,-,-,-,-,-,-,-,-,-,-,-,402,355,90,1,-,89,266,198,8,-,51,1,5,2,46,1,1,-,-,-,-,-,3,43,-,42,-,1,-,-,-,-,-,-,-,-,-,-,-,-,-,-,-,-,-,-,-,-,-,-,-,-,-,-,-,-,-,-,-,-,-,-,-,-,-,-,-,-,-,-,-,-,-,-,-,-,-,-,-,-,-,-,-,-,-,-,-,-,-,-,-,-,-,-,-,-,-,-,-,-,-,-,-,-
300,"ti.00000","0","全国","sanD1B.0285","4","　　　　80P 他に分類されない娯楽業",5719,47799,1275112,1256047,209,68,8,8,-,-,-,-,-,36,-,-,36,-,-,-,-,24,142,141,-,42,99,-,-,-,1,-,-,-,1,4295,3812,226,-,156,70,3585,2519,129,227,210,-,102,398,483,13,13,1,-,-,-,3,347,120,18,85,-,17,960,-,61,-,-,-,-,-,-,-,-,-,15,15,-,0,-,-,-,-,-,-,5,26,-,-,-,-,-,-,-,15,710,-,3,-,-,-,-,-,-,652,55,189,-,-,-,-,-,-,-,-,-,-,-,-,-,-,-,-,-,-,-,-,-,-,-,-,-,-,-,-,-,6,-,183
301,"ti.00000","0","全国","sanD1B.0286","5","　　　　　8091 ダンスホール",91,322,978,931,-,-,-,-,-,-,-,-,-,-,-,-,-,-,-,-,-,-,-,-,-,-,-,-,-,-,-,-,-,-,-,-,-,-,-,-,-,-,-,-,-,-,-,-,-,-,-,-,-,-,-,-,-,-,-,-,-,-,-,-,-,-,-,-,-,-,-,-,-,-,-,-,-,-,-,-,-,-,-,-,-,-,-,-,-,-,-,-,-,-,-,-,-,-,-,-,-,-,-,-,-,-,-,-,-,-,-,-,-,-,-,-,-,-,-,-,-,-,-,-,-,-,-,-,-,-,-,-,-,-,-,-,-,-,-
302,"ti.00000","0","全国","sanD1B.0287","5","　　　　　8092 マリーナ業",173,783,10378,9841,-,-,-,-,-,-,-,-,-,-,-,-,-,-,-,-,-,-,-,-,-,-,-,-,-,-,-,-,-,-,-,471,385,143,-,140,3,242,86,-,73,-,-,50,34,86,1,1,-,-,-,-,-,86,-,-,-,-,-,-,-,-,-,-,-,-,-,-,-,-,-,-,-,-,-,-,-,-,-,-,-,-,-,-,-,-,-,-,-,-,-,-,-,-,-,-,-,-,-,-,-,-,-,-,-,-,-,-,-,-,-,-,-,-,-,-,-,-,-,-,-,-,-,-,-,-,-,-,-,-,-,-,-,-,-
303,"ti.00000","0","全国","sanD1B.0288","5","　　　　　8093 遊漁船業",941,2688,14857,14576,1,-,-,-,-,-,-,-,-,-,-,-,-,-,-,-,-,-,1,-,-,-,-,-,-,-,1,-,-,-,1,35,15,-,-,-,-,15,1,-,10,2,-,2,-,19,-,-,-,-,-,-,3,17,-,-,-,-,-,-,-,-,-,-,-,-,-,-,-,-,-,-,-,-,-,-,-,-,-,-,-,-,-,-,-,-,-,-,-,-,-,-,-,-,-,-,-,-,-,-,-,-,-,-,-,-,-,-,-,-,-,-,-,-,-,-,-,-,-,-,-,-,-,-,-,-,-,-,-,-,-,-,-,-,-
304,"ti.00000","0","全国","sanD1B.0289","5","　　　　　8094 芸ぎ業",114,281,660,660,-,-,-,-,-,-,-,-,-,-,-,-,-,-,-,-,-,-,-,-,-,-,-,-,-,-,-,-,-,-,-,4,4,-,-,-,-,4,-,-,-,4,-,-,-,-,-,-,-,-,-,-,-,-,-,-,-,-,-,-,-,-,-,-,-,-,-,-,-,-,-,-,-,-,-,-,-,-,-,-,-,-,-,-,-,-,-,-,-,-,-,-,-,-,-,-,-,-,-,-,-,-,-,-,-,-,-,-,-,-,-,-,-,-,-,-,-,-,-,-,-,-,-,-,-,-,-,-,-,-,-,-,-,-,-
305,"ti.00000","0","全国","sanD1B.0290","5","　　　　　8096 娯楽に附帯するサービス業",284,5013,765312,764535,6,6,6,6,-,-,-,-,-,-,-,-,-,-,-,-,-,-,-,-,-,-,-,-,-,-,-,-,-,-,-,182,152,12,-,-,12,140,30,-,1,8,-,0,100,30,1,-,1,-,-,-,-,3,26,16,-,-,10,333,-,21,-,-,-,-,-,-,-,-,-,-,-,-,-,-,-,-,-,-,-,-,21,-,-,-,-,-,-,-,-,311,-,-,-,-,-,-,-,-,311,-,-,-,-,-,-,-,-,-,-,-,-,-,-,-,-,-,-,-,-,-,-,-,-,-,-,-,-,-,-,-,-,-,-
306,"ti.00000","0","全国","sanD1B.0291","5","　　　　　8099 他に分類されない娯楽業",3748,34740,406426,405702,105,36,-,-,-,-,-,-,-,36,-,-,36,-,-,-,-,-,70,70,-,-,70,-,-,-,-,-,-,-,-,398,232,0,-,-,0,231,119,-,26,71,-,16,-,167,10,10,-,-,-,-,-,72,84,-,84,-,-,29,-,19,-,-,-,-,-,-,-,-,-,15,15,-,0,-,-,-,-,-,-,-,4,-,-,-,-,-,-,-,-,7,-,-,-,-,-,-,-,-,7,-,3,-,-,-,-,-,-,-,-,-,-,-,-,-,-,-,-,-,-,-,-,-,-,-,-,-,-,-,-,-,-,-,3
307,"ti.00000","0","全国","sanD1B.0292","0","O 教育，学習支援業 (注3)",119777,625718,3419419,3367854,5327,2378,773,761,12,56,48,2,7,357,18,235,103,32,22,11,79,1081,2949,85,8,11,65,2755,2716,39,109,-,-,1,109,15559,15086,876,355,265,256,14210,7138,411,1069,2796,324,1661,811,473,34,33,2,12,3,9,27,124,276,48,5,9,214,25406,18507,4279,84,12,1,0,-,4,-,44,23,427,-,3,30,11,30,8,130,215,4,376,1964,505,-,479,356,120,4,6,435,827,4,4,10,3,-,4,38,5,434,323,1793,-,0,103,31,56,16,6,3,-,1,-,3,6,5,-,-,-,-,-,-,-,-,-,-,-,-,-,-,50,150,-,1474
308,"ti.00000","0","全国","sanD1B.0293","1","　O2 教育，学習支援業（その他の教育，学習支援業）",119777,625718,3419419,3367854,5327,2378,773,761,12,56,48,2,7,357,18,235,103,32,22,11,79,1081,2949,85,8,11,65,2755,2716,39,109,-,-,1,109,15559,15086,876,355,265,256,14210,7138,411,1069,2796,324,1661,811,473,34,33,2,12,3,9,27,124,276,48,5,9,214,25406,18507,4279,84,12,1,0,-,4,-,44,23,427,-,3,30,11,30,8,130,215,4,376,1964,505,-,479,356,120,4,6,435,827,4,4,10,3,-,4,38,5,434,323,1793,-,0,103,31,56,16,6,3,-,1,-,3,6,5,-,-,-,-,-,-,-,-,-,-,-,-,-,-,50,150,-,1474
309,"ti.00000","0","全国","sanD1B.0294","2","　　82 その他の教育，学習支援業",119777,625718,3419419,3367854,5327,2378,773,761,12,56,48,2,7,357,18,235,103,32,22,11,79,1081,2949,85,8,11,65,2755,2716,39,109,-,-,1,109,15559,15086,876,355,265,256,14210,7138,411,1069,2796,324,1661,811,473,34,33,2,12,3,9,27,124,276,48,5,9,214,25406,18507,4279,84,12,1,0,-,4,-,44,23,427,-,3,30,11,30,8,130,215,4,376,1964,505,-,479,356,120,4,6,435,827,4,4,10,3,-,4,38,5,434,323,1793,-,0,103,31,56,16,6,3,-,1,-,3,6,5,-,-,-,-,-,-,-,-,-,-,-,-,-,-,50,150,-,1474
310,"ti.00000","0","全国","sanD1B.0295","3","　　　821 社会教育",3459,41548,369877,352830,512,461,220,215,5,-,-,-,-,231,-,209,22,3,-,3,-,8,51,4,-,-,4,46,46,-,-,-,-,-,-,5225,5053,37,-,34,2,5017,2823,125,450,153,9,1090,366,171,18,18,-,3,1,2,10,8,132,-,0,1,132,17761,16867,510,-,-,-,-,-,-,-,-,-,2,-,-,-,-,-,-,-,2,0,11,12,473,-,-,-,-,-,-,12,253,0,2,-,3,-,-,1,-,232,15,131,-,-,-,-,-,-,-,-,-,-,-,-,-,-,-,-,-,-,-,-,-,-,-,-,-,-,-,-,-,89,-,42
311,"ti.00000","0","全国","sanD1B.0296","4","　　　　82A 公民館",781,4326,17538,17417,-,-,-,-,-,-,-,-,-,-,-,-,-,-,-,-,-,-,-,-,-,-,-,-,-,-,-,-,-,-,-,91,91,-,-,-,-,91,1,5,3,1,-,1,79,-,-,-,-,-,-,-,-,-,-,-,-,-,-,-,-,-,-,-,-,-,-,-,-,-,-,-,-,-,-,-,-,-,-,-,-,-,-,-,-,-,-,-,-,-,-,-,-,-,-,-,-,-,-,-,-,-,-,-,-,-,-,-,-,-,-,-,-,-,-,-,-,-,-,-,-,-,-,-,-,-,-,-,-,-,-,-,-,-,-
312,"ti.00000","0","全国","sanD1B.0297","5","　　　　　8211 公民館",781,4326,17538,17417,-,-,-,-,-,-,-,-,-,-,-,-,-,-,-,-,-,-,-,-,-,-,-,-,-,-,-,-,-,-,-,91,91,-,-,-,-,91,1,5,3,1,-,1,79,-,-,-,-,-,-,-,-,-,-,-,-,-,-,-,-,-,-,-,-,-,-,-,-,-,-,-,-,-,-,-,-,-,-,-,-,-,-,-,-,-,-,-,-,-,-,-,-,-,-,-,-,-,-,-,-,-,-,-,-,-,-,-,-,-,-,-,-,-,-,-,-,-,-,-,-,-,-,-,-,-,-,-,-,-,-,-,-,-,-
313,"ti.00000","0","全国","sanD1B.0298","4","　　　　82B 図書館",358,5846,24559,24445,8,8,-,-,-,-,-,-,-,-,-,-,-,-,-,-,-,8,-,-,-,-,-,-,-,-,-,-,-,-,-,92,89,-,-,-,-,89,14,-,-,-,-,-,75,2,-,-,-,-,-,-,-,2,-,-,-,-,-,376,376,0,-,-,-,-,-,-,-,-,-,-,-,-,-,-,-,-,-,-,0,-,-,-,-,-,-,-,-,-,-,-,-,-,-,-,-,-,-,-,-,-,-,-,-,-,-,-,-,-,-,-,-,-,-,-,-,-,-,-,-,-,-,-,-,-,-,-,-,-,-,-,-,-,-
314,"ti.00000","0","全国","sanD1B.0299","5","　　　　　8212 図書館",358,5846,24559,24445,8,8,-,-,-,-,-,-,-,-,-,-,-,-,-,-,-,8,-,-,-,-,-,-,-,-,-,-,-,-,-,92,89,-,-,-,-,89,14,-,-,-,-,-,75,2,-,-,-,-,-,-,-,2,-,-,-,-,-,376,376,0,-,-,-,-,-,-,-,-,-,-,-,-,-,-,-,-,-,-,0,-,-,-,-,-,-,-,-,-,-,-,-,-,-,-,-,-,-,-,-,-,-,-,-,-,-,-,-,-,-,-,-,-,-,-,-,-,-,-,-,-,-,-,-,-,-,-,-,-,-,-,-,-,-
315,"ti.00000","0","全国","sanD1B.0300","4","　　　　82C 博物館，美術館",1612,15569,153695,146096,388,342,156,156,-,-,-,-,-,183,-,180,3,3,-,3,-,-,46,-,-,-,-,46,46,-,-,-,-,-,-,2479,2435,34,-,34,-,2401,1458,15,447,61,9,243,168,44,15,15,-,-,-,-,-,4,26,-,0,0,25,16528,15742,499,-,-,-,-,-,-,-,-,-,2,-,-,-,-,-,-,-,2,-,11,-,473,-,-,-,-,-,-,12,248,-,2,-,-,-,-,-,-,230,15,40,-,-,-,-,-,-,-,-,-,-,-,-,-,-,-,-,-,-,-,-,-,-,-,-,-,-,-,-,-,-,-,40
316,"ti.00000","0","全国","sanD1B.0301","5","　　　　　8213 博物館，美術館",1612,15569,153695,146096,388,342,156,156,-,-,-,-,-,183,-,180,3,3,-,3,-,-,46,-,-,-,-,46,46,-,-,-,-,-,-,2479,2435,34,-,34,-,2401,1458,15,447,61,9,243,168,44,15,15,-,-,-,-,-,4,26,-,0,0,25,16528,15742,499,-,-,-,-,-,-,-,-,-,2,-,-,-,-,-,-,-,2,-,11,-,473,-,-,-,-,-,-,12,248,-,2,-,-,-,-,-,-,230,15,40,-,-,-,-,-,-,-,-,-,-,-,-,-,-,-,-,-,-,-,-,-,-,-,-,-,-,-,-,-,-,-,40
317,"ti.00000","0","全国","sanD1B.0302","4","　　　　82D 動物園，植物園，水族館",243,9133,109227,100533,-,-,-,-,-,-,-,-,-,-,-,-,-,-,-,-,-,-,-,-,-,-,-,-,-,-,-,-,-,-,-,2388,2273,2,-,-,2,2271,1292,-,0,90,-,844,44,115,3,3,-,-,-,-,10,-,102,-,-,-,102,24,21,-,-,-,-,-,-,-,-,-,-,-,-,-,-,-,-,-,-,-,-,-,-,-,-,-,-,-,-,-,-,-,-,-,-,-,-,-,-,-,-,-,3,-,-,-,-,-,-,-,-,-,-,-,-,-,-,-,-,-,-,-,-,-,-,-,-,-,-,-,-,-,-,-,3
318,"ti.00000","0","全国","sanD1B.0303","5","　　　　　8214 動物園，植物園，水族館",243,9133,109227,100533,-,-,-,-,-,-,-,-,-,-,-,-,-,-,-,-,-,-,-,-,-,-,-,-,-,-,-,-,-,-,-,2388,2273,2,-,-,2,2271,1292,-,0,90,-,844,44,115,3,3,-,-,-,-,10,-,102,-,-,-,102,24,21,-,-,-,-,-,-,-,-,-,-,-,-,-,-,-,-,-,-,-,-,-,-,-,-,-,-,-,-,-,-,-,-,-,-,-,-,-,-,-,-,-,3,-,-,-,-,-,-,-,-,-,-,-,-,-,-,-,-,-,-,-,-,-,-,-,-,-,-,-,-,-,-,-,3
319,"ti.00000","0","全国","sanD1B.0304","4","　　　　82E その他の社会教育",465,6674,64857,64339,116,112,64,58,5,-,-,-,-,48,-,29,19,-,-,-,-,-,4,4,-,-,4,-,-,-,-,-,-,-,-,176,166,-,-,-,-,166,58,105,-,-,-,3,-,11,-,-,-,3,1,2,-,3,5,-,-,0,5,834,728,12,-,-,-,-,-,-,-,-,-,-,-,-,-,-,-,-,-,-,-,-,12,-,-,-,-,-,-,-,-,5,0,-,-,3,-,-,1,-,1,-,89,-,-,-,-,-,-,-,-,-,-,-,-,-,-,-,-,-,-,-,-,-,-,-,-,-,-,-,-,-,89,-,-
320,"ti.00000","0","全国","sanD1B.0305","5","　　　　　8215 青少年教育施設",171,2839,24545,24475,-,-,-,-,-,-,-,-,-,-,-,-,-,-,-,-,-,-,-,-,-,-,-,-,-,-,-,-,-,-,-,-,-,-,-,-,-,-,-,-,-,-,-,-,-,-,-,-,-,-,-,-,-,-,-,-,-,-,-,-,-,-,-,-,-,-,-,-,-,-,-,-,-,-,-,-,-,-,-,-,-,-,-,-,-,-,-,-,-,-,-,-,-,-,-,-,-,-,-,-,-,-,-,-,-,-,-,-,-,-,-,-,-,-,-,-,-,-,-,-,-,-,-,-,-,-,-,-,-,-,-,-,-,-,-
321,"ti.00000","0","全国","sanD1B.0306","5","　　　　　8216 社会通信教育",14,360,6432,6369,-,-,-,-,-,-,-,-,-,-,-,-,-,-,-,-,-,-,-,-,-,-,-,-,-,-,-,-,-,-,-,-,-,-,-,-,-,-,-,-,-,-,-,-,-,-,-,-,-,-,-,-,-,-,-,-,-,-,-,12,-,12,-,-,-,-,-,-,-,-,-,-,-,-,-,-,-,-,-,-,-,-,12,-,-,-,-,-,-,-,-,-,-,-,-,-,-,-,-,-,-,-,-,-,-,-,-,-,-,-,-,-,-,-,-,-,-,-,-,-,-,-,-,-,-,-,-,-,-,-,-,-,-,-,-
322,"ti.00000","0","全国","sanD1B.0307","5","　　　　　8219 その他の社会教育",85,1080,6789,6787,-,-,-,-,-,-,-,-,-,-,-,-,-,-,-,-,-,-,-,-,-,-,-,-,-,-,-,-,-,-,-,1,1,-,-,-,-,1,1,0,-,-,-,-,-,0,-,-,-,-,-,-,-,0,0,-,-,0,0,1,-,-,-,-,-,-,-,-,-,-,-,-,-,-,-,-,-,-,-,-,-,-,-,-,-,-,-,-,-,-,-,1,0,-,-,-,-,-,1,-,-,-,-,-,-,-,-,-,-,-,-,-,-,-,-,-,-,-,-,-,-,-,-,-,-,-,-,-,-,-,-,-,-,-,-
323,"ti.00000","0","全国","sanD1B.0308","3","　　　822 職業・教育支援施設",1820,21421,348682,345442,2913,501,262,259,3,37,30,-,7,38,1,7,30,27,19,8,79,58,2412,11,-,-,11,2401,2401,-,-,-,-,-,-,572,528,116,116,-,0,412,228,117,18,40,-,3,5,44,6,6,-,0,-,0,-,-,38,-,-,-,38,3962,1444,1676,11,9,-,-,-,-,-,-,2,19,-,-,-,-,-,-,19,-,-,-,1459,-,-,111,111,-,-,-,76,12,-,1,-,-,-,-,0,1,10,-,831,-,-,82,21,48,14,-,-,-,-,-,-,-,5,-,-,-,-,-,-,-,-,-,-,-,-,-,-,49,-,-,695
324,"ti.00000","0","全国","sanD1B.0309","5","　　　　　8221 職員教育施設・支援業",323,3515,66601,64377,2381,102,43,43,-,30,30,-,-,5,-,-,5,-,-,-,-,23,2279,10,-,-,10,2268,2268,-,-,-,-,-,-,266,232,116,116,-,-,116,81,15,-,17,-,1,2,34,-,-,-,-,-,-,-,-,34,-,-,-,34,1038,4,1032,2,-,-,-,-,-,-,-,2,-,-,-,-,-,-,-,-,-,-,-,980,-,-,48,48,-,-,-,3,1,-,-,-,-,-,-,-,-,1,-,-,-,-,-,-,-,-,-,-,-,-,-,-,-,-,-,-,-,-,-,-,-,-,-,-,-,-,-,-,-,-,-,-
325,"ti.00000","0","全国","sanD1B.0310","5","　　　　　8222 職業訓練施設",327,6607,96972,96885,89,89,64,64,-,-,-,-,-,17,-,7,10,8,-,8,-,-,-,-,-,-,-,-,-,-,-,-,-,-,-,21,17,-,-,-,-,17,13,-,-,4,-,-,-,4,-,-,-,-,-,-,-,-,4,-,-,-,4,40,-,20,-,-,-,-,-,-,-,-,-,18,-,-,-,-,-,-,18,-,-,-,2,-,-,-,-,-,-,-,-,-,-,-,-,-,-,-,-,-,-,-,21,-,-,21,21,-,-,-,-,-,-,-,-,-,-,-,-,-,-,-,-,-,-,-,-,-,-,-,-,-,-,-,-
326,"ti.00000","0","全国","sanD1B.0311","5","　　　　　8229 その他の職業・教育支援施設",1023,9535,159370,159260,58,57,53,53,-,-,-,-,-,1,1,-,-,-,-,-,-,3,1,1,-,-,1,-,-,-,-,-,-,-,-,155,154,-,-,-,-,154,60,91,1,-,-,-,3,0,-,-,-,0,-,0,-,-,-,-,-,-,-,1035,210,77,-,-,-,-,-,-,-,-,-,-,-,-,-,-,-,-,-,-,-,-,14,-,-,63,63,-,-,-,-,-,-,-,-,-,-,-,-,-,-,-,749,-,-,-,-,-,-,-,-,-,-,-,-,-,5,-,-,-,-,-,-,-,-,-,-,-,-,-,-,49,-,-,695
327,"ti.00000","0","全国","sanD1B.0312","3","　　　823 学習塾",43905,281147,921936,920318,159,150,141,141,-,1,0,1,-,7,1,5,1,-,-,-,-,1,9,5,-,3,2,0,0,-,4,-,-,-,4,1729,1711,123,-,94,29,1589,572,-,128,703,79,33,74,18,3,1,2,3,2,1,4,-,8,-,-,-,8,337,18,309,15,2,-,0,-,4,-,5,4,14,-,-,9,-,-,-,4,1,1,2,206,22,-,23,16,7,0,-,26,5,1,-,-,-,-,-,4,-,-,0,6,-,-,5,3,-,2,-,-,-,-,-,-,-,-,-,-,-,-,-,-,-,-,-,-,-,-,-,-,0,-,-,1
328,"ti.00000","0","全国","sanD1B.0313","5","　　　　　8231 学習塾",43905,281147,921936,920318,159,150,141,141,-,1,0,1,-,7,1,5,1,-,-,-,-,1,9,5,-,3,2,0,0,-,4,-,-,-,4,1729,1711,123,-,94,29,1589,572,-,128,703,79,33,74,18,3,1,2,3,2,1,4,-,8,-,-,-,8,337,18,309,15,2,-,0,-,4,-,5,4,14,-,-,9,-,-,-,4,1,1,2,206,22,-,23,16,7,0,-,26,5,1,-,-,-,-,-,4,-,-,0,6,-,-,5,3,-,2,-,-,-,-,-,-,-,-,-,-,-,-,-,-,-,-,-,-,-,-,-,-,0,-,-,1
329,"ti.00000","0","全国","sanD1B.0314","3","　　　824 教養・技能教授業",66959,216336,1177812,1153088,1336,1199,97,94,4,9,8,1,0,77,14,14,48,2,2,-,-,1015,136,51,2,2,47,11,4,7,74,-,-,1,74,4651,4440,333,23,136,174,4107,1737,161,283,1196,222,404,104,210,8,8,-,6,-,6,-,109,88,48,5,8,27,2482,129,1369,18,-,1,-,-,-,-,-,17,319,-,3,21,11,12,8,52,212,3,332,217,0,-,288,191,93,4,6,187,546,3,-,10,-,-,4,33,5,183,308,437,-,-,14,5,8,-,6,3,-,1,-,3,-,-,-,-,-,-,-,-,-,-,-,-,-,-,-,-,0,61,-,357
330,"ti.00000","0","全国","sanD1B.0315","4","　　　　82F 音楽教授業",17456,31565,122198,111237,2,1,1,1,-,-,-,-,-,0,-,-,0,-,-,-,-,-,0,0,-,0,-,-,-,-,-,-,-,-,-,497,478,6,-,-,6,472,201,14,19,170,39,20,10,19,0,0,-,-,-,-,-,1,18,1,3,-,15,494,3,179,-,-,-,-,-,-,-,-,-,1,-,-,1,-,-,-,1,-,-,78,19,-,-,0,-,0,-,-,80,28,-,-,-,-,-,-,-,3,25,0,284,-,-,0,0,-,-,3,-,-,-,-,3,-,-,-,-,-,-,-,-,-,-,-,-,-,-,-,-,-,-,-,281
331,"ti.00000","0","全国","sanD1B.0316","5","　　　　　8241 音楽教授業",17456,31565,122198,111237,2,1,1,1,-,-,-,-,-,0,-,-,0,-,-,-,-,-,0,0,-,0,-,-,-,-,-,-,-,-,-,497,478,6,-,-,6,472,201,14,19,170,39,20,10,19,0,0,-,-,-,-,-,1,18,1,3,-,15,494,3,179,-,-,-,-,-,-,-,-,-,1,-,-,1,-,-,-,1,-,-,78,19,-,-,0,-,0,-,-,80,28,-,-,-,-,-,-,-,3,25,0,284,-,-,0,0,-,-,3,-,-,-,-,3,-,-,-,-,-,-,-,-,-,-,-,-,-,-,-,-,-,-,-,281
332,"ti.00000","0","全国","sanD1B.0317","4","　　　　82G 書道教授業",8440,12329,18214,18019,-,-,-,-,-,-,-,-,-,-,-,-,-,-,-,-,-,-,-,-,-,-,-,-,-,-,-,-,-,-,-,142,142,1,-,-,1,141,53,-,10,57,11,8,3,-,-,-,-,-,-,-,-,-,-,-,-,-,-,174,1,172,-,-,-,-,-,-,-,-,-,11,-,-,8,-,-,1,-,3,0,150,0,-,-,-,-,-,-,-,10,-,-,-,-,-,-,-,-,-,-,-,2,-,-,1,1,-,-,-,-,-,-,-,-,-,-,-,-,-,-,-,-,-,-,-,-,-,-,-,-,-,-,-,1
333,"ti.00000","0","全国","sanD1B.0318","5","　　　　　8242 書道教授業",8440,12329,18214,18019,-,-,-,-,-,-,-,-,-,-,-,-,-,-,-,-,-,-,-,-,-,-,-,-,-,-,-,-,-,-,-,142,142,1,-,-,1,141,53,-,10,57,11,8,3,-,-,-,-,-,-,-,-,-,-,-,-,-,-,174,1,172,-,-,-,-,-,-,-,-,-,11,-,-,8,-,-,1,-,3,0,150,0,-,-,-,-,-,-,-,10,-,-,-,-,-,-,-,-,-,-,-,2,-,-,1,1,-,-,-,-,-,-,-,-,-,-,-,-,-,-,-,-,-,-,-,-,-,-,-,-,-,-,-,1
334,"ti.00000","0","全国","sanD1B.0319","4","　　　　82H 生花・茶道教授業",3033,3887,8028,7871,0,0,-,-,-,0,-,-,0,-,-,-,-,-,-,-,-,-,-,-,-,-,-,-,-,-,-,-,-,-,-,425,424,-,-,-,-,424,169,33,5,194,-,22,-,2,-,-,-,-,-,-,-,-,2,-,-,-,2,5,-,5,-,-,-,-,-,-,-,-,-,-,-,-,-,-,-,-,-,-,-,5,-,-,-,-,-,-,-,-,-,-,-,-,-,-,-,-,-,-,-,-,-,-,-,-,-,-,-,-,-,-,-,-,-,-,-,-,-,-,-,-,-,-,-,-,-,-,-,-,-,-,-,-,-
335,"ti.00000","0","全国","sanD1B.0320","5","　　　　　8243 生花・茶道教授業",3033,3887,8028,7871,0,0,-,-,-,0,-,-,0,-,-,-,-,-,-,-,-,-,-,-,-,-,-,-,-,-,-,-,-,-,-,425,424,-,-,-,-,424,169,33,5,194,-,22,-,2,-,-,-,-,-,-,-,-,2,-,-,-,2,5,-,5,-,-,-,-,-,-,-,-,-,-,-,-,-,-,-,-,-,-,-,5,-,-,-,-,-,-,-,-,-,-,-,-,-,-,-,-,-,-,-,-,-,-,-,-,-,-,-,-,-,-,-,-,-,-,-,-,-,-,-,-,-,-,-,-,-,-,-,-,-,-,-,-,-
336,"ti.00000","0","全国","sanD1B.0321","4","　　　　82J そろばん教授業",5523,10635,15252,15225,-,-,-,-,-,-,-,-,-,-,-,-,-,-,-,-,-,-,-,-,-,-,-,-,-,-,-,-,-,-,-,137,137,1,-,-,1,136,24,1,9,93,1,5,3,-,-,-,-,-,-,-,-,-,-,-,-,-,-,22,-,18,17,-,-,-,-,-,-,-,17,-,-,-,-,-,-,-,-,-,-,-,-,-,-,-,-,-,-,-,1,4,-,-,-,-,-,4,-,-,-,-,-,-,-,-,-,-,-,-,-,-,-,-,-,-,-,-,-,-,-,-,-,-,-,-,-,-,-,-,-,-,-,-,-
337,"ti.00000","0","全国","sanD1B.0322","5","　　　　　8244 そろばん教授業",5523,10635,15252,15225,-,-,-,-,-,-,-,-,-,-,-,-,-,-,-,-,-,-,-,-,-,-,-,-,-,-,-,-,-,-,-,137,137,1,-,-,1,136,24,1,9,93,1,5,3,-,-,-,-,-,-,-,-,-,-,-,-,-,-,22,-,18,17,-,-,-,-,-,-,-,17,-,-,-,-,-,-,-,-,-,-,-,-,-,-,-,-,-,-,-,1,4,-,-,-,-,-,4,-,-,-,-,-,-,-,-,-,-,-,-,-,-,-,-,-,-,-,-,-,-,-,-,-,-,-,-,-,-,-,-,-,-,-,-,-
338,"ti.00000","0","全国","sanD1B.0323","4","　　　　82K 外国語会話教授業",8732,33807,200531,200298,19,4,4,4,-,-,-,-,-,-,-,-,-,-,-,-,-,-,15,6,-,1,6,-,-,-,9,-,-,-,9,172,172,33,23,-,10,139,29,9,7,82,0,5,7,-,-,-,-,-,-,-,-,-,-,-,-,-,-,248,-,229,-,-,-,-,-,-,-,-,-,1,-,-,1,-,-,-,-,-,-,-,-,-,-,219,170,45,4,6,3,18,0,-,0,-,-,-,18,-,-,-,0,-,-,-,-,-,-,-,-,-,-,-,-,-,-,-,-,-,-,-,-,-,-,-,-,-,-,-,-,-,-,-,0
339,"ti.00000","0","全国","sanD1B.0324","5","　　　　　8245 外国語会話教授業",8732,33807,200531,200298,19,4,4,4,-,-,-,-,-,-,-,-,-,-,-,-,-,-,15,6,-,1,6,-,-,-,9,-,-,-,9,172,172,33,23,-,10,139,29,9,7,82,0,5,7,-,-,-,-,-,-,-,-,-,-,-,-,-,-,248,-,229,-,-,-,-,-,-,-,-,-,1,-,-,1,-,-,-,-,-,-,-,-,-,-,219,170,45,4,6,3,18,0,-,0,-,-,-,18,-,-,-,0,-,-,-,-,-,-,-,-,-,-,-,-,-,-,-,-,-,-,-,-,-,-,-,-,-,-,-,-,-,-,-,0
340,"ti.00000","0","全国","sanD1B.0325","4","　　　　82L スポーツ・健康教授業",7024,61359,302826,297506,34,2,-,-,-,-,-,-,-,2,-,-,2,-,-,-,-,-,32,25,-,-,25,7,-,7,1,-,-,1,-,1703,1583,235,-,136,99,1348,656,43,128,146,11,302,63,120,8,8,-,-,-,-,-,107,5,-,2,-,3,437,30,183,-,-,-,-,-,-,-,-,-,15,-,-,-,-,-,-,15,-,-,-,149,0,-,1,-,1,-,-,17,168,-,-,-,-,-,-,-,2,-,166,57,-,-,-,-,-,-,-,-,-,-,-,-,-,-,-,-,-,-,-,-,-,-,-,-,-,-,-,-,-,56,-,1
341,"ti.00000","0","全国","sanD1B.0326","5","　　　　　8246 スポーツ・健康教授業",7024,61359,302826,297506,34,2,-,-,-,-,-,-,-,2,-,-,2,-,-,-,-,-,32,25,-,-,25,7,-,7,1,-,-,1,-,1703,1583,235,-,136,99,1348,656,43,128,146,11,302,63,120,8,8,-,-,-,-,-,107,5,-,2,-,3,437,30,183,-,-,-,-,-,-,-,-,-,15,-,-,-,-,-,-,15,-,-,-,149,0,-,1,-,1,-,-,17,168,-,-,-,-,-,-,-,2,-,166,57,-,-,-,-,-,-,-,-,-,-,-,-,-,-,-,-,-,-,-,-,-,-,-,-,-,-,-,-,-,56,-,1
342,"ti.00000","0","全国","sanD1B.0327","4","　　　　82M その他の教養・技能教授業",16751,62754,510763,502932,1282,1193,92,89,4,9,8,1,0,75,14,14,46,2,2,-,-,1015,89,20,2,1,17,4,4,0,65,-,-,-,65,1574,1505,57,-,-,57,1447,605,61,105,454,160,43,18,69,-,-,-,6,-,6,-,1,63,47,-,8,7,1101,96,583,1,-,1,-,-,-,-,-,-,289,-,3,11,11,12,8,36,210,3,98,48,-,-,67,21,46,-,-,77,327,3,-,10,-,-,-,15,-,158,141,95,-,-,13,4,8,-,3,3,-,1,-,-,-,-,-,-,-,-,-,-,-,-,-,-,-,-,-,-,0,5,-,74
343,"ti.00000","0","全国","sanD1B.0328","5","　　　　　8249 その他の教養・技能教授業",16751,62754,510763,502932,1282,1193,92,89,4,9,8,1,0,75,14,14,46,2,2,-,-,1015,89,20,2,1,17,4,4,0,65,-,-,-,65,1574,1505,57,-,-,57,1447,605,61,105,454,160,43,18,69,-,-,-,6,-,6,-,1,63,47,-,8,7,1101,96,583,1,-,1,-,-,-,-,-,-,289,-,3,11,11,12,8,36,210,3,98,48,-,-,67,21,46,-,-,77,327,3,-,10,-,-,-,15,-,158,141,95,-,-,13,4,8,-,3,3,-,1,-,-,-,-,-,-,-,-,-,-,-,-,-,-,-,-,-,-,0,5,-,74
344,"ti.00000","0","全国","sanD1B.0329","3","　　　829 他に分類されない教育，学習支援業",3634,65266,601112,596177,408,67,53,53,-,9,9,-,-,4,2,-,2,1,1,-,-,-,341,13,6,7,1,297,265,31,31,-,-,-,31,3382,3352,266,216,-,50,3086,1778,7,190,703,14,131,262,30,-,-,-,-,-,-,12,7,10,-,-,-,10,864,50,415,40,-,-,-,-,-,-,40,-,75,-,-,0,-,18,-,56,-,-,30,71,10,-,57,37,20,-,-,134,10,-,1,-,-,-,-,-,-,9,-,388,-,0,3,3,-,-,-,-,-,-,-,-,6,-,-,-,-,-,-,-,-,-,-,-,-,-,-,-,-,-,-,379
345,"ti.00000","0","全国","sanD1B.0330","5","　　　　　8299 他に分類されない教育，学習支援業",3634,65266,601112,596177,408,67,53,53,-,9,9,-,-,4,2,-,2,1,1,-,-,-,341,13,6,7,1,297,265,31,31,-,-,-,31,3382,3352,266,216,-,50,3086,1778,7,190,703,14,131,262,30,-,-,-,-,-,-,12,7,10,-,-,-,10,864,50,415,40,-,-,-,-,-,-,40,-,75,-,-,0,-,18,-,56,-,-,30,71,10,-,57,37,20,-,-,134,10,-,1,-,-,-,-,-,-,9,-,388,-,0,3,3,-,-,-,-,-,-,-,-,6,-,-,-,-,-,-,-,-,-,-,-,-,-,-,-,-,-,-,379
346,"ti.00000","0","全国","sanD1B.0331","0","R サービス業（他に分類されないもの） (注4)",162133,3460118,35294112,34179375,164359,147008,24005,22357,1648,11408,11243,112,53,63597,21574,35432,6591,4829,2336,2493,570,42599,17351,4586,186,1193,3208,1327,890,437,11438,-,107,9268,2063,211203,168040,55423,43302,2996,9125,112618,40461,2643,4201,10375,1901,8992,44045,43162,15629,10498,5131,4222,2412,1810,13788,318,9205,49,9,54,9093,270830,7616,54593,2347,154,1040,67,68,239,143,284,353,7351,140,4,1605,4719,322,103,124,335,380,4,4356,2263,59,2939,1452,1457,29,427,34468,47328,747,1090,4412,157,56,422,2940,2345,22174,12987,161293,-,31,15898,10676,546,4676,13612,5021,1206,4158,478,2749,4398,2160,104,44,0,60,27360,716,2192,53,9,23023,427,650,291,2623,58,341,7685,87023
347,"ti.00000","0","全国","sanD1B.0332","1","　R2 サービス業（政治・経済・文化団体，宗教を除く）",162133,3460118,35294112,34179375,164359,147008,24005,22357,1648,11408,11243,112,53,63597,21574,35432,6591,4829,2336,2493,570,42599,17351,4586,186,1193,3208,1327,890,437,11438,-,107,9268,2063,211203,168040,55423,43302,2996,9125,112618,40461,2643,4201,10375,1901,8992,44045,43162,15629,10498,5131,4222,2412,1810,13788,318,9205,49,9,54,9093,270830,7616,54593,2347,154,1040,67,68,239,143,284,353,7351,140,4,1605,4719,322,103,124,335,380,4,4356,2263,59,2939,1452,1457,29,427,34468,47328,747,1090,4412,157,56,422,2940,2345,22174,12987,161293,-,31,15898,10676,546,4676,13612,5021,1206,4158,478,2749,4398,2160,104,44,0,60,27360,716,2192,53,9,23023,427,650,291,2623,58,341,7685,87023
348,"ti.00000","0","全国","sanD1B.0333","2","　　88 廃棄物処理業",16383,232119,3641605,3436631,20,1,-,-,-,-,-,-,-,-,-,-,-,-,-,-,1,-,19,19,-,19,-,-,-,-,-,-,-,-,-,8067,6496,1088,55,897,136,5408,2647,41,604,1017,84,671,343,1570,417,172,245,-,-,-,662,2,490,-,-,-,490,11885,168,457,-,-,-,-,-,-,-,-,-,-,-,-,-,-,-,-,-,-,-,-,186,42,-,-,-,-,-,-,229,86,-,-,-,-,-,1,-,65,-,20,11174,-,-,2888,267,10,2611,51,-,-,-,51,-,17,57,1,-,-,1,2541,394,1500,51,-,29,3,346,218,89,-,0,1124,4406
349,"ti.00000","0","全国","sanD1B.0334","3","　　　881 一般廃棄物処理業",9170,135359,1550050,1440527,7,-,-,-,-,-,-,-,-,-,-,-,-,-,-,-,-,-,7,7,-,7,-,-,-,-,-,-,-,-,-,3966,2785,228,55,70,102,2557,1472,9,134,723,29,76,115,1181,145,41,105,-,-,-,558,2,476,-,-,-,476,8349,68,247,-,-,-,-,-,-,-,-,-,-,-,-,-,-,-,-,-,-,-,-,-,21,-,-,-,-,-,-,226,85,-,-,-,-,-,-,-,65,-,20,7949,-,-,1093,54,10,1029,51,-,-,-,51,-,-,-,1,-,-,1,1758,336,1316,4,-,-,-,19,82,-,-,0,1124,3922
350,"ti.00000","0","全国","sanD1B.0335","5","　　　　　8811 し尿収集運搬業",748,7597,62656,61523,-,-,-,-,-,-,-,-,-,-,-,-,-,-,-,-,-,-,-,-,-,-,-,-,-,-,-,-,-,-,-,465,386,12,-,-,12,375,131,-,37,176,-,4,27,79,5,-,5,-,-,-,-,2,72,-,-,-,72,295,40,16,-,-,-,-,-,-,-,-,-,-,-,-,-,-,-,-,-,-,-,-,-,16,-,-,-,-,-,-,-,20,-,-,-,-,-,-,-,20,-,-,219,-,-,-,-,-,-,-,-,-,-,-,-,-,-,-,-,-,-,-,-,-,-,-,-,-,-,-,-,-,-,-,219
351,"ti.00000","0","全国","sanD1B.0336","5","　　　　　8812 し尿処分業",72,700,10166,10071,-,-,-,-,-,-,-,-,-,-,-,-,-,-,-,-,-,-,-,-,-,-,-,-,-,-,-,-,-,-,-,33,9,-,-,-,-,9,9,-,-,-,-,-,-,24,-,-,-,-,-,-,24,-,-,-,-,-,-,-,-,-,-,-,-,-,-,-,-,-,-,-,-,-,-,-,-,-,-,-,-,-,-,-,-,-,-,-,-,-,-,-,-,-,-,-,-,-,-,-,-,-,-,-,-,-,-,-,-,-,-,-,-,-,-,-,-,-,-,-,-,-,-,-,-,-,-,-,-,-,-,-,-,-,-
352,"ti.00000","0","全国","sanD1B.0337","5","　　　　　8813 浄化槽清掃業",1041,13962,138675,135664,-,-,-,-,-,-,-,-,-,-,-,-,-,-,-,-,-,-,-,-,-,-,-,-,-,-,-,-,-,-,-,989,828,6,-,6,-,822,587,-,6,218,5,6,-,161,34,27,7,-,-,-,94,-,34,-,-,-,34,301,-,-,-,-,-,-,-,-,-,-,-,-,-,-,-,-,-,-,-,-,-,-,-,-,-,-,-,-,-,-,-,-,-,-,-,-,-,-,-,-,-,-,301,-,-,31,-,-,31,-,-,-,-,-,-,-,-,-,-,-,-,6,-,6,-,-,-,-,-,-,-,-,-,-,264
353,"ti.00000","0","全国","sanD1B.0338","5","　　　　　8814 浄化槽保守点検業",1086,11401,120362,112739,-,-,-,-,-,-,-,-,-,-,-,-,-,-,-,-,-,-,-,-,-,-,-,-,-,-,-,-,-,-,-,875,219,90,55,35,-,129,36,-,10,54,9,9,10,656,47,-,47,-,-,-,428,-,180,-,-,-,180,1250,-,-,-,-,-,-,-,-,-,-,-,-,-,-,-,-,-,-,-,-,-,-,-,-,-,-,-,-,-,-,-,11,-,-,-,-,-,-,-,-,-,11,1240,-,-,37,-,10,28,-,-,-,-,-,-,-,-,-,-,-,-,605,-,596,-,-,-,-,-,10,-,-,-,-,597
354,"ti.00000","0","全国","sanD1B.0339","5","　　　　　8815 ごみ収集運搬業",5323,84262,889368,880920,7,-,-,-,-,-,-,-,-,-,-,-,-,-,-,-,-,-,7,7,-,7,-,-,-,-,-,-,-,-,-,1033,858,85,-,-,85,773,503,-,39,116,15,38,61,175,58,14,44,-,-,-,11,-,106,-,-,-,106,699,28,4,-,-,-,-,-,-,-,-,-,-,-,-,-,-,-,-,-,-,-,-,-,4,-,-,-,-,-,-,-,45,-,-,-,-,-,-,-,45,-,-,621,-,-,331,-,0,330,-,-,-,-,-,-,-,-,1,-,-,1,-,-,-,-,-,-,-,-,-,-,-,0,-,290
355,"ti.00000","0","全国","sanD1B.0340","5","　　　　　8816 ごみ処分業",574,9080,158602,149603,-,-,-,-,-,-,-,-,-,-,-,-,-,-,-,-,-,-,-,-,-,-,-,-,-,-,-,-,-,-,-,7,7,-,-,-,-,7,-,-,-,7,-,-,-,-,-,-,-,-,-,-,-,-,-,-,-,-,-,105,-,-,-,-,-,-,-,-,-,-,-,-,-,-,-,-,-,-,-,-,-,-,-,-,-,-,-,-,-,-,-,-,-,-,-,-,-,-,-,-,-,-,105,-,-,89,-,-,89,-,-,-,-,-,-,-,-,-,-,-,-,16,16,-,-,-,-,-,-,-,-,-,-,-,-
356,"ti.00000","0","全国","sanD1B.0341","3","　　　882 産業廃棄物処理業",7176,96283,2070956,1975755,13,1,-,-,-,-,-,-,-,-,-,-,-,-,-,-,1,-,12,12,-,12,-,-,-,-,-,-,-,-,-,4090,3701,860,-,827,34,2841,1171,32,470,288,55,595,229,389,271,131,140,-,-,-,103,-,14,-,-,-,14,3375,99,211,-,-,-,-,-,-,-,-,-,-,-,-,-,-,-,-,-,-,-,-,186,22,-,-,-,-,-,-,3,1,-,-,-,-,-,1,-,-,-,-,3064,-,-,1795,213,-,1582,-,-,-,-,-,-,17,57,-,-,-,-,648,57,185,47,-,29,3,327,0,89,-,-,-,458
357,"ti.00000","0","全国","sanD1B.0342","5","　　　　　8821 産業廃棄物収集運搬業",2635,31990,518545,503343,12,-,-,-,-,-,-,-,-,-,-,-,-,-,-,-,-,-,12,12,-,12,-,-,-,-,-,-,-,-,-,1585,1414,280,-,274,6,1134,432,-,139,50,0,513,-,171,160,124,36,-,-,-,3,-,8,-,-,-,8,2057,-,183,-,-,-,-,-,-,-,-,-,-,-,-,-,-,-,-,-,-,-,-,161,22,-,-,-,-,-,-,-,1,-,-,-,-,-,1,-,-,-,-,1873,-,-,1157,6,-,1151,-,-,-,-,-,-,-,-,-,-,-,-,355,-,14,11,-,-,3,327,-,-,-,-,-,361
358,"ti.00000","0","全国","sanD1B.0343","5","　　　　　8822 産業廃棄物処分業",3962,53923,1271780,1245221,1,1,-,-,-,-,-,-,-,-,-,-,-,-,-,-,1,-,-,-,-,-,-,-,-,-,-,-,-,-,-,1518,1401,178,-,155,23,1223,518,-,303,114,0,61,226,117,105,6,99,-,-,-,6,-,6,-,-,-,6,490,-,3,-,-,-,-,-,-,-,-,-,-,-,-,-,-,-,-,-,-,-,-,-,-,-,-,-,-,-,-,3,-,-,-,-,-,-,-,-,-,-,-,487,-,-,136,-,-,136,-,-,-,-,-,-,-,48,-,-,-,-,187,37,123,-,-,28,-,-,-,89,-,-,-,28
359,"ti.00000","0","全国","sanD1B.0344","5","　　　　　8823 特別管理産業廃棄物収集運搬業",134,1815,46631,42140,-,-,-,-,-,-,-,-,-,-,-,-,-,-,-,-,-,-,-,-,-,-,-,-,-,-,-,-,-,-,-,31,31,-,-,-,-,31,11,-,6,-,-,15,-,-,-,-,-,-,-,-,-,-,-,-,-,-,-,35,-,-,-,-,-,-,-,-,-,-,-,-,-,-,-,-,-,-,-,-,-,-,-,-,-,-,-,-,-,-,-,-,-,-,-,-,-,-,-,-,-,-,35,-,-,-,-,-,-,-,-,-,-,-,-,-,-,-,-,-,-,35,15,20,-,-,-,-,-,-,-,-,-,-,-
360,"ti.00000","0","全国","sanD1B.0345","5","　　　　　8824 特別管理産業廃棄物処分業",62,1471,98973,98897,-,-,-,-,-,-,-,-,-,-,-,-,-,-,-,-,-,-,-,-,-,-,-,-,-,-,-,-,-,-,-,-,-,-,-,-,-,-,-,-,-,-,-,-,-,-,-,-,-,-,-,-,-,-,-,-,-,-,-,-,-,-,-,-,-,-,-,-,-,-,-,-,-,-,-,-,-,-,-,-,-,-,-,-,-,-,-,-,-,-,-,-,-,-,-,-,-,-,-,-,-,-,-,-,-,-,-,-,-,-,-,-,-,-,-,-,-,-,-,-,-,-,-,-,-,-,-,-,-,-,-,-,-,-,-
361,"ti.00000","0","全国","sanD1B.0346","3","　　　889 その他の廃棄物処理業",37,477,20599,20349,-,-,-,-,-,-,-,-,-,-,-,-,-,-,-,-,-,-,-,-,-,-,-,-,-,-,-,-,-,-,-,11,11,-,-,-,-,11,4,-,-,6,-,-,-,-,-,-,-,-,-,-,-,-,-,-,-,-,-,161,-,-,-,-,-,-,-,-,-,-,-,-,-,-,-,-,-,-,-,-,-,-,-,-,-,-,-,-,-,-,-,-,-,-,-,-,-,-,-,-,-,-,161,-,-,-,-,-,-,-,-,-,-,-,-,-,-,-,-,-,-,135,-,-,-,-,-,-,-,135,-,-,-,-,26
362,"ti.00000","0","全国","sanD1B.0347","5","　　　　　8891 死亡獣畜取扱業",7,48,1272,1176,-,-,-,-,-,-,-,-,-,-,-,-,-,-,-,-,-,-,-,-,-,-,-,-,-,-,-,-,-,-,-,-,-,-,-,-,-,-,-,-,-,-,-,-,-,-,-,-,-,-,-,-,-,-,-,-,-,-,-,-,-,-,-,-,-,-,-,-,-,-,-,-,-,-,-,-,-,-,-,-,-,-,-,-,-,-,-,-,-,-,-,-,-,-,-,-,-,-,-,-,-,-,-,-,-,-,-,-,-,-,-,-,-,-,-,-,-,-,-,-,-,-,-,-,-,-,-,-,-,-,-,-,-,-,-
363,"ti.00000","0","全国","sanD1B.0348","5","　　　　　8899 他に分類されない廃棄物処理業",26,273,17572,17552,-,-,-,-,-,-,-,-,-,-,-,-,-,-,-,-,-,-,-,-,-,-,-,-,-,-,-,-,-,-,-,11,11,-,-,-,-,11,4,-,-,6,-,-,-,-,-,-,-,-,-,-,-,-,-,-,-,-,-,-,-,-,-,-,-,-,-,-,-,-,-,-,-,-,-,-,-,-,-,-,-,-,-,-,-,-,-,-,-,-,-,-,-,-,-,-,-,-,-,-,-,-,-,-,-,-,-,-,-,-,-,-,-,-,-,-,-,-,-,-,-,-,-,-,-,-,-,-,-,-,-,-,-,-,-
364,"ti.00000","0","全国","sanD1B.0349","2","　　89 自動車整備業",48276,214114,2383508,2267598,82,24,3,3,-,-,-,-,-,0,-,-,0,-,-,-,-,21,58,45,-,45,-,-,-,-,13,-,-,3,10,15226,5223,266,-,179,87,4957,2291,23,585,1180,42,678,159,10003,1152,337,815,4,4,1,8549,2,295,-,-,-,295,859,9,275,34,-,-,-,-,34,-,-,-,4,-,-,-,-,2,2,-,-,-,-,3,158,1,1,1,-,-,-,74,138,-,-,-,-,-,6,10,-,2,121,437,-,-,25,14,3,8,56,17,-,7,17,14,52,-,8,8,-,-,32,-,32,-,-,-,-,-,-,-,-,-,-,264
365,"ti.00000","0","全国","sanD1B.0350","3","　　　891 自動車整備業",48276,214114,2383508,2267598,82,24,3,3,-,-,-,-,-,0,-,-,0,-,-,-,-,21,58,45,-,45,-,-,-,-,13,-,-,3,10,15226,5223,266,-,179,87,4957,2291,23,585,1180,42,678,159,10003,1152,337,815,4,4,1,8549,2,295,-,-,-,295,859,9,275,34,-,-,-,-,34,-,-,-,4,-,-,-,-,2,2,-,-,-,-,3,158,1,1,1,-,-,-,74,138,-,-,-,-,-,6,10,-,2,121,437,-,-,25,14,3,8,56,17,-,7,17,14,52,-,8,8,-,-,32,-,32,-,-,-,-,-,-,-,-,-,-,264
366,"ti.00000","0","全国","sanD1B.0351","5","　　　　　8911 自動車一般整備業",27301,130203,1528281,1479487,47,-,-,-,-,-,-,-,-,-,-,-,-,-,-,-,-,-,47,43,-,43,-,-,-,-,5,-,-,3,2,8105,2951,144,-,130,14,2807,1519,13,340,471,20,336,107,5154,590,249,341,1,1,1,4416,1,146,-,-,-,146,426,9,190,26,-,-,-,-,26,-,-,-,-,-,-,-,-,-,-,-,-,-,-,3,154,1,-,-,-,-,-,7,125,-,-,-,-,-,4,-,-,-,121,102,-,-,5,1,3,2,17,-,-,0,17,-,-,-,8,8,-,-,32,-,32,-,-,-,-,-,-,-,-,-,-,41
367,"ti.00000","0","全国","sanD1B.0352","5","　　　　　8919 その他の自動車整備業",19720,75221,727303,718420,12,1,1,1,-,-,-,-,-,0,-,-,0,-,-,-,-,-,11,3,-,3,-,-,-,-,8,-,-,-,8,1277,584,79,-,9,70,506,199,-,78,188,14,22,4,692,125,5,120,1,1,-,564,-,3,-,-,-,3,94,-,47,8,-,-,-,-,8,-,-,-,4,-,-,-,-,2,2,-,-,-,-,-,4,-,1,1,-,-,-,30,14,-,-,-,-,-,2,10,-,2,-,34,-,-,13,13,-,-,21,7,-,-,-,14,-,-,-,-,-,-,-,-,-,-,-,-,-,-,-,-,-,-,-,-
368,"ti.00000","0","全国","sanD1B.0353","2","　　90 機械等修理業（別掲を除く）",22443,173833,3825018,3688330,67174,66997,2467,2377,90,7614,7609,5,-,22649,136,21330,1183,67,11,57,-,34199,178,91,1,84,6,42,42,-,45,-,3,-,42,8722,3491,27,0,1,26,3465,2174,-,31,381,4,379,496,5231,4300,946,3353,337,334,3,80,61,453,-,1,-,452,53102,138,437,1,-,-,-,-,1,-,-,-,20,-,-,5,-,1,0,2,12,-,4,7,-,-,0,0,-,-,-,405,1,-,-,-,-,-,-,1,-,-,-,52526,-,-,135,113,-,22,460,37,50,84,259,30,829,519,89,31,-,58,1260,35,-,-,7,1212,-,-,6,36,2,-,336,48859
369,"ti.00000","0","全国","sanD1B.0354","3","　　　901 機械修理業（電気機械器具を除く）",11513,105317,2450302,2369149,1040,1031,178,172,6,-,-,-,-,758,67,146,544,57,-,57,-,39,9,6,-,2,4,-,-,-,2,-,2,-,0,7638,2969,1,-,1,0,2968,1972,-,17,199,4,363,412,4670,4086,851,3235,334,334,0,80,58,111,-,-,-,111,38402,73,19,-,-,-,-,-,-,-,-,-,17,-,-,5,-,-,-,-,12,-,-,-,-,-,0,0,-,-,-,2,-,-,-,-,-,-,-,-,-,-,-,38310,-,-,112,112,-,-,265,37,50,61,104,13,702,478,58,-,-,58,1223,32,-,-,-,1185,-,-,6,36,0,-,336,35100
370,"ti.00000","0","全国","sanD1B.0355","5","　　　　　9011 一般機械修理業（建設・鉱山機械を除く）",10210,93452,2203995,2176522,58,52,52,52,0,-,-,-,-,-,-,-,-,-,-,-,-,-,6,6,-,2,4,-,-,-,-,-,-,-,-,2459,1952,-,-,-,-,1952,1848,-,11,67,-,25,2,507,408,281,127,1,1,-,2,-,95,-,-,-,95,2135,73,18,-,-,-,-,-,-,-,-,-,16,-,-,4,-,-,-,-,12,-,-,-,-,-,-,-,-,-,-,2,-,-,-,-,-,-,-,-,-,-,-,2044,-,-,-,-,-,-,82,16,21,20,14,11,81,14,54,-,-,54,32,32,-,-,-,-,-,-,-,-,0,-,37,1744
371,"ti.00000","0","全国","sanD1B.0356","5","　　　　　9012 建設・鉱山機械整備業",717,3914,64340,60797,-,-,-,-,-,-,-,-,-,-,-,-,-,-,-,-,-,-,-,-,-,-,-,-,-,-,-,-,-,-,-,1089,52,-,-,-,-,52,30,-,4,12,-,6,-,1038,995,84,911,-,-,-,43,-,-,-,-,-,-,89,-,-,-,-,-,-,-,-,-,-,-,-,-,-,-,-,-,-,-,-,-,-,-,-,-,-,-,-,-,-,-,-,-,-,-,-,-,-,-,-,-,-,89,-,-,38,38,-,-,-,-,-,-,-,-,-,-,4,-,-,4,-,-,-,-,-,-,-,-,-,-,-,-,-,48
372,"ti.00000","0","全国","sanD1B.0357","3","　　　902 電気機械器具修理業",4836,50711,1225177,1174290,66114,65946,2289,2206,84,7614,7609,5,-,21881,68,21184,629,11,11,-,-,34151,168,84,1,81,2,42,42,-,43,-,1,-,42,542,284,-,-,-,-,284,96,-,10,96,-,5,79,258,208,95,113,3,-,3,-,-,46,-,1,-,45,13976,34,340,1,-,-,-,-,1,-,-,-,3,-,-,0,-,-,-,2,-,-,-,-,-,-,-,-,-,-,-,336,-,-,-,-,-,-,-,-,-,-,-,13602,-,-,3,1,-,2,192,-,-,23,155,13,114,-,-,-,-,-,37,4,-,-,7,26,-,-,-,-,2,-,-,13255
373,"ti.00000","0","全国","sanD1B.0358","5","　　　　　9021 電気機械器具修理業",4836,50711,1225177,1174290,66114,65946,2289,2206,84,7614,7609,5,-,21881,68,21184,629,11,11,-,-,34151,168,84,1,81,2,42,42,-,43,-,1,-,42,542,284,-,-,-,-,284,96,-,10,96,-,5,79,258,208,95,113,3,-,3,-,-,46,-,1,-,45,13976,34,340,1,-,-,-,-,1,-,-,-,3,-,-,0,-,-,-,2,-,-,-,-,-,-,-,-,-,-,-,336,-,-,-,-,-,-,-,-,-,-,-,13602,-,-,3,1,-,2,192,-,-,23,155,13,114,-,-,-,-,-,37,4,-,-,7,26,-,-,-,-,2,-,-,13255
374,"ti.00000","0","全国","sanD1B.0359","3","　　　903 表具業",1842,3511,11932,11630,-,-,-,-,-,-,-,-,-,-,-,-,-,-,-,-,-,-,-,-,-,-,-,-,-,-,-,-,-,-,-,81,32,-,-,-,-,32,9,-,3,19,-,2,-,49,-,-,-,-,-,-,-,-,49,-,-,-,49,16,-,12,-,-,-,-,-,-,-,-,-,1,-,-,-,-,1,0,-,-,-,2,-,-,-,-,-,-,-,-,10,-,-,-,-,-,-,-,-,-,-,-,4,-,-,-,-,-,-,-,-,-,-,-,-,-,-,-,-,-,-,-,-,-,-,-,-,-,-,-,-,-,-,-,4
375,"ti.00000","0","全国","sanD1B.0360","5","　　　　　9031 表具業",1842,3511,11932,11630,-,-,-,-,-,-,-,-,-,-,-,-,-,-,-,-,-,-,-,-,-,-,-,-,-,-,-,-,-,-,-,81,32,-,-,-,-,32,9,-,3,19,-,2,-,49,-,-,-,-,-,-,-,-,49,-,-,-,49,16,-,12,-,-,-,-,-,-,-,-,-,1,-,-,-,-,1,0,-,-,-,2,-,-,-,-,-,-,-,-,10,-,-,-,-,-,-,-,-,-,-,-,4,-,-,-,-,-,-,-,-,-,-,-,-,-,-,-,-,-,-,-,-,-,-,-,-,-,-,-,-,-,-,-,4
376,"ti.00000","0","全国","sanD1B.0361","3","　　　909 その他の修理業",4252,14294,137606,133262,20,19,-,-,-,-,-,-,-,11,-,-,11,-,-,-,-,9,1,1,-,1,-,-,-,-,0,-,-,-,0,461,206,26,0,-,25,181,98,-,1,67,-,9,6,254,5,-,5,-,-,-,-,3,246,-,-,-,246,708,31,66,-,-,-,-,-,-,-,-,-,-,-,-,-,-,-,-,-,-,-,2,7,-,-,-,-,-,-,-,57,1,-,-,-,-,-,-,1,-,-,-,609,-,-,20,-,-,20,3,-,-,-,-,3,14,41,31,31,-,-,-,-,-,-,-,-,-,-,-,-,-,-,-,501
377,"ti.00000","0","全国","sanD1B.0362","5","　　　　　9091 家具修理業",161,413,2764,2738,-,-,-,-,-,-,-,-,-,-,-,-,-,-,-,-,-,-,-,-,-,-,-,-,-,-,-,-,-,-,-,3,3,-,-,-,-,3,1,-,-,1,-,-,-,-,-,-,-,-,-,-,-,-,-,-,-,-,-,7,-,7,-,-,-,-,-,-,-,-,-,-,-,-,-,-,-,-,-,-,-,-,7,-,-,-,-,-,-,-,-,-,-,-,-,-,-,-,-,-,-,-,-,-,-,-,-,-,-,-,-,-,-,-,-,-,-,-,-,-,-,-,-,-,-,-,-,-,-,-,-,-,-,-,-
378,"ti.00000","0","全国","sanD1B.0363","5","　　　　　9092 時計修理業",198,1042,9415,8533,-,-,-,-,-,-,-,-,-,-,-,-,-,-,-,-,-,-,-,-,-,-,-,-,-,-,-,-,-,-,-,1,1,-,-,-,-,1,-,-,-,1,-,-,-,-,-,-,-,-,-,-,-,-,-,-,-,-,-,1,-,-,-,-,-,-,-,-,-,-,-,-,-,-,-,-,-,-,-,-,-,-,-,-,-,-,-,-,-,-,-,1,-,-,-,-,-,-,1,-,-,-,-,-,-,-,-,-,-,-,-,-,-,-,-,-,-,-,-,-,-,-,-,-,-,-,-,-,-,-,-,-,-,-,-
379,"ti.00000","0","全国","sanD1B.0364","5","　　　　　9093 履物修理業",948,1732,13788,13703,-,-,-,-,-,-,-,-,-,-,-,-,-,-,-,-,-,-,-,-,-,-,-,-,-,-,-,-,-,-,-,2,2,-,-,-,-,2,-,-,-,2,-,-,-,-,-,-,-,-,-,-,-,-,-,-,-,-,-,6,-,-,-,-,-,-,-,-,-,-,-,-,-,-,-,-,-,-,-,-,-,-,-,-,-,-,-,-,-,-,-,-,-,-,-,-,-,-,-,-,-,-,6,-,-,-,-,-,-,-,-,-,-,-,-,5,-,-,-,-,-,-,-,-,-,-,-,-,-,-,-,-,-,-,1
380,"ti.00000","0","全国","sanD1B.0365","5","　　　　　9094 かじ業",34,54,155,155,-,-,-,-,-,-,-,-,-,-,-,-,-,-,-,-,-,-,-,-,-,-,-,-,-,-,-,-,-,-,-,-,-,-,-,-,-,-,-,-,-,-,-,-,-,-,-,-,-,-,-,-,-,-,-,-,-,-,-,-,-,-,-,-,-,-,-,-,-,-,-,-,-,-,-,-,-,-,-,-,-,-,-,-,-,-,-,-,-,-,-,-,-,-,-,-,-,-,-,-,-,-,-,-,-,-,-,-,-,-,-,-,-,-,-,-,-,-,-,-,-,-,-,-,-,-,-,-,-,-,-,-,-,-,-
381,"ti.00000","0","全国","sanD1B.0366","5","　　　　　9099 他に分類されない修理業",2663,9901,95436,94898,11,11,-,-,-,-,-,-,-,11,-,-,11,-,-,-,-,-,0,-,-,-,-,-,-,-,0,-,-,-,0,131,129,26,0,-,25,103,86,-,1,10,-,1,6,2,-,-,-,-,-,-,-,-,2,-,-,-,2,48,-,10,-,-,-,-,-,-,-,-,-,-,-,-,-,-,-,-,-,-,-,-,-,-,-,-,-,-,-,-,10,-,-,-,-,-,-,-,-,-,-,-,38,-,-,-,-,-,-,-,-,-,-,-,-,9,-,-,-,-,-,-,-,-,-,-,-,-,-,-,-,-,-,-,30
382,"ti.00000","0","全国","sanD1B.0367","2","　　91 職業紹介・労働者派遣業",13950,871808,5739478,5657590,33446,31152,11401,9891,1509,483,418,65,-,12691,4148,6195,2348,2297,1953,343,290,3991,2294,810,96,226,488,455,28,427,1029,-,9,101,919,12396,10144,1530,117,923,490,8614,4294,22,295,1689,13,583,1719,2252,510,464,45,205,48,157,295,70,1173,-,-,1,1171,52906,225,18002,514,21,-,-,68,35,143,14,233,574,140,-,101,-,207,71,10,44,1,-,2258,20,-,2184,1062,1093,29,-,12453,14208,65,817,348,0,9,23,2487,41,2636,7781,20471,-,31,3555,3240,5,310,9454,1494,1151,4041,130,2638,1087,325,-,-,-,-,814,-,576,-,-,238,-,-,-,54,5,326,1313,3506
383,"ti.00000","0","全国","sanD1B.0368","3","　　　911 職業紹介業",3948,62222,867821,864808,3307,2496,205,205,-,-,-,-,-,132,50,82,-,1917,1917,-,56,186,811,383,5,6,373,427,-,427,0,-,-,-,0,1270,1203,741,-,717,24,462,118,10,3,75,5,182,69,67,-,-,-,-,-,-,28,0,39,-,-,-,39,12561,15,1464,70,-,-,-,61,9,-,-,-,-,-,-,-,-,-,-,-,-,-,-,1247,-,-,13,0,12,-,-,134,10853,-,808,-,-,9,-,2255,-,210,7573,229,-,-,179,100,-,79,-,-,-,-,-,-,-,-,-,-,-,-,-,-,-,-,-,-,-,-,-,-,-,-,-,51
384,"ti.00000","0","全国","sanD1B.0369","5","　　　　　9111 職業紹介業",3948,62222,867821,864808,3307,2496,205,205,-,-,-,-,-,132,50,82,-,1917,1917,-,56,186,811,383,5,6,373,427,-,427,0,-,-,-,0,1270,1203,741,-,717,24,462,118,10,3,75,5,182,69,67,-,-,-,-,-,-,28,0,39,-,-,-,39,12561,15,1464,70,-,-,-,61,9,-,-,-,-,-,-,-,-,-,-,-,-,-,-,1247,-,-,13,0,12,-,-,134,10853,-,808,-,-,9,-,2255,-,210,7573,229,-,-,179,100,-,79,-,-,-,-,-,-,-,-,-,-,-,-,-,-,-,-,-,-,-,-,-,-,-,-,-,51
385,"ti.00000","0","全国","sanD1B.0370","3","　　　912 労働者派遣業",10002,809586,4871658,4792782,30140,28656,11196,9686,1509,483,418,65,-,12559,4098,6113,2348,379,36,343,234,3804,1484,427,91,221,115,29,28,0,1029,-,9,101,919,11127,8941,789,117,206,466,8152,4175,12,292,1614,8,401,1650,2185,510,464,45,205,48,157,267,70,1134,-,-,1,1132,40345,210,16539,444,21,-,-,7,26,143,14,233,574,140,-,101,-,207,71,10,44,1,-,1010,20,-,2171,1061,1080,29,-,12319,3354,65,10,348,0,-,23,232,41,2427,209,20241,-,31,3377,3140,5,231,9454,1494,1151,4041,130,2638,1087,325,-,-,-,-,814,-,576,-,-,238,-,-,-,54,5,326,1313,3455
386,"ti.00000","0","全国","sanD1B.0371","5","　　　　　9121 労働者派遣業",10002,809586,4871658,4792782,30140,28656,11196,9686,1509,483,418,65,-,12559,4098,6113,2348,379,36,343,234,3804,1484,427,91,221,115,29,28,0,1029,-,9,101,919,11127,8941,789,117,206,466,8152,4175,12,292,1614,8,401,1650,2185,510,464,45,205,48,157,267,70,1134,-,-,1,1132,40345,210,16539,444,21,-,-,7,26,143,14,233,574,140,-,101,-,207,71,10,44,1,-,1010,20,-,2171,1061,1080,29,-,12319,3354,65,10,348,0,-,23,232,41,2427,209,20241,-,31,3377,3140,5,231,9454,1494,1151,4041,130,2638,1087,325,-,-,-,-,814,-,576,-,-,238,-,-,-,54,5,326,1313,3455
387,"ti.00000","0","全国","sanD1B.0372","2","　　92 その他の事業サービス業",57979,1939622,19346811,18778144,63041,48239,10121,10072,49,3311,3216,42,53,28200,17290,7858,3053,2465,372,2093,275,3867,14802,3622,89,819,2714,829,820,10,10351,-,95,9164,1092,153406,129377,52510,43129,995,8386,76867,23287,418,2105,6095,173,4662,40127,24029,9249,8576,673,3670,2024,1646,4201,183,6726,26,8,42,6651,151278,7041,35398,1798,133,1040,67,-,169,-,270,120,6753,-,4,1499,4719,112,29,111,279,379,-,1902,2024,58,754,390,365,-,427,21302,32575,680,272,4064,101,47,391,442,2239,19273,5065,76265,-,-,9295,7042,528,1725,3592,3472,5,27,21,67,2406,1258,6,4,0,2,22714,286,84,1,2,21545,424,304,68,2445,51,15,4911,29572
388,"ti.00000","0","全国","sanD1B.0373","3","　　　921 速記・ワープロ入力・複写業",1152,8316,79018,76290,3571,3226,969,969,-,733,733,-,-,1210,243,57,911,145,4,141,-,169,345,1,-,-,1,344,344,-,1,-,1,-,-,376,311,1,-,-,1,310,207,-,9,21,-,22,51,65,-,-,-,65,65,-,-,-,-,-,-,-,-,1498,-,1277,12,9,-,-,-,-,-,2,-,147,-,-,17,16,-,-,4,109,-,-,-,-,-,0,0,-,-,-,1119,45,-,-,1,-,-,1,-,-,0,42,176,-,-,93,35,59,-,27,-,-,27,-,-,-,-,-,-,-,-,-,-,-,-,-,-,-,-,-,-,34,13,-,9
389,"ti.00000","0","全国","sanD1B.0374","5","　　　　　9211 速記・ワープロ入力業",84,638,5133,5121,735,735,-,-,-,733,733,-,-,2,-,-,2,-,-,-,-,-,-,-,-,-,-,-,-,-,-,-,-,-,-,6,6,1,-,-,1,5,-,-,-,5,-,-,-,-,-,-,-,-,-,-,-,-,-,-,-,-,-,2,-,2,-,-,-,-,-,-,-,-,-,-,-,-,-,-,-,-,-,-,-,-,-,-,-,-,-,-,-,-,2,-,-,-,-,-,-,-,-,-,-,-,-,-,-,-,-,-,-,-,-,-,-,-,-,-,-,-,-,-,-,-,-,-,-,-,-,-,-,-,-,-,-,-,-
390,"ti.00000","0","全国","sanD1B.0375","5","　　　　　9212 複写業",991,6940,62455,61543,2084,2083,968,968,-,-,-,-,-,848,243,7,598,135,4,130,-,132,1,1,-,-,1,-,-,-,1,-,1,-,-,55,23,-,-,-,-,23,12,-,9,3,-,-,-,32,-,-,-,32,32,-,-,-,-,-,-,-,-,168,-,95,-,-,-,-,-,-,-,-,-,93,-,-,17,16,-,-,4,55,-,-,-,-,-,0,0,-,-,-,2,3,-,-,1,-,-,1,-,-,-,-,70,-,-,42,35,7,-,-,-,-,-,-,-,-,-,-,-,-,-,-,-,-,-,-,-,-,-,-,-,20,-,-,9
391,"ti.00000","0","全国","sanD1B.0376","3","　　　922 建物サービス業",23083,846006,5263536,4997643,2671,2601,84,84,-,45,9,36,-,2416,1541,164,712,4,-,4,8,44,71,38,-,38,-,-,-,-,32,-,27,-,5,109307,104244,49911,42927,822,6163,54333,12884,150,438,3953,96,1880,34932,5062,619,181,438,1471,1395,76,254,2,2717,-,-,-,2717,33177,503,2582,2,-,-,-,-,2,-,-,0,762,-,-,745,-,13,3,-,-,-,-,29,25,-,-,-,-,-,148,1617,372,56,-,108,-,-,27,1,117,57,6,29721,-,-,2215,1674,0,541,1,-,-,-,1,-,360,996,0,0,-,-,22401,235,75,-,2,21300,422,304,63,15,-,-,1396,2337
392,"ti.00000","0","全国","sanD1B.0377","5","　　　　　9221 ビルメンテナンス業",9138,469901,2538364,2460140,1716,1676,-,-,-,-,-,-,-,1642,1528,49,65,1,-,1,-,34,40,35,-,35,-,-,-,-,5,-,-,-,5,20944,20076,1726,43,176,1508,18350,6380,68,317,1431,87,1019,9049,868,106,64,42,152,151,1,138,0,472,-,-,-,472,3680,-,242,2,-,-,-,-,2,-,-,0,1,-,-,-,-,1,0,-,-,-,-,4,25,-,-,-,-,-,87,124,102,-,-,-,-,-,0,-,102,-,-,3336,-,-,816,684,0,132,1,-,-,-,1,-,321,336,0,0,-,-,1757,189,-,-,-,1256,247,62,2,4,-,-,-,101
393,"ti.00000","0","全国","sanD1B.0378","5","　　　　　9229 その他の建物サービス業",12829,326450,2173938,2132417,207,177,39,39,-,-,-,-,-,117,2,114,-,3,-,3,8,10,30,3,-,3,-,-,-,-,27,-,27,-,-,3669,2895,678,30,26,622,2217,470,30,27,600,2,228,860,774,8,4,4,76,76,-,39,2,649,-,-,-,649,1779,163,797,-,-,-,-,-,-,-,-,-,659,-,-,646,-,13,-,-,-,-,-,23,-,-,-,-,-,-,-,115,72,-,-,45,-,-,27,-,-,-,-,747,-,-,17,4,-,12,-,-,-,-,-,-,28,-,-,-,-,-,488,30,53,-,2,23,125,221,33,-,-,-,3,212
394,"ti.00000","0","全国","sanD1B.0379","3","　　　923 警備業",7302,357948,2370709,2286384,676,674,4,4,-,-,-,-,-,314,-,314,-,-,-,-,26,330,1,-,-,-,-,-,-,-,1,-,-,-,1,12170,3579,358,120,43,195,3221,596,0,54,319,9,81,2162,8591,8005,7973,32,167,31,137,136,-,283,-,-,29,254,2651,-,316,-,-,-,-,-,-,-,-,-,-,-,-,-,-,-,-,-,-,-,-,27,-,58,75,75,-,-,-,157,1303,-,-,5,-,-,1,-,-,1298,-,1032,-,-,668,242,426,-,-,-,-,-,-,-,-,-,-,-,-,-,96,-,3,-,-,89,2,-,2,-,-,-,131,137
395,"ti.00000","0","全国","sanD1B.0380","5","　　　　　9231 警備業",7302,357948,2370709,2286384,676,674,4,4,-,-,-,-,-,314,-,314,-,-,-,-,26,330,1,-,-,-,-,-,-,-,1,-,-,-,1,12170,3579,358,120,43,195,3221,596,0,54,319,9,81,2162,8591,8005,7973,32,167,31,137,136,-,283,-,-,29,254,2651,-,316,-,-,-,-,-,-,-,-,-,-,-,-,-,-,-,-,-,-,-,-,27,-,58,75,75,-,-,-,157,1303,-,-,5,-,-,1,-,-,1298,-,1032,-,-,668,242,426,-,-,-,-,-,-,-,-,-,-,-,-,-,96,-,3,-,-,89,2,-,2,-,-,-,131,137
396,"ti.00000","0","全国","sanD1B.0381","3","　　　929 他に分類されない事業サービス業",26442,727352,11633548,11417827,56123,41738,9065,9016,49,2533,2474,7,53,24259,15506,7323,1430,2316,367,1949,241,3323,14385,3583,89,781,2713,486,476,10,10316,-,67,9164,1086,31553,21243,2241,83,130,2028,19002,9600,268,1604,1802,68,2679,2982,10310,625,423,203,1966,533,1433,3811,181,3726,26,8,13,3680,113952,6538,31223,1785,124,1040,67,-,167,-,268,120,5845,-,4,736,4702,98,26,107,170,379,-,1846,1999,-,680,315,365,-,279,18410,30855,624,272,3951,101,47,362,441,2121,17918,5017,45336,-,-,6318,5091,43,1184,3565,3472,5,-,21,67,2047,262,6,4,0,2,217,51,5,1,-,156,-,-,3,2430,17,2,3384,27088
397,"ti.00000","0","全国","sanD1B.0382","5","　　　　　9291 ディスプレイ業",564,9524,180087,175431,101,24,-,-,-,-,-,-,-,-,-,-,-,-,-,-,-,24,76,11,-,-,11,-,-,-,66,-,-,-,66,1464,54,-,-,-,-,54,36,-,-,18,-,-,-,1410,53,10,43,-,-,-,2,14,1341,3,-,-,1338,1308,-,304,-,-,-,-,-,-,-,-,-,272,-,1,82,78,89,-,3,19,-,-,10,-,-,-,-,-,-,-,22,1003,4,1,6,0,-,212,-,47,587,146,1,-,-,-,-,-,-,-,-,-,-,-,-,-,-,-,-,-,-,-,-,-,-,-,-,-,-,-,-,-,1,-,-
398,"ti.00000","0","全国","sanD1B.0383","5","　　　　　9292 産業用設備洗浄業",179,2482,37488,36280,-,-,-,-,-,-,-,-,-,-,-,-,-,-,-,-,-,-,-,-,-,-,-,-,-,-,-,-,-,-,-,16,-,-,-,-,-,-,-,-,-,-,-,-,-,16,1,-,1,-,-,-,-,-,14,-,-,-,14,151,-,-,-,-,-,-,-,-,-,-,-,-,-,-,-,-,-,-,-,-,-,-,-,-,-,-,-,-,-,-,-,-,-,-,-,-,-,-,-,-,-,-,151,-,-,-,-,-,-,-,-,-,-,-,-,-,-,-,-,-,-,-,-,-,-,-,-,-,-,-,109,-,-,-,42
399,"ti.00000","0","全国","sanD1B.0384","5","　　　　　9293 看板書き業",342,896,8181,8063,-,-,-,-,-,-,-,-,-,-,-,-,-,-,-,-,-,-,-,-,-,-,-,-,-,-,-,-,-,-,-,2,2,-,-,-,-,2,-,-,-,2,-,-,-,-,-,-,-,-,-,-,-,-,-,-,-,-,-,345,-,65,-,-,-,-,-,-,-,-,-,65,-,-,11,54,-,-,-,-,-,-,-,-,-,-,-,-,-,-,-,279,1,-,-,-,2,19,-,-,256,1,1,-,-,-,-,-,-,-,-,-,-,-,-,-,-,-,-,-,-,-,-,-,-,-,-,-,-,-,-,-,-,-,1
400,"ti.00000","0","全国","sanD1B.0385","5","　　　　　9294 コールセンター業",556,101343,738489,737494,3447,2654,328,323,5,60,7,-,53,1398,577,560,260,642,-,642,26,201,793,41,-,41,-,440,440,-,312,-,-,62,250,1482,211,-,-,-,-,211,115,-,-,87,-,2,7,1271,-,-,-,1271,-,1271,-,-,-,-,-,-,-,2588,-,128,-,-,-,-,-,-,-,-,-,36,-,3,18,6,-,-,9,-,-,-,65,-,-,26,26,-,-,-,1,2458,-,-,-,-,-,-,-,7,2349,101,2,-,-,-,-,-,-,-,-,-,-,-,-,-,-,-,-,-,-,-,-,-,-,-,-,-,-,-,-,-,-,-,2
401,"ti.00000","0","全国","sanD1B.0386","5","　　　　　9299 他に分類されないその他の事業サービス業",22873,552136,9663558,9638227,7040,5759,1271,1271,1,-,-,-,-,2317,1239,610,469,1197,-,1197,24,949,1281,79,3,55,22,1,1,-,1200,-,2,765,434,7832,6728,387,12,-,374,6341,3351,94,870,684,36,434,872,1103,354,295,59,211,175,37,140,2,396,7,-,1,387,7585,4205,1714,776,116,608,-,-,8,-,21,22,113,-,-,46,-,-,-,67,-,-,-,693,-,-,4,4,-,-,5,123,708,2,160,50,28,-,22,25,34,214,174,958,-,-,70,-,-,70,10,5,5,-,-,-,33,222,2,2,-,-,14,14,-,-,-,-,-,-,-,607,0,-,-,0
402,"ti.00000","0","全国","sanD1B.0387","2","　　95 その他のサービス業",3102,28622,357692,351082,596,596,14,14,-,-,-,-,-,57,1,49,6,-,-,-,3,523,-,-,-,-,-,-,-,-,-,-,-,-,-,13385,13308,1,-,1,-,13307,5768,2139,582,13,1585,2019,1201,77,2,2,-,5,2,3,1,1,68,23,0,11,33,800,35,24,-,-,-,-,-,-,-,-,-,-,-,-,-,-,-,-,-,-,-,-,1,18,-,-,-,-,-,-,5,320,2,0,-,55,-,1,-,-,262,0,421,-,-,-,-,-,-,-,-,-,-,-,-,6,-,-,-,-,-,-,-,-,-,-,-,-,-,-,-,-,-,-,415
403,"ti.00000","0","全国","sanD1B.0388","3","　　　951 集会場",2686,23179,248308,245353,591,591,14,14,-,-,-,-,-,55,-,49,6,-,-,-,-,523,-,-,-,-,-,-,-,-,-,-,-,-,-,12671,12595,1,-,1,-,12593,5372,2138,268,13,1585,2019,1199,76,1,1,-,5,2,3,1,1,68,23,0,11,33,395,31,24,-,-,-,-,-,-,-,-,-,-,-,-,-,-,-,-,-,-,-,-,1,18,-,-,-,-,-,-,5,320,2,0,-,55,-,1,-,-,262,0,20,-,-,-,-,-,-,-,-,-,-,-,-,6,-,-,-,-,-,-,-,-,-,-,-,-,-,-,-,-,-,-,14
404,"ti.00000","0","全国","sanD1B.0389","5","　　　　　9511 集会場",2686,23179,248308,245353,591,591,14,14,-,-,-,-,-,55,-,49,6,-,-,-,-,523,-,-,-,-,-,-,-,-,-,-,-,-,-,12671,12595,1,-,1,-,12593,5372,2138,268,13,1585,2019,1199,76,1,1,-,5,2,3,1,1,68,23,0,11,33,395,31,24,-,-,-,-,-,-,-,-,-,-,-,-,-,-,-,-,-,-,-,-,1,18,-,-,-,-,-,-,5,320,2,0,-,55,-,1,-,-,262,0,20,-,-,-,-,-,-,-,-,-,-,-,-,6,-,-,-,-,-,-,-,-,-,-,-,-,-,-,-,-,-,-,14
405,"ti.00000","0","全国","sanD1B.0390","3","　　　952 と畜場",73,2090,44763,41831,-,-,-,-,-,-,-,-,-,-,-,-,-,-,-,-,-,-,-,-,-,-,-,-,-,-,-,-,-,-,-,10,9,-,-,-,-,9,9,-,-,-,-,-,-,1,1,1,-,-,-,-,-,-,-,-,-,-,-,-,-,-,-,-,-,-,-,-,-,-,-,-,-,-,-,-,-,-,-,-,-,-,-,-,-,-,-,-,-,-,-,-,-,-,-,-,-,-,-,-,-,-,-,-,-,-,-,-,-,-,-,-,-,-,-,-,-,-,-,-,-,-,-,-,-,-,-,-,-,-,-,-,-,-,-
406,"ti.00000","0","全国","sanD1B.0391","5","　　　　　9521 と畜場",73,2090,44763,41831,-,-,-,-,-,-,-,-,-,-,-,-,-,-,-,-,-,-,-,-,-,-,-,-,-,-,-,-,-,-,-,10,9,-,-,-,-,9,9,-,-,-,-,-,-,1,1,1,-,-,-,-,-,-,-,-,-,-,-,-,-,-,-,-,-,-,-,-,-,-,-,-,-,-,-,-,-,-,-,-,-,-,-,-,-,-,-,-,-,-,-,-,-,-,-,-,-,-,-,-,-,-,-,-,-,-,-,-,-,-,-,-,-,-,-,-,-,-,-,-,-,-,-,-,-,-,-,-,-,-,-,-,-,-,-
407,"ti.00000","0","全国","sanD1B.0392","3","　　　959 他に分類されないサービス業",343,3353,64621,63898,4,4,-,-,-,-,-,-,-,1,1,-,-,-,-,-,3,-,-,-,-,-,-,-,-,-,-,-,-,-,-,704,704,-,-,-,-,704,387,1,315,-,0,-,2,-,-,-,-,-,-,-,-,-,-,-,-,-,-,405,4,-,-,-,-,-,-,-,-,-,-,-,-,-,-,-,-,-,-,-,-,-,-,-,-,-,-,-,-,-,-,-,-,-,-,-,-,-,-,-,-,-,401,-,-,-,-,-,-,-,-,-,-,-,-,-,-,-,-,-,-,-,-,-,-,-,-,-,-,-,-,-,-,-,401
408,"ti.00000","0","全国","sanD1B.0393","5","　　　　　9599 他に分類されないサービス業",343,3353,64621,63898,4,4,-,-,-,-,-,-,-,1,1,-,-,-,-,-,3,-,-,-,-,-,-,-,-,-,-,-,-,-,-,704,704,-,-,-,-,704,387,1,315,-,0,-,2,-,-,-,-,-,-,-,-,-,-,-,-,-,-,405,4,-,-,-,-,-,-,-,-,-,-,-,-,-,-,-,-,-,-,-,-,-,-,-,-,-,-,-,-,-,-,-,-,-,-,-,-,-,-,-,-,-,401,-,-,-,-,-,-,-,-,-,-,-,-,-,-,-,-,-,-,-,-,-,-,-,-,-,-,-,-,-,-,-,401
