iso2,country,checked_date,url,route,query,outcome,origin
AU,Australia,2026-09-09,https://www.abs.gov.au/statistics/industry/technology-and-innovation/film-television-and-digital-games-australia/latest-release,statistical_agency,ABS Film television digital games employment census,Inspected current original release and detailed glossary; 2016 and 2022 employment retained.,original search log
AU,Australia,2026-09-09,https://igea.net/2026/03/agds-2025/,industry_association,IGEA game development survey 2015 2025 employment archive,Original historical table and latest infographic/FAQ inspected.,original search log
AU,Australia,2026-09-09,https://igea.net/wp-content/uploads/2024/12/AGDS-2024-Report-Final.pdf,local_language,Australia game development employment FTE contractors national survey,English local-language sources inspected; footnotes distinguish FTEs/contractors from ABS persons.,original search log
BR,Brazil,2026-09-09,https://cnae.ibge.gov.br/?subclasse=6203100&tipo=cnae&versao=9&view=subclasse,statistical_agency,IBGE CNAE jogos digitais emprego desenvolvedores 6203-1/00,"IBGE classification indexed games within non-custom software, not an isolated game-workforce count; primary page 403 on direct retrieval. Abragames 2023 pp18-19 independently discusses the classification gap. No game-only annual administrative series verified.",original search log
BR,Brazil,2026-09-09,https://brazilgames.org/en/brazilian-games-industry-survey/,industry_association,Abragames Brazilian Games Industry Survey 2023 2024 2025 2026 employment,"Primary survey archive, 2018 summary and 2022/2023 full reports downloaded. Latest located workforce estimate 2023; 2024 Nordicity white paper repeats it.",original search log
BR,Brazil,2026-09-09,https://www.abragames.org/links-uteis.html,local_language,pesquisa industria brasileira games 2022 2023 profissionais estrangeiros terceirizados,"Portuguese primary 2022 report read, including work regime and nationality. Matched table-based historical totals against 2023 report; discovered conflicting historical chart labels.",original search log
CA,Canada,2026-09-09,https://www150.statcan.gc.ca/n1/pub/36-28-0001/2025008/article/00001-eng.htm,statistical_agency,Statistics Canada video game industry employment annual provinces 2025,"Full administrative study inspected and saved: annual 2013-2022 ILUs, provinces excluding territories.",original search log
CA,Canada,2026-09-09,https://theesa.ca/,industry_association,ESAC Canadian video game industry 2015 2017 2019 2021 2024 employment,"Downloaded primary ESAC reports; read 2015, 2017, 2021 and 2024 employment content, including the 2021 revision.",original search log
CA,Canada,2026-09-09,https://www150.statcan.gc.ca/n1/pub/36-28-0001/2025008/article/00001-fra.htm,local_language,Statistique Canada emploi industrie jeux video provinces 2025,French primary study inspected: confirms classification and ILU coverage; not a separate source of nationality.,original search log
CN,China,2026-09-09,https://www.stats.gov.cn/hd/lyzx/zxgk/202609/t20260903_1965184.html,statistical_agency,site.stats.gov.cn 游戏 从业人员 2023 2024 文化新业态,"NBS response directs detailed subclasses to economic census; annual cultural-new-form aggregate combines 16 categories, no annual game-only core series.",original search log
CN,China,2026-09-09,https://www.cgigc.com.cn/,industry_association,中国音数协 游戏工委 游戏产业报告 从业人员 2024 2025,GPC/CADPA report route checked; revenue and user totals easier to retrieve than employment. Primary CNG personnel chart inspected separately.,original search log
CN,China,2026-09-09,https://pdf.dfcfw.com/pdf/H3_AP202507181711204583_1.pdf?1752858662000.pdf=,local_language,中国 游戏产业 从业人员 人员规模 上市企业 2025 2021 2022,Located and inspected CNG listed-company panel and broad 2018 attributed estimate.,original search log
CY,Cyprus,2026-09-09,https://www.cystat.gov.cy/en/StaticPage?id=1226,statistical_agency,CYSTAT employment enterprise NACE 58.21 games,General employment tables found; no separately verified comprehensive games workforce. CYGMA combines administrative sources.,original search log
CY,Cyprus,2026-09-09,https://cygma.eu/news/cyprus-video-game-industry-report-2025-published/,industry_association,CYGMA Cyprus video game industry report 2025 employment,"Full original 2025 report downloaded, release dated 17 August 2026; historical employment inspected.",original search log
CY,Cyprus,2026-09-09,https://library.cystat.gov.cy/Documents/Publication/EMPLOYMENT_ENT-NACE2-SIZE-2019-161220.pdf,local_language,Κύπρος απασχόληση έκδοση ηλεκτρονικών παιχνιδιών Στατιστική Υπηρεσία,Greek statistical-agency route located enterprise employment publication; broader classifications cannot substitute for the mapped games series.,original search log
DE,Germany,2026-09-09,https://www.destatis.de/,statistical_agency,site.destatis.de Computerspiele Beschäftigte 2024,Broad information-sector tables do not capture manually classified games firms; game association used.,original search log
DE,Germany,2026-09-09,https://www.game.de/publikationen/,industry_association,game annual report 2025 employment archive,2015–2018 chart plus 2019 and 2025 reports provide continuous core series.,original search log
DE,Germany,2026-09-09,https://www.game.de/guides/jahresreport-der-deutschen-games-branche-2019/03-games-branche-in-deutschland/,local_language,site.game.de 2019 Beschäftigte Entwickler Publisher,"Local-language report confirms 2019 decline to 11014, unlike broad ecosystem totals.",original search log
DK,Denmark,2026-09-09,https://www.dst.dk/,statistical_agency,site.dst.dk spilbranchen årsværk,Statistical source found through producer report; payroll FTE definitions inspected.,original search log
DK,Denmark,2026-09-09,https://gamesdenmark.dk/,industry_association,Games Denmark Danske Indholdsproducenter 2024,Full report downloaded and read.,original search log
DK,Denmark,2026-09-09,https://www.producentforeningen.dk/analyse/danske-indholdsproducenter-2024-tal-og-grafer,local_language,Danske Indholdsproducenter 2025 tal grafer beskæftigelse,Newer Tableau release fully downloaded and decoded through public .twb endpoint; no SPIL segment exists. Earlier 2018/2021 reports supply 2015/2016 vintages.,original search log
DK,Denmark,2026-09-09,https://public.tableau.com/workbooks/DanskeIndholdsproducenter2025.twb,industry_association,DanskeIndholdsproducenter 2025 public workbook download,"200 response with 44,152 byte packaged workbook; decoded all threeHyperfiles and verified onlyFILM/TV/REKLAME segments. Older guessed 2024/2023 workbook endpoints 404.",original search log
ES,Spain,2026-09-09,https://www.ine.es/,statistical_agency,site.ine.es videojuegos empleo desarrollo,Search returned broader/time-use material rather than dedicated development population; DEV used.,original search log
ES,Spain,2026-09-09,https://dev.org.es/libro_blanco/,industry_association,DEV Libro Blanco historical 2015 latest employment,"Read 2018, 2020, 2023, 2025 primary editions; 2023 retrospective history supplies 2015 onward.",original search log
ES,Spain,2026-09-09,https://dev.org.es/libro-blanco-2020/,local_language,Libro Blanco 2015 2016 empleo directo extranjeros freelance,Original Spanish wording distinguishes origin from citizenship; external freelancing from direct jobs.,original search log
FI,Finland,2026-09-09,https://stat.fi/en/statistics/tyokay,statistical_agency,site.stat.fi peliala työntekijät 2024,General employment tables found; no clean whole-games national series located.,original search log
FI,Finland,2026-09-09,https://neogames.fi/about-the-industry/,industry_association,Neogames 2024 report employment nationality,Full report read; 185-company employment evidence vs 71-company interviews separated.,original search log
FI,Finland,2026-09-09,https://neogames.fi/fi/kansainvalinen-liiketoiminta-vaatii-kansainvalista-osaamista/,local_language,Neogames 2024 kansalaisuutta kansainvälistä,Local-language association commentary defines international talent as people without Finnish citizenship.,original search log
FR,France,2026-09-09,https://www.insee.fr/,statistical_agency,site.insee.fr emploi jeux vidéo 2024,No clean complete national developer census found; EY report uses official statistical sources.,original search log
FR,France,2026-09-09,https://snjv.org/,industry_association,SNJV baromètre annuel jeu vidéo 2024 emploi,"Full report inspected; survey contract mix found, no validated national workforce stock therein.",original search log
FR,France,2026-09-09,https://www.artcena.fr/sites/default/files/medias/rapport-panorama-industries-culturelles-creatives-2025.pdf,local_language,site.cnc.fr jeu vidéo emplois 2024,French-language search found EY 2025 national FTE series and methodology.,original search log
GB,United Kingdom,2026-09-09,https://www.gov.uk/government/statistics/economic-estimates-employment-january-2025-to-december-2025-for-dcms-sectors,statistical_agency,DCMS employment computer games 2011 2025 data tables,"Downloaded 2026 release ODS; extracted games column, annual jobs and 2024/2025 confidence intervals. Employment type and nationality breakdowns unpublished (x).",original search log
GB,United Kingdom,2026-09-09,https://tiga.org/news,industry_association,TIGA Making Games in UK 2016 2018 2020 2023 2024 2025 employment,Read primary TIGA public releases and methods via official WordPress API; full commercial report not purchased.,original search log
GB,United Kingdom,2026-09-09,https://cms.ukie.org.uk/wp-content/uploads/2026/07/UK-Games-Industry-Workforce-Demographics-Survey-2025.pdf,local_language,UK games workforce demographic survey 2025 freelancer nationality,"Inspected English-language primary Ukie 2022 and 2025 survey reports, including survey dates, nationality and contract-type figures.",original search log
ID,Indonesia,2026-09-09,https://sirusa.web.bps.go.id/,statistical_agency,site.bps.go.id pengembang permainan tenaga kerja industri gim,"BPS creative-economy classifications/metadata include game development, but no clean annual game-only domestic population table retrieved.",original search log
ID,Indonesia,2026-09-09,https://ekraf.go.id/news/kementerian-ekraf-dan-agi-bangun-masa-depan-industri-gim-indonesia,industry_association,Asosiasi Game Indonesia AGI jumlah tenaga kerja pengembang gim 2024 2025,AGI/government ecosystem reporting checked; official author-posted mapping report supplied the usable lower-bound claim.,original search log
ID,Indonesia,2026-09-09,https://www.researchgate.net/publication/396196002_Peta_Ekosistem_Industri_Gim_Indonesia_2024_Menuju_Transformasi_Ekonomi_Digital_Nasional_2025,local_language,"Peta Ekosistem Industri Gim Indonesia 2024 2.112 talenta 64,23",Indonesian abstract inspected; lower-bound and broad-impact wording retained.,original search log
IL,Israel,2026-09-09,https://www.cbs.gov.il/he/publications/DocLib/2024/shnaton2024.pdf,statistical_agency,הלשכה המרכזית לסטטיסטיקה תעשיית משחקי מחשב מועסקים,"General high-tech/yearbook employment found, no separately established comprehensive games workforce.",original search log
IL,Israel,2026-09-09,https://www.gameis.org.il/,industry_association,GameIS Deloitte Israeli game industry report employees,Association reviewed; full Deloitte/GameIS report obtained from public mirror.,original search log
IL,Israel,2026-09-09,https://www.funder.co.il/article/136571,local_language,דוח גיימינג ישראל 2021 14000 עובדים 4000 דלויט,Hebrew 11 July 2022 coverage corroborates report release and figures; no proof of domestic-only coverage.,original search log
IN,India,2026-09-09,https://www.pib.gov.in/PressReleasePage.aspx?PRID=2096169&lang=1&reg=3,statistical_agency,site.pib.gov.in game industry employment developers AVGC 2025,Government AVGC policy figures found but too broad; government-hosted EY gaming estimate inspected.,original search log
IN,India,2026-09-09,https://gdai.in/about/,industry_association,site.gdai.in employment annual report 2025 India game developers,GDAI membership and future jobs vision are not a measured stock. Current 2026 academic survey is still a collection initiative.,original search log
IN,India,2026-09-09,https://static.pib.gov.in/WriteReadData/specificdocs/documents/2026/feb/doc2026217794401.pdf,local_language,भारत गेमिंग उद्योग कर्मचारी रोजगार 2025 डेवलपर,"Hindi policy and employment reporting checked; many job totals refer to RMG-ban exposure or future opportunities, not a core workforce count.",original search log
JP,Japan,2026-09-09,https://www.stat.go.jp/data/nenkan/75nenkan/19.html,statistical_agency,site.stat.go.jp e-stat ゲームソフトウェア業 従業者数 労働力調査,"Official labour tables were identified, but no verified annual core-game total extracted; labour classifications are broader.",original search log
JP,Japan,2026-09-09,https://www.cesa.or.jp/uploads/2025/release_game_industry_report2025.pdf,industry_association,site.cesa.or.jp ゲーム産業レポート2025 就業人口 CEDEC 就業形態,Primary association range and CEDEC employee/freelancer distributions inspected.,original search log
JP,Japan,2026-09-09,https://cedec.cesa.or.jp/2025/past_cedec/enquete/,local_language,ゲーム開発者 就業とキャリア形成 2024 2025 フリーランス 従業者数,Annual survey archive inspected; 2024 and 2025 reports downloaded. Earlier survey editions exist but no stock totals established.,original search log
KR,South Korea,2026-09-09,https://www.mcst.go.kr/,statistical_agency,MCST KOCCA 콘텐츠산업조사 게임산업 종사자 2015 2019,Official content statistics and White Paper tables inspected; national core and venue headcounts separable.,original search log
KR,South Korea,2026-09-09,https://welcon.kocca.kr/ko/info/report/1957738,industry_association,Korea game industry association employment KOCCA White Paper 2025,Association/industry route leads to the authoritative KOCCA White Paper series.,original search log
KR,South Korea,2026-09-09,https://welcon.kocca.kr/,local_language,대한민국 게임백서 종사자 제작 배급 정규직 비정규직 2015 2024,Korean language tables provide early-year stock and 2017 worker-status distribution.,original search log
MY,Malaysia,2026-09-09,https://myjobprofile.dosm.gov.my/bda-myjobprofile/job/2542/digital-games-and-e-sport-professionals,statistical_agency,site.dosm.gov.my digital games e-sport professionals employment,Official occupation 2542 combines digital games/esports; no game-development-only national stock verified.,original search log
MY,Malaysia,2026-09-09,https://www.mdec.my/ms/static/pdf/digitalcontent/SEA-Game-Talent-Economics-Report%202024_FINAL.pdf,industry_association,MDEC IGDA Malaysia game industry workforce employees talent report 2024,"Primary MDEC regional talent report inspected; sample and salaries, not national workforce.",original search log
MY,Malaysia,2026-09-09,https://www.mdec.my/static/pdf/digitalcontent/SEA-game-industry-report-2021.pdf,local_language,Malaysia industri permainan digital jumlah pekerja tenaga kerja pembangunan permainan,Malay/English industry routes checked; MDEC report and official occupation definitions insufficient for a comparable total.,original search log
NL,Netherlands,2026-09-09,https://www.cbs.nl/,statistical_agency,site.cbs.nl games employment computerspellen,No dedicated complete games workforce series found; report links official employment and business sources.,original search log
NL,Netherlands,2026-09-09,https://dutchgamesassociation.nl/games-monitor/,industry_association,Dutch Games Association Games Monitor 2024,Association archive and full report inspected.,original search log
NL,Netherlands,2026-09-09,https://dutchgamesassociation.nl/,local_language,Nederland games industrie banen Games Monitor 2024,Latest industry monitor identified; Dutch and English routes converge on primary report.,original search log
NO,Norway,2026-09-09,https://www.ssb.no/,statistical_agency,site.ssb.no dataspill sysselsetting ansatte,No dedicated whole-industry games series identified in targeted search.,original search log
NO,Norway,2026-09-09,https://www.virke.no/,industry_association,Virke Spillrapporten 2024 ansatte,Joint report with NFI identified and inspected.,original search log
NO,Norway,2026-09-09,https://www.nfi.no/nyheter/her-er-den-nyeste-spillrapporten,local_language,NFI nyeste spillrapporten 2024,Current Norwegian-language primary release confirms report published in 2026.,original search log
NZ,New Zealand,2026-09-09,https://datainfoplus.stats.govt.nz/item/nz.govt.stats/fe39918b-ed28-4775-bad4-eaab6bbea68f,statistical_agency,Statistics NZ ANZSIC game development workforce national employment,"Stats NZ employment-indicator methodology inspected: broad industry categories, no separately identified game-development count. Ministry for Culture evidence brief also states codes historically could not directly measure games jobs and cites NZGDA. MBIE rebate review download did not return PDF; rebate cohort is not whole population.",original search log
NZ,New Zealand,2026-09-09,https://www.nzgda.com/blog/category/Reports,industry_association,NZGDA industry survey archive 2015 through 2025,Annual original NZGDA releases recovered; 2016 original release hosted by IGEA.,original search log
NZ,New Zealand,2026-09-09,https://www.nzgda.com/blog/news/2024-industry-survey-results,local_language,New Zealand game developers survey employees visas contractors,"English local sources checked; current-versus-former visa status, overseas offices and contradictory 2024 count retained.",original search log
PH,Philippines,2026-09-09,https://psa.gov.ph/,statistical_agency,site.psa.gov.ph games development employment creative economy digital interactive,"Creative-economy satellite statistics found, but creative/digital-interactive employment is broader than core game studios.",original search log
PH,Philippines,2026-09-09,https://gdap.org.ph/news/,industry_association,GDAP Philippines game industry workforce employees 2023 2024 2025,Current GDAP news checked; no national annual stock or documented freelancer/nationality ratio retrieved.,original search log
PH,Philippines,2026-09-09,https://boi.gov.ph/boi-approves-micro-enterprise-game-development-project/,local_language,Pilipinas industriya laro game development manggagawa empleyado GDAP,Filipino/local-market search found BOI games-development source; no verified newer comparable national figure.,original search log
PL,Poland,2026-09-09,https://stat.gov.pl/,statistical_agency,site.stat.gov.pl gry komputerowe zatrudnienie,Dedicated developer workforce series not found through statistical-office route; government agency PARP reports located.,original search log
PL,Poland,2026-09-09,https://gic.gd/,industry_association,Game Industry Conference Poland 2025 report,GIC-authored primary report inspected through PARP.,original search log
PL,Poland,2026-09-09,https://www.parp.gov.pl/component/content/article/74701%3Athe-game-industry-of-poland-2021,local_language,site.parp.gov.pl branża gier zatrudnienie raport 2021,Polish-language agency release and reports found; production employment distinct from prior-year revenue.,original search log
RO,Romania,2026-09-09,https://insse.ro/,statistical_agency,site.insse.ro jocuri video salariati industria,No clean dedicated national development workforce found through statistical-office query.,original search log
RO,Romania,2026-09-09,https://rgda.ro/romanias-video-games-industry-report-2024/,industry_association,RGDA industry reports 2025 archive,Association archive and 2022–2024 primary infographics inspected.,original search log
RO,Romania,2026-09-09,https://rgda.ro/wp-content/uploads/2025/09/2025-09-12-RGDA-Romania-game-development-industry-in-2024-RO-BT.pdf,local_language,site.rgda.ro angajați 2025 6.100,Romanian original confirms 6100 employees for 2024.,original search log
RS,Serbia,2026-09-09,https://www.stat.gov.rs/en-us/,statistical_agency,site.stat.gov.rs video games employment,No dedicated games workforce series identified in targeted statistical-office search.,original search log
RS,Serbia,2026-09-09,https://sga.rs/en/,industry_association,Serbian Games Association 2025 annual report,Full report and publisher release inspected.,original search log
RS,Serbia,2026-09-09,https://sga.rs/,local_language,site.sga.rs gejming industrija 2025 zaposlenih 4200,Local-language coverage located; original SGA report retained as numerical authority.,original search log
SE,Sweden,2026-09-09,https://www.scb.se/,statistical_agency,site.scb.se spelutveckling sysselsatta 2024 dataspel,No dedicated complete national games series found in search; GDI explicitly uses SCB and registry data plus manual recoding.,original search log
SE,Sweden,2026-09-09,https://dataspelsbranschen.squarespace.com/game-developer-index,industry_association,Dataspelsbranschen Game Developer Index 2025 archive,Full current report and historical archive inspected.,original search log
SE,Sweden,2026-09-09,https://dataspelsbranschen.squarespace.com/nyheter/2025/11/10/spelundret-hotas-trots-rekordr,local_language,site.dataspelsbranschen.se 2024 anställda,Swedish release confirms 2024 reporting basis; English report used for definitions.,original search log
SG,Singapore,2026-09-09,https://www.mddi.gov.sg/newsroom/infocomm-and-media-professionals-required/,statistical_agency,Singstat IMDA annual survey infocomm media manpower games employment,Official manpower answer found; broader tech/media totals were not substituted.,original search log
SG,Singapore,2026-09-09,https://www.linkedin.com/posts/singapore-games-association_as-part-of-sggas-support-for-the-games-industry-activity-7181865724779331584-HWL9,industry_association,Singapore Games Association employment survey workforce 2024,"SGGA talent-economics survey participation found; MDEC 2024 regional report is a 295-person sample, not a national stock.",original search log
SG,Singapore,2026-09-09,https://www.zaobao.com.sg/finance/singapore/story20241018-5179879,local_language,新加坡 游戏产业 从业人员 员工 2000,Chinese-language industry reporting checked; no better national core count found.,original search log
TR,Turkey,2026-09-09,https://veriportali.tuik.gov.tr/tr/press/54059,statistical_agency,TÜİK oyun geliştirme istihdam çalışan sayısı 58.21,General labor-force statistics found; no games-specific national extraction verified. Invest Türkiye 2025 report downloaded and screened; studio size and investment data do not give a national total.,original search log
TR,Turkey,2026-09-09,https://toged.org/,industry_association,TOGED oyun sektörü çalışan istihdam rapor EGDF,Association website checked; TOGED submission located in original EGDF report and employment bar visually inspected.,original search log
TR,Turkey,2026-09-09,https://www.turkiyeoyunsektoruraporu.com/tr/turkiye-oyun-sektoru-raporlari/,local_language,Türkiye oyun sektörü raporu çalışan 2500 3000 2023 2025,Local archive and 2023/2025 reports checked; thesis range retained as unverifiable secondary attribution.,original search log
TW,Taiwan,2026-09-09,https://moda.gov.tw/ADI/services/govinfo/dataset-history/1225,statistical_agency,台灣 數位遊戲 產業 從業人員 經濟部 數位發展部 統計,Digital-industry official statistics route located; no clean annual domestic core headcount verified.,original search log
TW,Taiwan,2026-09-09,https://taicca.tw/intelligence/industry_research/list/1,industry_association,台灣 遊戲產業協會 從業人員 調查 TAICCA,Industry survey route leads to TAICCA primary annual studies; 2022 full text and newer publication landings inspected.,original search log
TW,Taiwan,2026-09-09,https://taicca.tw/files/book/1741142752642.pdf,local_language,遊戲產業 從業人員 9929 133 2022 2023 2024,"Chinese-language employment definition and footnote show sample-only figure, with missing answers imputed.",original search log
UA,Ukraine,2026-09-09,https://www.ukrstat.gov.ua/,statistical_agency,site.stat.gov.ua game development employment Ukraine,Dedicated nationally complete games employment series not identified.,original search log
UA,Ukraine,2026-09-09,https://ugda.org.ua/,industry_association,site.ugda.org.ua employment games Ukraine,No usable association employment observation found in targeted search.,original search log
UA,Ukraine,2026-09-09,https://gamedev.dou.ua/articles/top-gamedev-companies-2026/,local_language,site.gamedev.dou.ua Топ-25 геймдев-компаній лютий2026,Original Ukrainian-language methodology and selected company history inspected.,original search log
US,United States,2026-09-09,https://www.bls.gov/oes/2023/may/naics4_513200.htm,statistical_agency,site.bls.gov video game industry software publishers employment NAICS,BLS software publishing includes non-game software; rejected as game-only employment.,original search log
US,United States,2026-09-09,https://www.theesa.com/resources/,industry_association,ESA economic impact 2026 2024 2020 2017 employment,"Downloaded primary 2017, 2020, 2024 and 2026 reports.",original search log
US,United States,2026-09-09,https://www.theesa.com/wp-content/uploads/2026/04/EIR_2026_FINAL.pdf,local_language,US video game workforce contractors foreign nationals employment statistics,English source methods distinguish domestic remote workers and service firms but do not establish individual freelancer or nationality census.,original search log
VN,Vietnam,2026-09-09,https://www.nso.gov.vn/,statistical_agency,site.nso.gov.vn site.gso.gov.vn lao động ngành game phần mềm trò chơi,General official labour statistics did not yield a separately verified game-development workforce.,original search log
VN,Vietnam,2026-09-09,https://vinasa.org.vn/,industry_association,site.vinasa.org.vn game nhân lực lao động doanh nghiệp trò chơi,Software/IT and game-association routes checked; no reproducible national annual core employment table found.,original search log
VN,Vietnam,2026-09-09,https://baochinhphu.vn/nganh-cong-nghiep-game-viet-huong-toi-muc-tieu-ty-usd-102250526134104195.htm,local_language,ngành game Việt Nam 2024 4100 nhân sự 10000 lao động,Vietnamese government news and Nhan Dan interview inspected; source lineage and different scopes documented.,original search log
AU,Australia,2026-09-19,https://www.abs.gov.au/AUSSTATS/abs%40.nsf/mf/8515.0,archive extension,ABS 2006-07 digital game development,2007 | Census of identified businesses primarily developing games; headcount at last June pay period. | Accept 1431 people as source-native snapshot; first ABS games collection. | Primary page inspected with web; local HTML saved | Retain separately from differently defined surveys.,research-extension-2026-09-19/AU/source-visits.json
AU,Australia,2026-09-19,https://www.abs.gov.au/AUSSTATS/abs%40.nsf/Lookup/8515.0Explanatory%20Notes12006-07?OpenDocument,archive extension,ABS 2007 explanatory notes,"2007 | Industry lists plus research matched to business register; ABN unit. | No sampling error does not remove nonresponse, frame or reporting error. | Primary page inspected with web; local HTML saved | Retain separately from differently defined surveys.",research-extension-2026-09-19/AU/source-visits.json
AU,Australia,2026-09-19,https://www.abs.gov.au/AUSSTATS/abs%40.nsf/Previousproducts/8679.0Main%20Features32011-12,archive extension,ABS 2011-12 summary,"2012 | Digital game developers; end-June headcount. | Accept 581 people, not FTE. | Primary page inspected with web; local HTML saved | Retain separately from differently defined surveys.",research-extension-2026-09-19/AU/source-visits.json
AU,Australia,2026-09-19,https://www.abs.gov.au/AUSSTATS/abs%40.nsf/Lookup/8679.0Explanatory%20Notes12011-12,archive extension,ABS 2012 explanatory notes,"2007,2012 | Census of businesses mainly developing games; industry lists and research. Last June pay period. | Excludes support studios and gambling-machine producers. Historical comparisons require caution; not designed for accurate change estimates. | Primary page inspected with web; local HTML saved | Retain separately from differently defined surveys.",research-extension-2026-09-19/AU/source-visits.json
AU,Australia,2026-09-19,https://www.abs.gov.au/statistics/industry/technology-and-innovation/film-television-and-digital-games-australia,archive extension,ABS release archive,"2012,2016,2022 | Semi-regular industry collection. | 2021-22 remains listed latest; earlier film releases do not imply pre2007 games coverage. | Primary page inspected with web; local HTML saved | Retain separately from differently defined surveys.",research-extension-2026-09-19/AU/source-visits.json
AU,Australia,2026-09-19,https://igea.net/2016/12/australian-game-development-industry-a-significant-export-opportunity/,archive extension,IGEA first development survey,"2016 | 63 qualifying respondents, minimum AUD25000 games-production turnover; online distribution to over225 companies. | Confirms existing842; historical sample is not a complete census. | Primary page inspected with web; local save failed: HTTPError | Retain separately from differently defined surveys.",research-extension-2026-09-19/AU/source-visits.json
AU,Australia,2026-09-19,https://igea.net/2018/01/australian-game-developers-march-generating-118-5m-spite-limited-recognition-support/,archive extension,IGEA 2017 survey,2017 | 114 usable responses from distribution over280 companies; source states FTE. | Confirms existing928; changed respondent pool. | Primary page inspected with web; local save failed: HTTPError | Retain separately from differently defined surveys.,research-extension-2026-09-19/AU/source-visits.json
AU,Australia,2026-09-19,https://igea.net/2026/03/agds-2025/,archive extension,IGEA FY2025 release,2025 | Survey plus supplementary sources introduced this edition. | Confirms existing2443 full-time positions; no new accepted row; preserve augmented-series break. | Primary page inspected with web; local save failed: HTTPError | Retain separately from differently defined surveys.,research-extension-2026-09-19/AU/source-visits.json
AU,Australia,2026-09-19,https://www.abs.gov.au/AUSSTATS/abs%40.nsf/mf/8515.0,archive extension,Main historical marker review,2007 | Source-native employment unit and reference date; changing coverage. | Rechecked original release and period. Isolated markers only; no historical joins. | Primary webpage read,research-extension-2026-09-19/AU/source-visits.json
BR,Brazil,2026-09-19,https://www.abragames.org/links-uteis.html,archive extension,Links Úteis,"2004, 2005, 2008, 2014, 2018, 2022, 2023, 2024 archive entries; page live in 2026 | Publisher archive/index. It links the original Abragames studies, the BNDES/USP I Census and the Ministry of Culture/Homo Ludens II Census, then the 2022/2023 Brazil Games surveys. | Primary archive route rechecked 19 September 2026. Latest listed industry survey remains 2023; later entries include policy/white papers, not a newly measured workforce. This does not rule out material outside the archive. | full HTML page read | Use as the discovery index only; cite the linked original PDFs for observations. Recheck the archive for a future survey edition before claiming a current workforce total.",research-extension-2026-09-19/BR/source-visits.json
BR,Brazil,2026-09-19,https://www.abragames.org/uploads/5/6/8/0/56805537/pesquisa_2005_-_a_industria_de_desenvolvimento_de_jogos_eletronicos_no_brasil.pdf,archive extension,A Indústria de Desenvolvimento de Jogos Eletrônicos no Brasil,"fieldwork 21 February-3 April 2005; publication 1 May 2005 | First mapping of Brazilian developer companies. The report identifies 55 active developers and says the average number of funcionários at game companies was approximately 15; it does not state a respondent denominator for that average in the extracted employment section. | Useful early context only. The 15 is an average employee count per company, not a national workforce count, and it excludes/does not clarify partners or contractors. No proposed employment-stock observation was created from it. | full PDF read | Retain the exact locator (printed p. 12, section 2.6 Empregabilidade) if an average-company-size series is later added; do not multiply 15 by the 55-company registry.",research-extension-2026-09-19/BR/source-visits.json
BR,Brazil,2026-09-19,https://www.abragames.org/uploads/5/6/8/0/56805537/pesquisa_2008_-_a_industria_brasileira_de_jogos_eletronicos.pdf,archive extension,A indústria brasileira de jogos eletrônicos: Um mapeamento do crescimento do setor nos últimos 4 anos,"publication July 2008; contemporaneous employment figure | Abragames mapping focused on domestic game production. The headline reports 560 professionals employed by 42 game-software companies. The final page thanks 32 companies that responded, without explaining the relationship to the 42-company employment scope. | Primary early employment figure, but method and founder/contractor treatment are incomplete. Keep it in a distinct reported-employees series, not the 2018/2022/2023 extrapolated developer-people series. | full PDF read | Use only with its 42-company and 'empregados' qualifier. Do not infer an annual 2005-2008 employment series from revenue graphics.",research-extension-2026-09-19/BR/source-visits.json
BR,Brazil,2026-09-19,https://www.abragames.org/uploads/5/6/8/0/56805537/i_censo_da_industria_brasileira_de_jogos_digitais_2.pdf,archive extension,"I Censo da Indústria Brasileira de Jogos Digitais, com Vocabulário Técnico sobre a IBJD","fieldwork 9-31 January 2014; publication/presentation July 2014; 2013 is a revenue-only reference year | Online open/closed questionnaire distributed through consolidated developer lists, association mailing, social networks and telephone follow-up. 135 complete questionnaires, 133 valid after duplicates. Workforce is a direct sum across those 133 responding developer companies. | Primary, reproducible bridge observation: 1,133 workers = 392 partners + 741 collaborators. Despite its title, this number is a respondent workforce total rather than a national extrapolation. Standalone freelancers and later value-chain roles were outside the stated focus. | full PDF read | Add as a survey-sample series only. Keep partners/founders and collaborators explicit; do not compare mechanically with later national estimates.",research-extension-2026-09-19/BR/source-visits.json
BR,Brazil,2026-09-19,https://www.abragames.org/uploads/5/6/8/0/56805537/af-iicenso-summary_2.pdf,archive extension,II Census of the Brazilian Digital Games Industry: Summary,"2018 workforce reference and publication | Existing packet records 2,731 people in census respondents and separately derives an estimated developer workforce from formal and informal groups. It is already represented in country/BR.json. | Primary governmental follow-on to the 2014 survey, but it is not a continuation on the same respondent or national-total basis. No duplicate proposal made in this extension. | full summary PDF already present in raw/BR/survey2018.pdf | Retain existing 2018 sample and estimated series with their separate definitions; do not replace either with the 2,731 respondent count.",research-extension-2026-09-19/BR/source-visits.json
BR,Brazil,2026-09-19,https://brazilgames.org/wp-content/uploads/2025/03/2023-relatorio-final-v4.3.3-ENG.pdf,archive extension,Brazilian Gaming Industry Survey 2023,"2023 employment estimate; English PDF upload 2025 | Existing packet records a firm-mapping/respondent-mean extrapolation for formal and informal developer groups. The employment section explicitly uses 2023, while other activity measures may use 2022. | Latest located source-native workforce estimate: 13,225 people. This extension does not duplicate the existing observation. Upload year is not the observation year. | full PDF already present in raw/BR/survey2023.pdf | Use 2023 as the latest actual estimate unless a later full survey is published; do not treat any later republication as a new year.",research-extension-2026-09-19/BR/source-visits.json
BR,Brazil,2026-09-19,https://brazilgames.org/wp-content/uploads/2024/11/nordicity_final-1.pdf,archive extension,A Oportunidade de Ouro: Como o Brasil Pode se Tornar um Líder Global em videogames,"June 2024 publication; cites 2023 employment and 2022 revenue | Policy white paper cites Abragames (2023) for Brazil's developer and employment figures; it does not conduct a new workforce survey. | Forward trace confirms 13,225 was still being repeated in 2024, not remeasured. Its wording calls outsourcing the predominant regime, but it must not be used to recast the 13,225 estimate as contractor-only or to create a 2024 observation. | full PDF read | Record as a repeat citation only. Seek a post-2023 Abragames/Brazil Games primary survey before adding another national workforce year.",research-extension-2026-09-19/BR/source-visits.json
BR,Brazil,2026-09-19,https://www.gov.br/cultura/pt-br/centrais-de-conteudo/publicacoes/game-e-cultura-2013-oportunidades/Oportunidadesdedesenvolvimento.pdf,archive extension,Game é Cultura: Oportunidades de desenvolvimento após o Marco Legal de Games (2026),"2026 publication; national industry evidence references 2023 survey; portions of policy discussion dated April 2025 | Government policy synthesis. National section pp.61-65 references Abragames 2023. Pages73-74 discuss broad software classification and proposed games-specific CNAE; pp.108-109 concern educational capacity. | Useful methodology context, no fresh national employment stock located. Do not turn publication year, company counts, global layoffs or hypothetical graduates into Brazilian workforce observations. Some secondary regional percentages and bibliography labels are inconsistent. | Full original PDF downloaded; national and classification sections read; document-wide employment keyword review; saved in BR/minc-2026-followup | Check IBGE/CONCLA current implementation and historical coverage, then any post-2023 primary survey. Keep regional census leads separate.",research-extension-2026-09-19/BR/source-visits.json
BR,Brazil,2026-09-19,https://ftp.ibge.gov.br/Informacoes_Gerais_e_Referencia/Classificacoes/CNAE/cnae2_2/cnae2_2_subclasses_20150609.pdf,archive extension,CNAE subclasses 2.2: official explanatory notes,"Historical CNAE 2.2 documentation, 2015 file | PDF page429 places computer games for all platforms in 6203-1/00 alongside operating systems and general applications. Pages285-286 classify electronic game manufacturing separately and exclude videogame apparatus to2640-0/00. | Do not use total6203-1/00 employment as games employment. Manufacturing label3240-0/01 is not a game-software developer category. | Full original PDF downloaded and relevant pages extracted | Historical code coverage verified; a separate company roster would be needed to isolate software games.",research-extension-2026-09-19/BR/source-visits.json
BR,Brazil,2026-09-19,https://cnae.ibge.gov.br/?subclasse=6203100&tipo=cnae&versao=&view=subclasse,archive extension,IBGE online lookup: 6203-1/00,Current indexed lookup checked 19 September 2026 | Games and virtual game items appear among descriptors of a broader non-customizable software subclass. | Descriptors are not separate statistical subclasses; cannot extract a national games workforce from the overall code. | Official search-index text reviewed; direct web and HTTP both failed (403/internal error) | Retain index/full-PDF access distinction; do not claim all current classification revisions audited.,research-extension-2026-09-19/BR/source-visits.json
BR,Brazil,2026-09-19,https://agenciadenoticias.ibge.gov.br/en/agencia-news/2184-news-agency/news/47252-ibge-e-fiesp-reforcam-parceria-em-seminario-pelos-90-anos-do-instituto-3,archive extension,IBGE and Fiesp seminar: CNAE 3.0 implementation timetable,"2026 announcement; implementation planned for2027 | Indexed official report quotes IBGE classification coordinator on planned CNAE3.0 implementation in2027. | Planning evidence only: not implemented games-specific codes, historical crosswalk, or employment data. | Official indexed text reviewed; full page returns403 | Check final adopted structure and crosswalk when available; do not treat an old strategic target as implementation proof.",research-extension-2026-09-19/BR/source-visits.json
BR,Brazil,2026-09-19,https://www.gov.br/trabalho-e-emprego/pt-br/noticias-e-conteudo/2026/marco/mte-atualiza-classificacao-brasileira-de-ocupacoes-e-inclui-seis-novas-atividades,archive extension,MTE announcement of six new occupations,"March2026 URL | Original announcement linked by Abragames. Direct access redirects to restricted-content login. | Unverified original instrument; no code, date or employment count accepted from this page. | Restricted-content redirect confirmed | Find public official CBO structure and effective dates; no login required for current research.",research-extension-2026-09-19/BR/source-visits.json
BR,Brazil,2026-09-19,https://www.linkedin.com/posts/abragames---brazilian-association-of-game-development-companies_gamesdev-jogoseletr%C3%B4nicos-mercadodetrabalho-activity-7442246581761781761-zrHD,archive extension,Abragames announcement: three games occupations recognized,"2026 announcement; exact date not verified | Association reports recognition of visual game artist, game designer and game narrative designer in CBO; links MTE announcement. | Useful primary association lead. Occupations differ from industry; three roles do not capture whole games workforce or provide historical coverage. | Association post text available in search index; underlying MTE page restricted | Verify CBO codes/effective dates and reporting uptake before considering a separate occupation series.",research-extension-2026-09-19/BR/source-visits.json
BR,Brazil,2026-09-19,https://cearajogos.com.br/files/2026/06/Censo-Fortaleza-Game-Dev-2024_pagenumber.pdf,archive extension,Censo Fortaleza Game Dev 2024,"October2024 questionnaire distribution;2026 publication | Voluntary online community survey with101 responses; channels and limitations documented onpp19-20. Regional sample includes interior residents. | Working-conditions evidence only, not employment stock. Page31:61 zero-games-income respondents overall;56 in89-person five-role subset. No national extrapolation. | Original70MB PDF downloaded; methodology/text reviewed; income chart rendered and inspected | Keep regional context separate; no chart addition.",research-extension-2026-09-19/BR/source-visits.json
BR,Brazil,2026-09-19,https://cearajogos.com.br/,archive extension,Ceará Jogos document archive,"2023 mapping and2024 census listed | Archive links state and city plans, statewide MPJ mapping and city-focused census. | Primary discovery route; no later census edition located in bounded check. | Full web page read | Do not interpret absence from this index as proof no successor exists.",research-extension-2026-09-19/BR/source-visits.json
BR,Brazil,2026-09-19,https://cearajogos.com.br/mpj-ce-mapeamento-2023/,archive extension,MPJ-CE mapping2023 PDF route,2023 | Web identifies36-page PDF but no extracted text; screenshots time out and local HTTP returns406. | Report contents/numbers not verified; no observation accepted. | PDF metadata only; original download failed | Recover alternative public issuer PDF if regional analysis requires it.,research-extension-2026-09-19/BR/source-visits.json
BR,Brazil,2026-09-19,"https://sebrae.com.br/sites/PortalSebrae/ufs/ce/arquivos/mapeamento-de-profissionais-de-jogos-no-ceara,40c8a8ce8751b810VgnVCM1000001b00320aRCRD",archive extension,Mapeamento de Profissionais de Jogos no Ceará: issuer description,"2023 mapping referenced by census/sector archive | Public description covers businesses, professionals and education initiatives in digital and analog games across Ceará. | Scope differs from Fortaleza digital-games community survey; no comparable employment time series established. | Public landing description read; full report not recovered | Require full methods, denominator and geography before comparing2023 and2024.",research-extension-2026-09-19/BR/source-visits.json
CA,Canada,2026-09-19,https://www150.statcan.gc.ca/n1/pub/36-28-0001/2025008/article/00001-eng.htm,archive extension,A profile of the video game industry in the Canadian provinces,2013–2022 | Tax-linked annual ILUs; not FTE or snapshot headcount. | Accepted 2013 and 2014 extension. Table 3 contradicts adjacent claim of a 2022 decline; retain table values. | full HTML inspected | Search future releases for 2023 onward. Pre-2013 continuation constrained by 2012 games classification introduction.,research-extension-2026-09-19/CA/source-visits.json
CA,Canada,2026-09-19,https://www150.statcan.gc.ca/n1/pub/36-28-0001/2026003/article/00003-eng.htm,archive extension,Potential occupational exposure to AI across selected cultural industries,2021 analysis; broader employment trends through 2025 | Linked Census/CEEDD sample restricted to stable employers and ages18–64; SEPH broader sectors. | Not an extension of the game-industry employment stock series. | full HTML inspected | Do not append software-publisher employment change to game-only ILUs.,research-extension-2026-09-19/CA/source-visits.json
CA,Canada,2026-09-19,https://theesa.ca/resources/,archive extension,ESAC resources route,Tool could not access this route; not evidence that reports are absent. | access failure | Use direct report URLs or current site navigation.,research-extension-2026-09-19/CA/source-visits.json
CA,Canada,2026-09-19,https://www150.statcan.gc.ca/n1/pub/36-28-0001/2025008/article/00001-eng.htm,archive extension,Main-agent comparability review,"[2013, 2014, 2015, 2016, 2017, 2018, 2019, 2020, 2021, 2022] | The source covers 2013-2022, excludes territories, defines jobs as ILUs allocated from annual T4 slips, and reports Total values of 27,612 for 2013 and 28,616 for 2014. Table 3 notes that employment is in individual labour units. | accepted_as_same_series_extension Source narrative says employment fell2021 to2022, while Table3 Total rises58279 to59689. Retain explicit table values; do not repeat narrative decline. | Primary page and method note re-read | Use only allowed series/year joins in trend-review.json.",research-extension-2026-09-19/CA/source-visits.json
CA,Canada,2026-09-19,https://www150.statcan.gc.ca/t1/tbl1/en/tv.action?pid=1410020201,archive extension,SEPH annual table and complete metadata,Current annual employment classifications:5112/5132 software and5415 computer systems | No separate513212 or541515; cannot extend games ILUs. | HTML and metadata downloaded and searched | Review quarterly allocation/benchmarking separately; retain distinct units and2016 break.,research-extension-2026-09-19/CA/source-visits.json
CA,Canada,2026-09-19,https://www150.statcan.gc.ca/n1/tbl/csv/36100652-eng.zip,archive extension,NCI quarterly table36-10-0652-01,"Product-perspective quarterly jobs, seasonally adjusted | 57 exact jobs rows2012Q1-2026Q1 extracted; archive preserved. Separate measure, no annual ledger insertion. | Official entire-table ZIP downloaded and parsed | Review quarterly allocation/benchmarking separately; retain distinct units and2016 break.",research-extension-2026-09-19/CA/source-visits.json
CA,Canada,2026-09-19,https://www150.statcan.gc.ca/n1/pub/13-607-x/2016001/1248-eng.htm,archive extension,Culture Satellite Account subdomain definitions,"Games and related interactive digital edutainment | Interactive media narrower than general digital media, but distinct from enterprise-industry scope. | Official indexed text inspected | Review quarterly allocation/benchmarking separately; retain distinct units and2016 break.",research-extension-2026-09-19/CA/source-visits.json
CA,Canada,2026-09-19,https://www150.statcan.gc.ca/n1/pub/13-607-x/2016001/1256-eng.htm,archive extension,Culture Satellite Account glossary,Jobs include self-employed/employees/unpaid family; part-time not prorated | Not FTE or unique workers; retain original jobs measure. | Primary indexed text inspected; direct web retrieval timed out | Review quarterly allocation/benchmarking separately; retain distinct units and2016 break.,research-extension-2026-09-19/CA/source-visits.json
CA,Canada,2026-09-19,https://www150.statcan.gc.ca/n1/daily-quotidien/260113/dq260113c-eng.htm,archive extension,NCI release methodological break note,"Seasonally adjusted, product perspective; break2015Q4-2016Q1 | Explicit statistical discontinuity, not real job losses. Do not connect across it. | Official HTML directly inspected | Review quarterly allocation/benchmarking separately; retain distinct units and2016 break.",research-extension-2026-09-19/CA/source-visits.json
CA,Canada,2026-09-19,https://www150.statcan.gc.ca/n1/pub/36-28-0001/2025008/article/00001-eng.htm,archive extension,Game-specific ILU forward search recheck,2013-2022 administrative series | Still ends2022; repeated search yielded no game-specific2023+ ILU extension. | Official indexed table rechecked | Review quarterly allocation/benchmarking separately; retain distinct units and2016 break.,research-extension-2026-09-19/CA/source-visits.json
CA,Canada,2026-09-19,https://www150.statcan.gc.ca/n1/tbl/csv/36100452-eng.zip,archive extension,PTCI annual interactive-media jobs: complete source CSV,"2010-2024 | Product-attributed jobs; Canada; vector v120591204; units, not thousands despite mixed-unit table heading. | 15 annual observations verified; 13 overlapping years reconcile to quarterly means within 0.25 jobs. Separate companion, not unique people or FTE. | Complete official ZIP downloaded and exact CSV rows parsed | Retain 2016 break; evaluate as alternative product-perspective measure, not a splice to ILU.",research-extension-2026-09-19/CA/source-visits.json
CA,Canada,2026-09-19,https://www150.statcan.gc.ca/n1/daily-quotidien/260602/dq260602a-eng.htm,archive extension,PTCI 2024 release: definition and 2016 revision,2010-2024 | Product perspective across producing industries; refined games and website-design measurement from 2016. | Current release confirms structural break; do not interpret 2015-2016 fall as jobs lost. | Official release directly inspected | Preserve separate pre-2016 and post-2016 segments.,research-extension-2026-09-19/CA/source-visits.json
CA,Canada,2026-09-19,https://www23.statcan.gc.ca/imdb/p2SV.pl?Function=getSurvey&Id=1541863,archive extension,"PTCI methodology, reference year 2022","2022 methodological vintage | Canadian Productivity Accounts job estimates; LFS control totals, mainly SEPH industry allocation; CSA benchmark framework. | Government model-based product allocation, not census of game studios. Documentation vintage recorded separately from 2024 data. | Official methods directly inspected | If detailed game allocation ratios are needed, locate current benchmark worksheets or published methodological appendix.",research-extension-2026-09-19/CA/source-visits.json
CA,Canada,2026-09-19,https://www23.statcan.gc.ca/imdb/p2SV.pl?Function=getSurvey&Id=1539957,archive extension,NCI methodology: annual benchmarking and quarterly projection reviewed,"Q4 2023 methodological vintage | Employment benchmarked to CSA/PTCI; SEPH projects current quarters; seasonally adjusted. | Annual and quarterly counts are linked estimates, not independent corroborating headcounts. No direct margin of error published. | Official estimation section directly inspected | Use observed reconciliation for archived vintage; do not double-count annual and quarterly observations as independent evidence.",research-extension-2026-09-19/CA/source-visits.json
CN,China,2026-09-19,https://pdf.dfcfw.com/pdf/H3_AP202507181711204583_1.pdf?1752858662000.pdf=,archive extension,CNG new productive forces report2025,"2021–2024 annual; H1 2024; H1 2025 estimate | Personnel scale of major listed game companies, as printed. The report supplies no constituent list, count, selection rule, domestic versus overseas allocation, game-segment allocation, or contractor treatment. | Contextual sample only. It must not be plotted as Chinese national or domestic game-only employment, and the annual values must not be combined with H1 observations. | PDF independently inspected in prior research batch | Find disclosed panel constituents before treating as national or longitudinal domestic measure.",research-extension-2026-09-19/CN/source-visits.json
CN,China,2026-09-19,https://www.stats.gov.cn/xxgk/tjbz/gjtjbz/201805/t20180509_1758925.html,archive extension,NBS government-series scope check,"2018 classifications / census;2026 response | Game activities split across classes; published groups broader than games. | The 2018 economic-census release gives 9.951m workers for the entire information-transmission/software/IT-service division, including 1.443m in internet and related services and 6.762m in software/IT services, but not a game-only total. The official culture-new-form grouping combines 16 small industries. | Research worker inspected; result preserved in findings.md | Seek detailed-class employment table, not broad IT/culture aggregate.",research-extension-2026-09-19/CN/source-visits.json
CN,China,2026-09-19,https://www.stats.gov.cn/sj/zxfb/202302/t20230203_1900527.html,archive extension,NBS government-series scope check,"2018 classifications / census;2026 response | Game activities split across classes; published groups broader than games. | The 2018 economic-census release gives 9.951m workers for the entire information-transmission/software/IT-service division, including 1.443m in internet and related services and 6.762m in software/IT services, but not a game-only total. The official culture-new-form grouping combines 16 small industries. | Research worker inspected; result preserved in findings.md | Seek detailed-class employment table, not broad IT/culture aggregate.",research-extension-2026-09-19/CN/source-visits.json
CN,China,2026-09-19,https://www.stats.gov.cn/hd/lyzx/zxgk/202609/t20260903_1965184.html,archive extension,NBS government-series scope check,"2018 classifications / census;2026 response | Game activities split across classes; published groups broader than games. | The 2018 economic-census release gives 9.951m workers for the entire information-transmission/software/IT-service division, including 1.443m in internet and related services and 6.762m in software/IT services, but not a game-only total. The official culture-new-form grouping combines 16 small industries. | Research worker inspected; result preserved in findings.md | Seek detailed-class employment table, not broad IT/culture aggregate.",research-extension-2026-09-19/CN/source-visits.json
CN,China,2026-09-19,https://www.jiemian.com/article/14873199.html,archive extension,CNG2026 listed-company release,"2026 report | For the 2026 report's own panels, major listed game companies are Chinese listed companies in 2025 game-revenue TOP50 whose 2025 game revenue exceeds 30% of total revenue; historical chart coverage is restricted to companies disclosing values in all corresponding periods. | No personnel/headcount aggregate or historical workforce chart found in the 2026 release or in the inspected 2024 and 2025 full listed/non-listed company reports. No new observations proposed. This definition is not printed in the 2025 new-productive-forces report and therefore cannot be assumed to define its p. 8 personnel chart. | Research worker inspected in follow-up | Do not retroactively assign this panel rule to a different report.",research-extension-2026-09-19/CN/source-visits.json
CY,Cyprus,2026-09-19,https://cygma.eu/cyprus-video-game-industry-report-2025/,archive extension,Cyprus Video Game Industry Report 2025,"[2019, 2020, 2021, 2022, 2023, 2024, 2025] | Inaugural national games report; CYGMA says its figures are informed estimates based on open data, with methodology and external-source discussion in the report. | Baseline supplied by task owner. Do not duplicate its 2019–2024 local tax-paying employment observations. It identifies C Business Advisors' Footprint 2024 as a contributing source. | accessible PDF and landing page | Use only if the underlying definition or source locators need reconciling; do not add duplicate observations.",research-extension-2026-09-19/CY/source-visits.json
CY,Cyprus,2026-09-19,https://www.cbusinessadvisors.com/wp-content/uploads/2026/07/Cyprus-Games-Industry-Footprint-2024.pdf,archive extension,Cyprus Games Industry Footprint 2024,"[2019, 2020, 2021, 2022, 2023, 2024] | Uses official CYSTAT statistics, designated NACE registration codes, a bottom-up industry review, and financial statements for 50 active games companies; described as a point-in-time informational snapshot. | Direct predecessor/source family. Its employment chart reproduces the supplied 1,438–4,320 sequence but calls it publishing employment and says it cannot tell Cyprus-based workers from remote workers abroad. Not a compatible additional games-local-workforce series. | accessible PDF; 11 pages | Seek the entity-to-NACE audit and payroll/residence definitions only if the publisher can release them.",research-extension-2026-09-19/CY/source-visits.json
CY,Cyprus,2026-09-19,https://www.cbusinessadvisors.com/c-business-advisors-publishes-cyprus-games-industry-footprint-for-2024/,archive extension,C Business Advisors publishes Cyprus Games Industry Footprint for 2024,"[2019, 2020, 2021, 2022, 2023, 2024] | Publisher announcement describing the Footprint's official-statistics basis and publishing-employment reference. | Confirms publication date and predecessor relationship, but adds no precise non-duplicative workforce count or definition. | accessible webpage | Archive with the PDF; no extraction needed.",research-extension-2026-09-19/CY/source-visits.json
CY,Cyprus,2026-09-19,https://cystatdb.cystat.gov.cy/pxweb/en/8.CYSTAT-DB/8.CYSTAT-DB__National%20Accounts__Annual%20National%20Accounts/0610060E.px/,archive extension,"Employment in Persons and Hours Worked by Economic Activity, Annual","[1995, 1996, 1997, 1998, 1999, 2000, 2001, 2002, 2003, 2004, 2005, 2006, 2007, 2008, 2009, 2010, 2011, 2012, 2013, 2014, 2015, 2016, 2017, 2018, 2019, 2020, 2021, 2022, 2023, 2024, 2025] | National Accounts annual employment measures: persons or hours; domestic employment, employees, and self-employed; NACE Rev. 2 activities. CYSTAT marks 2024 and 2025 provisional. | Authoritative but insufficiently detailed: J58 is all publishing and J62–63 combines computer programming/consultancy/information services. No 58.2, 58.21 or video-game activity cell. Broad-sector values excluded. | accessible PxWeb table and API metadata | Request a confidential/special tabulation only if CYSTAT can publish a games-specific NACE/entity basis.",research-extension-2026-09-19/CY/source-visits.json
CY,Cyprus,2026-09-19,https://cystatdb.cystat.gov.cy/pxweb/en/8.CYSTAT-DB/8.CYSTAT-DB__Labour%20Market__Labour%20Force%20Survey__Employment/0112032E.px/,archive extension,"Employment by Place of Residence, Economic Activity NACE (Rev. 2.1) and Sex, Quarterly","[2026] | Quarterly Labour Force Survey; persons by residence, sex, and broad NACE Rev. 2.1 economic sections. | No software-publishing or games category: the relevant choices are broad publishing/content and broad telecommunications/computer programming/information services sections. Excluded as broad ICT substitution. | accessible PxWeb table and API metadata | No games-workforce extraction possible from this table.",research-extension-2026-09-19/CY/source-visits.json
CY,Cyprus,2026-09-19,https://library.cystat.gov.cy/Documents/Publication/BUSINESS_SERVICES-2013-141215.pdf,archive extension,Statistics on Business Services 2013,"[2013] | Annual business-services publication reporting persons engaged, employees, working proprietors, turnover and other measures by NACE Rev. 2 activity. | Historical detailed source checked. Table 15 combines 581+582 as books/periodicals/other publishing plus software publishing and reports 1,077 persons engaged. It is not game-specific and does not disclose a software-publishing-only workforce value. | accessible PDF; 117 pages | Do not convert the combined 581+582 value to games. A usable series needs an uncombined official extract and a games definition.",research-extension-2026-09-19/CY/source-visits.json
CY,Cyprus,2026-09-19,https://cygma.eu/news/cyprus-video-game-industry-report-2025-published/,archive extension,"Cyprus is the most efficient video game development country in the world, first national report finds","[2019, 2020, 2021, 2022, 2023, 2024, 2025] | CYGMA publication announcement summarising its report, method limits, and scope (video-game development; iGaming excluded). | Confirms the report is described as the first measured national account and that the displayed historic employment is the known baseline; no forward actual workforce observation found in CYGMA news through 2026-09-19. | accessible webpage | Monitor CYGMA for a dated subsequent edition rather than infer a 2025 workforce from the report title.",research-extension-2026-09-19/CY/source-visits.json
DE,Germany,2026-09-19,https://www.game.de/marktdaten-unternehmen-und-beschaeftigte-2026/,archive extension,April 2026 company and employment release,"2025 revised; 31 March 2026 | Expanded gamesmap company database; publisher explicitly restates2025 for comparability. | Accept2026 figure12235; use retrospectively revised2025, not old12134. | full HTML inspected | Seek restated pre2025 history in Goldmedia study; preserve original vintages.",research-extension-2026-09-19/DE/source-visits.json
DE,Germany,2026-09-19,https://www.gamecampus.de/arbeiten/daten-fakten,archive extension,Gamecampus employment facts,2025 revised;2026 | Same gamesmap/Goldmedia release; repeats revision explanation. | Explicit paired counts12659 and12235 support revised-vintage pair. | full HTML inspected | Keep revised pair separate from earlier vintage.,research-extension-2026-09-19/DE/source-visits.json
DE,Germany,2026-09-19,https://www.game.de/publikationen/jahresreport-2026/,archive extension,2026 annual report landing page,"2026 | Annual association publication | Prose confirms12235, but does not repair inconsistent chart labels in PDF. | full HTML inspected | Keep PDF conflict in audit trail; prioritize explicit revision notice and paired values.",research-extension-2026-09-19/DE/source-visits.json
DE,Germany,2026-09-19,https://www.game.de/guides/jahresreport-der-deutschen-games-branche-2026/03-games-branche-in-deutschland/03-1-beschaeftigte-und-unternehmen/,archive extension,2026 employment chapter,2026 | Tool fetch timed out. | access failure | Direct release supplies decisive evidence.,research-extension-2026-09-19/DE/source-visits.json
DE,Germany,2026-09-19,https://www.game.de/wp-content/uploads/2026/01/Die-Games-Branche-in-Deutschland-2025.pdf,archive extension,Die Games-Branche in Deutschland2025: full Goldmedia study,"2018 and2024 employment;2025 fieldwork;2026 publication | Online company survey343 respondents of1205; employment estimate uses250 responses plus gamesmap. Expanded core includes game-specific services. | Source-reported expanded-core pair12300 and14800; not a restated pre2025 core-only annual series. No12659 comparator or continuous revised core history found. | Full PDF downloaded, text read, employment chart visually inspected. | Keep expanded-core estimates separate; follow cited HMS2020 predecessor to examine original2018 universe and definitions.",research-extension-2026-09-19/DE/source-visits.json
DE,Germany,2026-09-19,https://www.game.de/marktdaten-unternehmen-und-beschaeftigte-2026/,archive extension,Main-agent comparability review,"[2025, 2026] | The release says 12,235 people worked at game developers and publishers, gives a 31 March 2026 reference date, and its chart alternative text reports 12,659 in 2025 and 12,235 in 2026. The methodological note says the gamesmap database was expanded and that Goldmedia retrospectively adjusted 2025 for comparability. | accepted_as_isolated_revised_vintage_pair  | Primary page and method note re-read | Use only allowed series/year joins in trend-review.json.",research-extension-2026-09-19/DE/source-visits.json
DK,Denmark,2026-09-19,https://pro-f.dk/sites/default/files/2021-10/Danske%20Indholdsproducenter%202009_1_1.pdf,archive extension,"Danske Indholdsproducenter - Film, TV og Computerspil i tal, 2009","2008-2009 | Product-based mapping of selected core companies, then Statistics Denmark extraction. Core is direct producers and rights holders; self-employed freelancers and support functions are excluded. The report explicitly warns that a reliable retrospective history was not possible at that point. | Accept as the earliest authoritative two-point FTE vintage, kept separate. It cannot establish continuity with later editions because the population is manually curated and later reports redefine it. | full PDF downloaded and text inspected | If an intervening primary edition is found, compare its named-company population and method before bridging 2009 to 2015.",research-extension-2026-09-19/DK/source-visits.json
DK,Denmark,2026-09-19,https://www.visiondenmark.dk/wp-content/uploads/2019/07/Det_Interaktive_Danmark_i_tal_2015.pdf,archive extension,Det Interaktive Danmark i tal 2015,"2009-2015 | Search-result extract describes game and other interactive core producers, FTE conversion and a corrected company-count method. | Promising intervening seven-year series: its search extract reports 735 game FTE in 2014 and 770 in 2015. It is not proposed here because the primary PDF returned HTTP 503 after three retry attempts, so exact chart values and methodology were not independently inspected. | access failure: HTTP 503 from publisher host | Retrieve from the publisher archive or a library copy; preserve as its own vintage until company-population comparability is proven.",research-extension-2026-09-19/DK/source-visits.json
DK,Denmark,2026-09-19,https://producentforeningen.dk/sites/default/files/2022-09/Baggrundsrapport%20-%20State%20of%20the%20nation%20i%20den%20danske%20spilbranche.pdf,archive extension,State of the nation i den danske spilbranche,"2016-2020 employment chart; published September 2022 | Background report reprints a five-year FTE chart and cites 'Danske Indholdsproducenter 2022'; it does not reproduce the underlying company-selection method. | Useful evidence of a distinct 2022 retrospective vintage (739, 817, 877, 903, 979), but it conflicts with both the 2021 and 2024 reconstructions. Keep all vintages; do not use this reprint to splice a continuous series. | full PDF downloaded and text inspected | Locate the full Danske Indholdsproducenter 2022 report, if archived, to establish its population definition.",research-extension-2026-09-19/DK/source-visits.json
DK,Denmark,2026-09-19,https://www.producentforeningen.dk/aktuelt/danske-indholdsproducenter-2025-stilstand-i-branchen,archive extension,Danske Indholdsproducenter 2025: Stilstand i branchen,"2024 reference year; published 2025 and updated 2026 | Publisher says the annual analysis is based on a special Statistics Denmark extraction; release text identifies film and television, and its associated interactive workbook was already decoded in the base packet. | No newer games payroll FTE verified. The base packet's June 2026 workbook inspection found only FILM, TV and REKLAME segments. This newer release therefore cannot extend the game series beyond 2022. | publisher HTML inspected; games-segment absence verified in base packet workbook | Watch for a future Games Denmark or Producentforeningen release that explicitly restores SPIL tables and describes the revised company population.",research-extension-2026-09-19/DK/source-visits.json
ES,Spain,2026-09-19,https://www.oficinamediaespana.eu/images/media_europa/2023_libro_blanco_dev_digital_media.pdf,archive extension,Libro Blanco del Desarrollo Español de Videojuegos 2023,"2013-2022 actual-history chart; 2023-2026 forecast chart | DEV association report. The current estimate states 9,261 direct jobs in 2022; Figura 16 supplies the annual historical series. It separately totals direct, freelance and indirect jobs. PDF metadata: created 2024-06-11; 105 pages. | Primary decisive source for the two missing 2013-2014 direct-employment observations. Add only 2,630 and 3,376. The adjacent 2023-2026 values are forecasts and must not be added as actual observations. | full PDF downloaded and text inspected; retained as raw/DEV_Libro_Blanco_2023.pdf | Recover 2013/2014 original Libro Blanco editions or technical appendices if a fixed historical sampling-method audit is required. Do not infer that current sample design governed every historical year.",research-extension-2026-09-19/ES/source-visits.json
ES,Spain,2026-09-19,https://dev.org.es/wp-content/uploads/2026/05/2024_libro_blanco_dev.pdf,archive extension,Libro Blanco del Desarrollo Español de Videojuegos 2024,"2019-2023 actual-history chart; 2024-2027 forecast chart | DEV online CAWI survey at end-2024: universe estimated 495 active Spanish development studios/companies; N=292; DEV database and communication channels; stated finite-population error ±3.68% at 95%. PDF metadata: created 2025-05-23; 90 pages. | Independently confirms the accepted 2023 direct figure (10,259) on PDF p. 29 / printed p. 29, Figura 16. It yields no missing actual year because the 2024-2027 chart is explicitly forecast. Its 60% participation increase is a comparability caution, not a published series revision. | full PDF downloaded and text inspected; retained as raw/DEV_Libro_Blanco_2024.pdf | Keep the accepted 2023 observation; use the later 2025 edition for actual 2024. Do not turn 2024-2027 forecast values into observations.",research-extension-2026-09-19/ES/source-visits.json
ES,Spain,2026-09-19,https://dev.org.es/wp-content/uploads/2026/07/2025_LIBRO_BLANCO_DEV.pdf,archive extension,Libro Blanco del Desarrollo Español de Videojuegos 2025,"2020-2024 actual-history chart; 2025-2028 forecast chart | DEV online CAWI survey during 2025: universe estimated 500 active Spanish development studios/companies; N=283; DEV database and communication channels; stated finite-population error ±3.84% at 95%. | Latest recovered DEV edition as of this pass. It reports 10,508 direct jobs in 2024 and 2,330 external freelancers, then separately forecasts 2025-2028. No 2025 actual employment release was recovered. The actual 2020-2024 series agrees with the accepted 2020-2024 values. | existing authoritative raw PDF/text re-read; full source | Check DEV releases after the next fielded edition for a 2025 actual value; preserve direct jobs and external freelancers as distinct series.",research-extension-2026-09-19/ES/source-visits.json
ES,Spain,2026-09-19,https://aevi.org.es/wp-content/uploads/2025/05/VDIGITAL-ANUARIO2024-comprimido.pdf,archive extension,La industria del videojuego en España: Anuario 2024,"2024 | Association yearbook; inspected foreword says Spain's game industry employed 'more than 11,000' people directly, with thousands more indirectly. It does not give a recoverable exact workforce count or a compatible covered-population definition at the cited location. | Context only. Do not replace DEV's 10,508 development-sector direct estimate or use AEVI's rounded, broader industry claim as a series observation. | full PDF text inspected through public source | Use only if AEVI publishes a table defining exact direct employment, employer scope and treatment of development/publishing/distribution.",research-extension-2026-09-19/ES/source-visits.json
ES,Spain,2026-09-19,https://www.cultura.gob.es/actualidad/2021/12/211214-mesa-videojuego.html,archive extension,La IV Mesa de trabajo permanente del Videojuego presenta el Hub del Videojuego,"2019 | Government news release attributes 7,320 direct professionals in 2019 to the Libro Blanco del Desarrollo Español de Videojuegos. | Government corroboration of an already accepted DEV 2019 figure, not an independent series or a missing observation. | public HTML search result inspected | No addition; retain DEV as the definition-bearing source.",research-extension-2026-09-19/ES/source-visits.json
ES,Spain,2026-09-19,https://www.cultura.gob.es/actualidad/2015/07/20150713-video.html,archive extension,El secretario de Estado de Cultura inaugura la presentación del Libro Blanco del Videojuego,"2014 | Government release says the 2015 DEV book reported a 28% employment increase in 2014 but gives no absolute workforce number. | Corroborates direction only. It cannot replace the chart's 3,376 or create a separate observation. | public HTML search result inspected | Seek the original 2015 PDF if prior-year method or base is needed.",research-extension-2026-09-19/ES/source-visits.json
FI,Finland,2026-09-19,https://www.neogames.fi/wp-content/uploads/2017/04/Finnish-Game-Industry-Report-2016_web_070529.pdf,archive extension,Finnish Game Industry Report 2016,"end-2016; retrospective end-2015 and end-2014 | 140 surveyed companies out of 250; all largest companies included; other available sources used for the 2,750 industry estimate. | Authoritative historic total but explicitly includes entrepreneurs and employees working abroad, while excluding interns and freelancers. It gives an overseas share (around 18%), not a precise domestic headcount/FTE. | full PDF downloaded | Retain as a worldwide Finnish-studio total; do not create a precise domestic 2016 observation.",research-extension-2026-09-19/FI/source-visits.json
FI,Finland,2026-09-19,https://www.neogames.fi/wp-content/uploads/2019/04/FGIR-2018-Report.pdf,archive extension,The Game Industry of Finland Report 2018,"end-2018; retrospective end-2016 and end-2014 | 140 company interviews from October 2018 to February 2019, augmented by other sources; the interviewed companies were 63% of known companies and included all largest companies. | Reports 3,200 FTE total and says totals include entrepreneurs and people employed abroad by Finnish studios. No overseas number, so the domestic total cannot be isolated. | full PDF downloaded | Keep 2018 as worldwide total only; do not derive domestic employment.",research-extension-2026-09-19/FI/source-visits.json
FI,Finland,2026-09-19,https://neogames.fi/wp-content/uploads/2021/06/FGIR-2020-Report.pdf,archive extension,The Game Industry of Finland Report 2020,"end-2020; retrospective end-2018 and end-2016 | 134 studio interviews conducted October 2020-February 2021, supplemented by other sources. Interviewed studios represented 67% of approximately 200 studios and well over 90% of employment. | Reports a 3,600 FTE total including entrepreneurs and approximately 250 people employed abroad by Finnish studios. A 3,350 domestic figure is arithmetic only, because the overseas component is approximate and no independently stated domestic total appears. | full PDF downloaded | If retained, label 3,350 as an approximate derived domestic FTE, not an explicit count.",research-extension-2026-09-19/FI/source-visits.json
FI,Finland,2026-09-19,https://neogames.fi/wp-content/uploads/2023/05/FGIR2022report.pdf,archive extension,The Finnish Game Industry Report 2022,"end-2022; retrospective end-2020 | 134 game-development-studio interviews, supplemented by a comprehensive review and other available sources; interviewed studios were approximately 58% of 232 Finnish studios and covered a clear majority of employees and nearly all turnover. | Decisive explicit domestic series point: approximately 3,700 FTE staff in Finland, plus 400 people in Finnish-owned studios abroad, with a 4,100 people total. Totals include entrepreneurs. | full PDF downloaded | Add a domestic 2022 FTE observation and preserve the separate overseas component and worldwide total.",research-extension-2026-09-19/FI/source-visits.json
FI,Finland,2026-09-19,https://neogames.fi/wp-content/uploads/2025/08/FinnishGameIndustryReport2024.pdf,archive extension,The Game Industry of Finland Report 2024,"end-2024; retrospective end-2022/end-2020 | 71 game-development-studio interviews plus public-source employee data for 185 studios; the interviewees were about 26% of 270 Finnish studios but included all major studios. | Confirms the current explicit domestic point: approximately 3,800 FTE staff in Finland, plus 500 people in Finnish-owned studios abroad; total around 4,300 people. Totals include entrepreneurs. | full PDF downloaded | Use as the preferred current domestic FTE source; do not convert the overseas people count to FTE.",research-extension-2026-09-19/FI/source-visits.json
FR,France,2026-09-19,https://www.entreprises.gouv.fr/files/files/Publications/2021/Dossiers-dge/industrie-du-jeu-video-tissu-economique-et-competitivite-mars-2021.pdf,archive extension,Etude sur l'industrie du Jeu Video en France - tissu economique et competitivite,"2010-2018 | PwC Strategy& actor database. Figure 3 breaks employment into studios, publishers, distributors, and other ecosystem-supporting actors; the report separately identifies an online questionnaire used for some studio/editor indicators. | Primary government-hosted synthesis with a source-native annual chart. Strong addition for pre-2019 broad industry employment, but it measures persons rather than FTE and includes distributors and other actors. Keep as a separate series from EY. | full PDF downloaded and visually verified | Integration may add as a distinct non-spliced series after schema review; do not use it as a continuation of FR_ey_direct_fte.",research-extension-2026-09-19/FR/source-visits.json
FR,France,2026-09-19,https://www.artcena.fr/sites/default/files/medias/rapport-panorama-industries-culturelles-creatives-2025.pdf,archive extension,Panorama des Industries Culturelles et Creatives 2025,"2019-2024 | EY applies sector shares to INSEE ESANE and Diane company accounts for 2019-2023; 2024 uses Diane-derived 2023-2024 growth rates. Games scope is publishers, developers, and technology suppliers. | Confirmed current endpoint. Printed p. 54 says 9,944 ETP in 2024 and explicitly excludes independent workers; printed p. 56 gives the 2019-2024 rounded annual FTE series. Not revised beyond 2024. | full PDF downloaded and text/visual inspection complete | Retain existing EY series unchanged; do not splice with PwC persons series.",research-extension-2026-09-19/FR/source-visits.json
FR,France,2026-09-19,https://snjv.org/wp-content/uploads/2021/09/Barometre-SNJV-2021.pdf,archive extension,"Barometre annuel du jeu video en France, edition 2021","2014-2021 contextual respondent averages; 2021 survey | Online questionnaire 3 May-30 June 2021, 1,200 verified/qualified companies contacted, 17% participation. Employment charts report survey respondent studio averages and contract composition; source table names 97-98 respondents for employment charts. | Not a national employment stock. It validates that later SNJV barometers remain survey-based and should not be multiplied into a national total or used to bridge EY/PwC. | full PDF downloaded and inspected | No proposed national-employment observations.",research-extension-2026-09-19/FR/source-visits.json
FR,France,2026-09-19,https://snjv.org/wp-content/uploads/2018/12/Barometre_JV_2018.pdf,archive extension,"Barometre annuel du jeu video en France, 2018","2014-2018 contextual respondent averages; 2019 forecast | CAWI questionnaire, 5 June-8 August 2018, sent to SNJV members and non-members. Employment page reports mean studio FTE and a forecast of new jobs, not a national stock. | Not usable for national employment history. Printed p. 20 reports 2018 mid-year mean studio FTE and an estimate of 1,200-1,500 future jobs by 2019; the latter is a forecast, not an observation. | full PDF downloaded and inspected | No proposed national-employment observations; retain only sample metrics if needed.",research-extension-2026-09-19/FR/source-visits.json
GB,United Kingdom,2026-09-19,https://assets.publishing.service.gov.uk/government/uploads/system/uploads/attachment_data/file/534305/Focus_on_Employment_revised_040716.pdf,archive extension,Creative Industries Economic Estimates: Focus on Employment,"2011-2015 | Computer-games estimates use SIC 58.21 and 62.01/1; source says annual variation can partly reflect small sample sizes. | Primary official source with exact 2011-14 rows. It is compatible in concept with the existing DCMS jobs series, subject to later-vintage revision check. | Full PDF downloaded and text-extracted | Main acceptance pass should compare the four rows against the current 2026 ODS before merging.",research-extension-2026-09-19/GB/source-visits.json
GB,United Kingdom,2026-09-19,https://tiga.org/news/the-uk-video-games-development-sector-surges-forward,archive extension,The UK Video Games Development Sector Surges Forward,November 2017; November 2018 | Public release describes an extensive survey of UK games businesses with Games Investor Consulting analysis; it does not reproduce the complete commercial-report methodology. | Primary public source for two exact 2017 endpoints. It separates creative-staff FTE from total development workforce including contractors and separately lists indirect supported jobs. | Official WordPress API JSON downloaded; browser page returned 502 | Add only the 2017 endpoints because the 2018 endpoints already exist in GB.json.,research-extension-2026-09-19/GB/source-visits.json
GB,United Kingdom,2026-09-19,https://ukiepedia.ukie.org.uk/index.php/Regional_Economic_Impacts_of_the_UK_Games_Industry,archive extension,"Think Global, Create Local: Regional Economic Impacts of the UK Games Industry","2016 | Public page says it reuses BFI Screen Business underlying data and Green Book principles; its detailed model inputs were not inspected in this bounded pass. | Usable only as a separately labelled direct-company FTE benchmark. Do not use its 47,620 FTE total supported jobs as direct employment. | Full public HTML inspected; legacy direct PDF link returned 404 | Recover and inspect the original BFI Screen Business report before treating contractor coverage or detailed scope as resolved.",research-extension-2026-09-19/GB/source-visits.json
GB,United Kingdom,2026-09-19,https://cms.ukie.org.uk/wp-content/uploads/2025/04/Ukie-key-facts-2025_compressed.pdf,archive extension,UK Video Games Industry in Numbers,"January 2025 fact sheet | No underlying source, reference period, or worker-status treatment supplied in the inspected one-page fact sheet for its 26,000 direct-employment claim. | Current public claim but not sufficiently defined for a proposed observation. It is not evidence of a 2026 reference-year count. | Full one-page PDF inspected | Locate the cited underlying study or a methodological release before considering the 26,000 figure.",research-extension-2026-09-19/GB/source-visits.json
GB,United Kingdom,2026-09-19,https://www.gov.uk/government/statistics/economic-estimates-employment-january-2025-to-december-2025-for-dcms-sectors,archive extension,Economic Estimates: Employment January 2025 to December 2025 for DCMS sectors,"2025 (latest reference year inspected) | Existing packet records APS annual-average filled jobs, small game-sector samples, and 2025 confidence intervals. | Forward sweep found no public 2026 reference-year game-only employment observation. This release is already represented in GB.json and is not duplicated here. | Existing packet's downloaded ODS and source record reviewed | Await the next DCMS employment release; retain uncertainty and accreditation cautions.",research-extension-2026-09-19/GB/source-visits.json
ID,Indonesia,2026-09-19,https://www.researchgate.net/publication/394347887_Peta_Ekosistem_Industri_Game_2020,archive extension,Peta Ekosistem Industri Game 2020,"2019 study focus; data collection 2020; published April 2021 | Official ecosystem mapping from a quantitative non-probability survey. Incorporated companies: census approach; unincorporated actors: community-database snowball sampling, supported by three outreach events and one official release. Government launch says 80 developer/publisher respondents of varied scale. | Decisive primary author-uploaded full text. Adds 1,286 surveyed developer workers, split into 1,136 incorporated and 150 unincorporated. Survey respondent count, not national estimate; permanent, contract and internship statuses appear but no complete status totals recoverable from text. Preserve 1,136 as a component rather than an all-industry total. | public full text through ResearchGate author upload; government launch independently confirms provenance and 80 respondents | If an official Komdigi-hosted PDF is recovered, archive its binary. Do not use for national trend or compare directly to 2024 lower bound.",research-extension-2026-09-19/ID/source-visits.json
ID,Indonesia,2026-09-19,https://www.komdigi.go.id/berita/siaran-pers/detail/siaran-pers-no-132-hm-kominfo-04-2021-tentang-kominfo-lipi-dan-agi-luncurkan-buku-peta-ekosistem-industri-game-indonesia-2020,archive extension,"Siaran Pers No. 132/HM/KOMINFO/04/2021: Kominfo, LIPI dan AGI Luncurkan Buku Peta Ekosistem Industri Game Indonesia 2020","published 22 April 2021; research from mid-2020 | Government release says research involved 80 developer and publisher respondents, from small teams without legal entities to companies with hundreds of people. | Authoritative provenance confirmation and respondent-count qualifier for the 2020 report. Does not itself publish the employment total. | public | Retain alongside the author-uploaded report to support attribution and survey scope.",research-extension-2026-09-19/ID/source-visits.json
ID,Indonesia,2026-09-19,https://id.scribd.com/doc/294777720/Cetak-Biru-Permainan-Interaktif,archive extension,Rencana Pengembangan Permainan Interaktif Nasional 2015-2019,"policy period 2015-2019; employment discussion covers 2010-2013, with 2013 value | Policy document presents a national creative-economy subsector series and identifies BPS data for economic statistics. It says the 2009 creative KBLI classifications did not fully match the proposed interactive-games scope; published text does not expose an auditable labour-force microdata method. | Useful historical national-scope figure: 23,928 workers in 2013. Scope is broad interactive games including electronic, online, physical, card and board games, so it is not a video-game developer series and must remain isolated. | public rendered copy; original government publication identity clear, binary not recovered in this pass | Seek an official ministry/BPS binary or underlying BPS table before treating 2010-2013 as a reusable annual series.",research-extension-2026-09-19/ID/source-visits.json
ID,Indonesia,2026-09-19,https://www.researchgate.net/publication/396196002_Peta_Ekosistem_Industri_Gim_Indonesia_2024_Menuju_Transformasi_Ekonomi_Digital_Nasional_2025,archive extension,Peta Ekosistem Industri Gim Indonesia 2024: Menuju Transformasi Ekonomi Digital Nasional 2025+,"study titled 2024; published October 2025; exact workforce observation date unstated | Existing baseline: public abstract does not disclose sampling or extrapolation details. | Already accepted in baseline: at least 2,112 talents at video-game developers and publishers; broad 513,000-1.03 million impact range is not core employment. Not duplicated in proposed observations. | public author summary / full-PDF availability not recovered during this bounded pass | Keep existing lower-bound treatment; do not reverse stated growth to create 2015 values.",research-extension-2026-09-19/ID/source-visits.json
ID,Indonesia,2026-09-19,https://www.komdigi.go.id/berita/siaran-pers/detail/siaran-pers-no-278-hm-kominfo-07-2022-tentang-manfaatkan-potensi-pasar-gim-kominfo-gandeng-agi-tumbuhkan-game-developer-lokal,archive extension,"Siaran Pers No. 278/HM/KOMINFO/07/2022 tentang Memanfaatkan Potensi Pasar Gim, Kominfo Gandeng AGI Tumbuhkan Game Developer Lokal","published 2022; describes Peta Ekosistem Industri Game Indonesia 2021 | 2021 edition was prepared with Niko Partners and adds gamer, public-opinion and local-company information. | Checked forward edition. No additional national or respondent employment stock was identified in the accessible official release. | public | No further action unless the full 2021 report yields an employment table absent from accessible text.",research-extension-2026-09-19/ID/source-visits.json
ID,Indonesia,2026-09-19,https://www.igrs.id/berita/peta-industri-game-indonesia-2015/,archive extension,Peta Industri Game Indonesia 2015,"2015 study, cited as 2016 publication | Not retrieved. The 2020 official report cites it as the previous Kominfo survey and compares company characteristics, but does not reproduce a dated workforce total in accessible text. | Original historical edition identified but no reliable employment observation extracted. Do not infer a value from the 2024 growth statement. | former official URL unavailable/not retrieved in this pass | Search archived IGRS/Kominfo holdings, national library catalogue, or a scanned official book for methodology and exact workforce tables.",research-extension-2026-09-19/ID/source-visits.json
IL,Israel,2026-09-19,https://mlp.startupnationcentral.org/rs/663-SRH-472/images/Israeli%20Video%20games%20industry%20report.pdf,archive extension,Israeli Video Games Industry Report,"[2017] | Primary Israeli-industry source: public Start-Up Nation Finder data; additional GameIS/affiliate information. Dataset intentionally includes companies with target markets beyond video games and supporting technology/services; Deloitte calls findings preliminary and says it did not independently verify inputs. | Primary predecessor and source of approximately 4,000-worker headline. Retain as contextual Israeli-company ecosystem mapping, not domestic workers/FTEs. Its social-casino inclusion is stated to exclude monetary payouts. | downloaded and text-extracted; primary excerpts retained in findings.md | Locate underlying Finder snapshot or company-level Israel-site headcounts before using as domestic employment.",research-extension-2026-09-19/IL/source-visits.json
IL,Israel,2026-09-19,https://www.vccafe.com/wp-content/uploads/2022/12/GameIS-Report-2021-0722.pdf,archive extension,"The Israeli Video Games Ecosystem: Converging Technologies, Emerging Opportunities","[2017, 2021] | Employment total methodology is not stated. Selected-company source note cites Start-Up Nation, Crunchbase, Pitchbook and company websites. Market-size calculation is described, but it is not an employment method. | Primary GameIS/Deloitte successor. Provides 4,000/14,000 comparison but mixes publishers/developers with supporting tech and profiles global companies/workforces; worker geography unresolved. Includes 888, so real-money scope is not clean. | downloaded and text-extracted; primary excerpts retained in findings.md | Request GameIS/Deloitte company roster, respondent frame, Israel-based worker counts and RMG flag.",research-extension-2026-09-19/IL/source-visits.json
IL,Israel,2026-09-19,https://wnconf.com/upload/sources/Israeli%20game%20companies%20survey%2022.pdf,archive extension,Israeli Game Companies Survey 2022,"[2022] | Partner-assisted directory/survey. It says 'Nobody knows the exact number' and gives rough company counts by type (170+ publishers/developers, 100+ marketing, about 90 other gaming-related). | Useful forward-trace negative result: broad company universe, no total employment headcount and no domestic-worker measurement. | downloaded and text-extracted | Do not infer employment; use only if a named partner provides its underlying roster and worker-location fields.",research-extension-2026-09-19/IL/source-visits.json
IL,Israel,2026-09-19,https://www.cbs.gov.il/he/publications/DocLib/2015/economic_activities11/pdf/h_print.pdf,archive extension,Standard Classification of Economic Activities 2011,"[2011] | Official industrial classification. Class 5820 software publishing includes computer games on all platforms, operating systems and business/other applications; excludes software development (6201) and hosting (6311). | Official definitional evidence only. It proves an available broad classification, not a games-sector employment series, and would omit much development/support work in the GameIS/Deloitte ecosystem. | web text retrieved | Query CBS for a 5820 employment series only if it is explicitly labelled as broad software publishing, never as games employment.",research-extension-2026-09-19/IL/source-visits.json
IL,Israel,2026-09-19,https://www.cbs.gov.il/en/cbsNewBrand/Pages/api_interface.aspx,archive extension,CBS API Interface,[2026] | Official portal describes a central time-series database covering employment and business subjects; no games-specific headcount was found in the bounded search. | Negative official-source result. Do not replace missing games data with CBS high-tech/ICT totals. | web text retrieved | Contact CBS or inspect table catalog for a released 5820 series and document coverage if found.,research-extension-2026-09-19/IL/source-visits.json
IL,Israel,2026-09-19,https://innovationisrael.org.il/en/report/part-a-israeli-high-tech-2022-situation-report/,archive extension,"Innovation in Israel 2022: Situation Report, Part A","[2021, 2022] | Official high-tech situation report using broad CBS/high-tech categories. | Negative official-source result for this archive: broad high-tech employment is not an explicit games-industry headcount and must not be used as a proxy. | web text retrieved | Exclude from games employment series; retain only as broad economy context if separately needed.",research-extension-2026-09-19/IL/source-visits.json
IN,India,2026-09-19,https://economictimes.indiatimes.com/industry/media/entertainment/lack-of-skilled-manpower-impedes-progress-of-animation-gaming/articleshow/2516854.cms,archive extension,"Lack of skilled manpower impedes progress of animation, gaming","2006 employment estimate; article dated 4 November 2007 | The article reports NASSCOM's estimate for approximately 150 gaming companies but gives no sampling frame, collection date, worker-status definition, contractor treatment or original report title. It separately reports a combined animation-and-gaming total of 16,500 for 2006; that broader number is not proposed as a game-employment observation. | Useable only as an explicitly secondary, association-attributed historical game-company stock. The 2,500 value is dated and scope-distinct, but its original NASSCOM edition was not located. It cannot be made comparable with later online-gaming or broad-sector estimates. | full public article inspected; exact text available in page readback | Locate the 2007 NASSCOM Animation and Gaming report or release archive before upgrading this observation's provenance. Do not use the 13,000 2010 forecast as an observation.",research-extension-2026-09-19/IN/source-visits.json
IN,India,2026-09-19,https://www.teamleasedigital.com/reports,archive extension,TeamLease Digital reports index: Gaming: Tomorrow's Blockbuster,"report listed 10 November 2022 | The publisher index identifies the report and says it covers gaming-industry growth, job opportunities, hiring and skilling. It does not expose the downloadable report text, its sampling frame or its employment-estimation methodology in the public page inspected. | Authoritative publisher-level edition and date evidence for the source used by subsequent EY work, but not sufficient by itself to reproduce the 50,000 claim. | public report index inspected; report download is premium/gated in the visible index | Obtain the original November 2022 PDF or a TeamLease release archive to recover its research method and whether 'directly employs' excludes contractors and RMG support roles.",research-extension-2026-09-19/IN/source-visits.json
IN,India,2026-09-19,https://cxotoday.com/media-coverage/game-to-gain-gaming-industry-to-add-1-lakh-new-jobs-by-fy-23-states-teamlease-digital/,archive extension,Game to Gain - Gaming industry to add 1 lakh new jobs by FY23 - states TeamLease Digital,"2022 current direct-employment estimate; FY23 forecasts excluded | The release says TeamLease Digital's report is a deep dive on growth and hiring/skilling sentiment. It states that the sector directly employed about 50,000 people and describes roles, but it gives no respondent count, company frame, data-collection dates or calculation method. | Best accessible source-native release text for the 50,000 current direct-employment figure. It is a broad gaming-sector stock and not a core-development census; retain separately and exclude the stated 100,000 new-jobs forecast. | full public release text inspected | Use the TeamLease original report if recovered; otherwise retain 50,000 with the reproduced-release qualifier.",research-extension-2026-09-19/IN/source-visits.json
IN,India,2026-09-19,https://www.ey.com/content/dam/ey-unified-site/ey-com/en-in/insights/media-entertainment/documents/ey-new-frontier-online-gaming-report.pdf,archive extension,New frontiers: Navigating the evolving landscape for online gaming in India,"December 2023 publication; FY23 employment factsheet | The report calls the 100,000 figure an approximately current total across direct and indirect core and support roles and cites TeamLease Digital Gaming Report November 2022. Its factsheet labels 100,000 employees and 15,000 game developers/programmers as FY23. The report does not publish the TeamLease population frame, survey, multiplier or a separate derivation for 15,000. | Decisive dated source for a broad FY23 online-gaming employment stock and a narrow occupational subset, with substantial scope limitations. It states RMG was 82.8% of FY23 online-gaming market value, so neither measure is eligible as a core video-game-development comparison. It resolves the baseline's undated 66,000/130,000 problem only by adding a separate, transparently broad series. | full public PDF downloaded to raw/ey-online-gaming-2023.pdf and text-extracted to raw/ey-online-gaming-2023.txt | Recover TeamLease's November 2022 report method before treating the FY23 100,000 figure as more than a publisher-attributed broad estimate. Search later EY/FICCI editions for a dated replacement only if they state the reference year and scope.",research-extension-2026-09-19/IN/source-visits.json
IN,India,2026-09-19,https://www.nasscom.in/sites/default/files/media_pdf/nasscom-gaming-forum-in-association-with-app-annie-and-deloitte-releases-white-papers.pdf,archive extension,NASSCOM Gaming Forum in association with App Annie and Deloitte releases white papers,"2016 report-era material | The accessible search extract describes NASSCOM Gaming Forum and the Applied Games in India report but gives no game-industry employment stock; the PDF itself returned 406 to this research route. | Negative result. The later NASSCOM gaming source located in this bounded sweep provides market/association context, not a dated workforce count. | search-index text inspected; direct PDF access rejected with HTTP 406 | Do not infer employment from NASSCOM's all-IT workforce or membership figures. Recover older 2007 source before adding any other NASSCOM employment observation.",research-extension-2026-09-19/IN/source-visits.json
JP,Japan,2026-09-19,https://www.stat.go.jp/data/e-census/2012/kakuho/pdf/service.pdf,archive extension,"2012 Economic Census for Business Activity: results overview, construction and service industries","2012 survey; published 2014-02-26 | National Economic Census, establishment tabulation; Table I-1 reports establishment count, workers and sales by detailed industry. Necessary-item respondents only; management/support establishments excluded from this establishment tabulation. | Primary public source. Exact national 3914 game-software-industry worker count recovered: 9,452. Strongest dated observation in this pass. | Primary researcher downloaded official PDF and visually checked Table I-1; archived economic-census-2012-services.pdf. | Recover equivalent2016 and2021 rows with matching coverage.",research-extension-2026-09-19/JP/source-visits.json
JP,Japan,2026-09-19,https://www.e-stat.go.jp/dbview?sid=0003215380,archive extension,"2016 Economic Census for Business Activity, Service Industries B, detailed industry table 1-1","2016 survey; public database updated 2018-06-28 | Official national establishment table with worker count by detailed industry, including 3914 Game software industry. | Primary and directly relevant; catalogue confirms 3914 and workers. Exact national row was not recovered from the interactive surface in this bounded pass. | public interactive database; API requires application ID and direct HTML request timed out. | Use browser/table download to obtain CSV/XLSX, then visually verify 3914 row and survey date.",research-extension-2026-09-19/JP/source-visits.json
JP,Japan,2026-09-19,https://www.e-stat.go.jp/classifications/terms/10/04/3914,archive extension,Japan Standard Industrial Classification 3914: Game software industry,"2023 classification revision | Official industry-classification definition. | Primary scope authority: game-software creation and related research/analysis/advice for console, portable and PC systems; disc/cartridge manufacturing excluded. | public HTML | Use as scope note for every Census/METI observation.",research-extension-2026-09-19/JP/source-visits.json
JP,Japan,2026-09-19,https://www.meti.go.jp/statistics/tyo/joho/result-2/r03/2021kakunews.pdf,archive extension,2021 Information and Communications Industry Basic Survey (FY2020 results) news release,"FY2020 results; released 2022-03-29 | Annual Information and Communications Industry Basic Survey; information-service companies are classified by largest-sales business activity (main-industry basis). | Primary government longitudinal route, but distinct from establishment census. Release confirms the game-software-industry category and annual comparison but not the exact worker total extracted here. | public PDF | Collect common worker-status table from each annual release and verify survey universe/method breaks before constructing a separate annual series.",research-extension-2026-09-19/JP/source-visits.json
JP,Japan,2026-09-19,https://www.meti.go.jp/statistics/tyo/joho/result-2/h23sokugaikyo.pdf,archive extension,"Information and Communications Industry Basic Survey: FY2010 results, Chapter 5 information services","FY2009–FY2010 comparison; published 2011 | Annual survey table reports company count, regular workers, worker status and dispatched workers by information-service company category. | Primary source demonstrating annual employment fields and game-software-company category. It reports a 20.8% rise in game-software companies' average regular workforce, but the absolute game category total was not extracted in this pass. | public PDF indexed by METI; direct command-line download returned 403. | Retrieve through a normal public browser and transcribe the game-software-company row with all column headings.",research-extension-2026-09-19/JP/source-visits.json
JP,Japan,2026-09-19,https://www.cesa.or.jp/uploads/2025/release_game_industry_report2025.pdf,archive extension,CESA Game Industry Report 2025 release,"published 2025-12-15; employment observation year not stated | Public summary of paid 462-page industry report; detailed employment estimation method not in release. | Source-native context only: 58,000–83,000 core-company workers including console hardware, and about 200,000 with broad related sectors. Not a dated series observation. | public PDF; existing project raw copy inspected | Do not buy or infer timing unless the full report is explicitly authorised; retain existing contextual treatment.",research-extension-2026-09-19/JP/source-visits.json
JP,Japan,2026-09-19,https://www.cesa.or.jp/assets/images/information/release_game_industry_report2024.pdf,archive extension,CESA Game Industry Report 2024 release,"published 2024-12-20; employment observation year not stated | Public release of paid 360-page report, expressly described as the first rebuilt report after the White Paper series. | Public release calls game-related total industrial population around 200,000 but gives no dated stock, scope diagram or public method. Not evidence of 2024 employment. | public PDF downloaded to raw/cesa-2024-release.pdf | Keep as corroborating origin of CESA context estimate only.",research-extension-2026-09-19/JP/source-visits.json
JP,Japan,2026-09-19,https://www.cesa.or.jp/uploads/info_081128.pdf,archive extension,Survey report on analysis and spillover effects of the game software industry,"published 2008-11; economic model uses 2007 calendar-year domestic market | Input-output analysis of direct and peripheral demand. Employment-inducement count uses the employment table accompanying the input-output table; includes employees, paid officers, proprietors and family workers. | Primary public report but not workforce stock. It calculates 63,863 induced workers from about JPY1tn economic effect and explicitly warns the effect need not create additional jobs. | public PDF downloaded to raw/cesa-2008-economic-impact.pdf | Use only if analysing economic multiplier methodology; exclude from employment trend.",research-extension-2026-09-19/JP/source-visits.json
JP,Japan,2026-09-19,https://www.cesa.or.jp/information/info6/001169/release20230731.html,archive extension,2023 CESA Games White Paper release,"published 2023-07-31 | Paid home-console game-industry annual report; public release describes manufacturer shipment data, consumer-survey extracts and assisted overseas market estimates. | No public workforce total recovered. Confirms predecessor report scope differs from post-2024 industry report. | public HTML release; full report paid | Exclude from workforce series absent authorised full-edition inspection.",research-extension-2026-09-19/JP/source-visits.json
JP,Japan,2026-09-19,https://www.cesa.or.jp/information/info6/001168/release20220829.html,archive extension,2022 CESA Games White Paper release,published 2022-08-29 | Paid home-console game-industry annual report; public release foregrounds hardware and packaged software market estimates. | No public workforce total recovered. | public HTML release; full report paid | Exclude from workforce series absent authorised full-edition inspection.,research-extension-2026-09-19/JP/source-visits.json
JP,Japan,2026-09-19,https://www.cesa.or.jp/uploads/disclosure2023-report_01.pdf,archive extension,CESA FY2022 business report,"FY2022; published 2023 | Association annual activity report. | Primary publication-history evidence: delayed 2021 White Paper issued April 2022, then 2022 White Paper in August 2022. It does not supply workforce data. | public PDF | Use only to date the predecessor release, not as employment evidence.",research-extension-2026-09-19/JP/source-visits.json
JP,Japan,2026-09-19,https://www.stat.go.jp/english/data/e-census/2012/note.html,archive extension,2012 Census statistical-table notes,2012-02-01 | Employment reference date differs from financial-year reference. | Confirms persons-engaged date1February2012; source-table scope restrictions still apply. | full HTML inspected | Apply equivalent date and coverage checks to later censuses.,research-extension-2026-09-19/JP/source-visits.json
JP,Japan,2026-09-19,https://www.e-stat.go.jp/stat-search/file-download?statInfId=000031674378&fileKind=1,archive extension,"2016 Economic Census Activity Survey, establishment industry tabulation (Service Industries B), Table 1","2016 reference date 2016-06-01; published 2018-03-28 | National privately owned establishment tabulation by detailed class: establishments, persons engaged, sales and Service Industries B activity income. | Primary-download verification: row 3914 Game software industry gives 256 establishments and 18,216 persons engaged. The companion official overview documents the required-item and management/support exclusion rule, making this a candidate extension of the accepted 2012 series. | public direct download; CP932 CSV saved locally as economic-census-2016-serviceb-table1.xls and decoded raw/economic-census-2016-serviceb-table1.txt | Keep supplemental pending main integration review; do not replace it with a broader series.",research-extension-2026-09-19/JP/source-visits.json
JP,Japan,2026-09-19,https://www.stat.go.jp/data/e-census/2016/kekka/pdf/r_serviceb.pdf,archive extension,2016 Economic Census Activity Survey: Service Industries B results overview,"2016 reference date 2016-06-01; published 2018 | Official results-overview methodology notes for the establishment industry tabulation. | Page 2, item 4 says the industry tabulations exclude establishments conducting only management/support activities and establishments without values for industry-specific survey items. This is the critical coverage evidence for the 2016 detailed-class row. | public PDF downloaded and text-inspected | Cite with the Table 1 download if admitting the 2016 value.",research-extension-2026-09-19/JP/source-visits.json
JP,Japan,2026-09-19,https://www.stat.go.jp/data/e-census/2021/kekka/zuhyou/s_searchtable.xlsx,archive extension,2021 Economic Census Activity Survey final-results table catalogue,"2021 reference date 2021-06-01; final results published 2023 | Official catalogue of published Census final-result tables and their industry-classification levels. | The cross-industry workers table is labelled middle classification. The service-industry worker publication is a separate route and excludes G Information and Communications, so neither provides a comparable 3914 game-software worker row. No 2021 value proposed. | public XLSX downloaded and inspected | If needed, identify a separately published official detailed-class 3914 table before adding a 2021 point.",research-extension-2026-09-19/JP/source-visits.json
JP,Japan,2026-09-19,https://www.e-stat.go.jp/stat-search/file-download?statInfId=000040032976&fileKind=0,archive extension,"2021 Economic Census Activity Survey, service-related industries, Table 1","2021 reference date 2021-06-01; published 2023-03-28 | Service-related-industry establishments and persons engaged by classification and branch status. | Official worksheet explicitly defines its service-related-industry universe as K, L, M, N, O2 and R2, excluding G Information and Communications. It is therefore not a valid source for JSIC 3914 game-software employment. | public XLSX downloaded and inspected | Exclude from this series; retain only as bounded negative evidence for 2021.",research-extension-2026-09-19/JP/source-visits.json
JP,Japan,2026-09-19,https://www.kkr.mlit.go.jp/kokudokeikaku/program/data/2024/pub_20241025/07_.pdf,archive extension,"Kinki regional plan data appendix, October 2024, printed p12","[2016, 2021, 2024] | Adjacent charts cite different census years: film employment uses2021; game-software establishments and workers use2016. | Reject as2021 game-employment evidence. Downloaded full PDF and checked chart-specific footnotes. Confirms continued official use of older2016 games detail, not a new year. | PDF downloaded and text inspected | Continue detailed census or METI enterprise table route; do not assign neighboring source date.",research-extension-2026-09-19/JP/source-visits.json
JP,Japan,2026-09-19,https://www.meti.go.jp/statistics/tyo/joho/result-2/h23sokugaikyo.pdf,archive extension,平成23年情報通信業基本調査速報,"[2010] | Enterprise survey; Chapter 5 reports development/production division employment by enterprise industry. FY22 data are fiscal-year-end counts. | Direct values, but explicitly a preliminary rapid release. Valid responses are accumulated by item and respondent counts vary by table. | downloaded; decisive table extracted to 2011.txt | Locate the FY2010 final-release workbook/PDF before replacing the preliminary observation.",research-extension-2026-09-19/JP/source-visits.json
JP,Japan,2026-09-19,https://www.e-stat.go.jp/stat-search/file-download?fileKind=0&statInfId=000031813847,archive extension,平成30年情報通信業基本調査 H30-5 第5章 情報サービス業,[2017] | Published table workbook. Table 7 is industry-by-employment in the development/production division. The associated H30 questionnaire specifies FY2017 end; scope is JSIC division 39 enterprises with capital/investment of JPY30m or more. | Direct table total and direct respondent-company denominator; do not present as census coverage. | downloaded and converted for inspection | Use as a survey-series point only.,research-extension-2026-09-19/JP/source-visits.json
JP,Japan,2026-09-19,https://www.e-stat.go.jp/stat-search/file-download?fileKind=0&statInfId=000031925314,archive extension,2019年情報通信業基本調査 2019-5 第5章 情報サービス業,[2018] | Published table workbook. Table 7 is industry-by-employment in the development/production division; the 2019 questionnaire specifies FY2018 end; scope is JSIC division 39 enterprises with capital/investment of JPY30m or more. | Direct table total and direct respondent-company denominator; comparable in construct to FY2017 and FY2020 subject to response composition. | downloaded and converted for inspection | Use as a survey-series point only.,research-extension-2026-09-19/JP/source-visits.json
JP,Japan,2026-09-19,https://www.e-stat.go.jp/stat-search/file-download?fileKind=0&statInfId=000032181020,archive extension,2021年情報通信業基本調査 2021-5 第5章 情報サービス業,"[2020] | Published table workbook. 7表 reports development/production division employment by enterprise industry; related tables explicitly use 2020年度. The direct workforce-field reference-date instruction remains to be retrieved. | Direct table total 14,519 and respondent-company denominator 70. This is the requested FY2020 enterprise source, not a derived estimate; fiscal-year label remains proposed pending direct field-date text. | downloaded and converted for inspection | Retrieve the workforce-field instruction/reference date before promoting this candidate; a guessed questionnaire URL returned HTML, retained locally as a failed response.",research-extension-2026-09-19/JP/source-visits.json
JP,Japan,2026-09-19,https://www.meti.go.jp/statistics/tyo/joho/result-5/h30/30joho_kinyutebiki_5.pdf,archive extension,平成30年情報通信業基本調査⑤ 調査票の記入手引（情報サービス業）,[2017] | Questionnaire guide: asks for development/production division employees at FY2017 end and defines 常時従業者. | Method/reference-date corroboration for the H30 result workbook. | web-indexed and inspected | Retain with the result workbook for methodology traceability.,research-extension-2026-09-19/JP/source-visits.json
JP,Japan,2026-09-19,https://www.meti.go.jp/statistics/tyo/joho/result-5/2021/2021joho_chosa_5.pdf,archive extension,2021 questionnaire5 workforce field5301,FY2020 end | Development/production workers of respondents; paid directors and contract/freelance workers included; temporary and incoming dispatch separate. | Exact field-year text recovered from indexed officialPDF; accepts FY2020 snapshot only. | Indexed primary text; directdownload403,research-extension-2026-09-19/JP/source-visits.json
JP,Japan,2026-09-19,https://www.meti.go.jp/statistics/tyo/joho/result-2/r03/2021kakugaiyo.pdf,archive extension,2021 overview employee-category revision note,2018 questionnaire revision | Official warning about changed nonregular-employee categories. | Requires pre/post-revision total-definition review; not yet proof total itself is incomparable. | Indexed primary text; directdownload403,research-extension-2026-09-19/JP/source-visits.json
JP,Japan,2026-09-19,https://www.meti.go.jp/statistics/tyo/joho/result-5/h30/30joho_chosa_5.pdf,archive extension,2018 industry-specific form5 direct field review,2018-2019 survey instruments | Information and Communications Industry Basic Survey; respondent enterprise survey | FY2017 field5301 date/definition directly verified; accepts respondent snapshot only. | Web PDF extracted text inspected; no local download | Retain evidence; pursue missing workforce field only where unresolved.,research-extension-2026-09-19/JP/source-visits.json
JP,Japan,2026-09-19,https://www.meti.go.jp/statistics/tyo/joho/result-5/r01/31joho_chosa_5.pdf,archive extension,2019 form5 cover review,2018-2019 survey instruments | Information and Communications Industry Basic Survey; respondent enterprise survey | FY2018 cover and nearest-period exception verified; workforce-field read incomplete. | Cover recovered; later field-page attempts403 | Retain evidence; pursue missing workforce field only where unresolved.,research-extension-2026-09-19/JP/source-visits.json
JP,Japan,2026-09-19,https://www.meti.go.jp/statistics/tyo/joho/result-5/h30/30joho_bunrui.pdf,archive extension,2018 survey classification and overview,2018-2019 survey instruments | Information and Communications Industry Basic Survey; respondent enterprise survey | Employment survey date31March2018; information-service enterprise capital thresholdJPY30m. | Primary search-index text; direct403 | Retain evidence; pursue missing workforce field only where unresolved.,research-extension-2026-09-19/JP/source-visits.json
JP,Japan,2026-09-19,https://www.meti.go.jp/statistics/toppage/topics/jisshinaiyou/chosakeikakufiles/40_jyohotsushingyokihon0305.pdf,archive extension,Approved survey plan alternate instrument route,2018-2019 survey instruments | Information and Communications Industry Basic Survey; respondent enterprise survey | No full instrument recovery; do not treat search snippet as game-form verification. | Directcurl403 | Retain evidence; pursue missing workforce field only where unresolved.,research-extension-2026-09-19/JP/source-visits.json
JP,Japan,2026-09-19,https://www.e-stat.go.jp/stat-search/file-download?fileKind=0&statInfId=000032089816,archive extension,METI/e-Stat 2020-5 game-software workforce table,"2020 survey; candidate FY2019 stock date pending | Development/production division, regular workers;68 responding game-software enterprises. | 12050 total verified at7表!J7; components sum12035, residual15 unassigned. Proposed only; exact stock date unresolved. | Official XLSX downloaded and cells parsed | Recover2020 industry form5 workforce field/date; no national trend.",research-extension-2026-09-19/JP/source-visits.json
JP,Japan,2026-09-19,https://www.meti.go.jp/statistics/tyo/joho/result-5.html,archive extension,"METI questionnaire index,2019 and2020 form5 follow-up",2019-2020 survey editions | Official links distinguish industry-specific form5 from other instruments. | 2019 form and guide links confirmed but403;2020 form/guide web fetch failed. Index is not workforce-field proof. | Index directly inspected; failed PDF calls recorded | Seek official mirrored questionnaires or archive copies; retain proposed status.,research-extension-2026-09-19/JP/source-visits.json
JP,Japan,2026-09-19,https://www.meti.go.jp/statistics/tyo/joho/result-5/r01/31joho_bunrui.pdf,archive extension,2019 classification/general survey instructions,"2019 survey | Indexed official text gives31March2019 for enterprise outline, organization and workers; business activity/transactions have different reference treatment. | General instructions do not establish form5 field5301 fiscal-end rule. Do not use them to assign calendar date to proposed13343. | Official indexed text read; originalHTTP403 | Retain as scope/revision evidence. Field5301 date still requires original same-year form or equivalent field-specific documentation.",research-extension-2026-09-19/JP/source-visits.json
JP,Japan,2026-09-19,https://www.meti.go.jp/statistics/tyo/joho/result-2/r02/2020kakunews.pdf,archive extension,2020 information and communications survey final release,"Released28May2021; survey2020, FY2019 activity | Official indexed release states capital threshold30millionJPY for information services, general survey date31March2020, collection16August-15October2020. Form5 covers6031target,3985returned,3660valid enterprises across all information services. | Denominators are sector-wide, not game-specific. General survey date is insufficient to replace field-specific fiscal-end instructions. | Official release indexed text reviewed; no saved full original | Retain as scope/revision evidence. Field5301 date still requires original same-year form or equivalent field-specific documentation.",research-extension-2026-09-19/JP/source-visits.json
JP,Japan,2026-09-19,https://www.meti.go.jp/statistics/tyo/joho/result-3/2020_seigo_5-1.pdf,archive extension,2020 information services correction notice: Table1,"2020 survey; correction timing not verified from original notice | Indexed original PDF shows correct/incorrect Table1 enterprise counts and capital-size breakdown. Games enterprise count69 appears in Table1. | Do not replace Table7 workforce-reporting enterprise count68 with Table1 industry count69. Indexed scope is Table1; full correction notice remains inaccessible, so no claim that all workforce tables were unaffected. | Official PDF indexed text reviewed; direct original web fetch failed | Retain as scope/revision evidence. Field5301 date still requires original same-year form or equivalent field-specific documentation.",research-extension-2026-09-19/JP/source-visits.json
JP,Japan,2026-09-20,https://www.stat.go.jp/data/e-census/2012/kakuho/pdf/service.pdf,archive extension,2012 Economic Census for Business Activity: construction and service industries,"1 February 2012 | Table I-1, national JSIC 3914 Game software industry row | Existing chart-eligible census series only; not newly added by this recheck. | Country recheck; see linked evidence register",research-extension-2026-09-19/JP/source-visits.json
JP,Japan,2026-09-20,https://www.e-stat.go.jp/dbview?sid=0003215380,archive extension,"2016 Economic Census for Business Activity, Service Industries B detailed-industry Table 1-1","1 June 2016 | National row 3914 ゲームソフトウェア業; official project download records 256 establishments and 18,216 persons engaged | Existing chart-eligible census series only; not newly added by this recheck. | Country recheck; see linked evidence register",research-extension-2026-09-19/JP/source-visits.json
JP,Japan,2026-09-20,https://www.cesa.or.jp/action/industry-research/2024/,archive extension,CESA Game Industry Report 2024 official page,"Published 20 December 2024 | Official page lines describing the 2024 report's White Paper redesign, paid 360-page format, and approximately 200,000 total game-related industrial population | Context only; no chart or trend use. | Country recheck; see linked evidence register",research-extension-2026-09-19/JP/source-visits.json
JP,Japan,2026-09-20,https://www.cesa.or.jp/uploads/2026/info20260106-2.pdf,archive extension,Game developers' employment and career development 2025,"Fieldwork 2 June-4 August 2025 | pp. 4-5, sections 1.2-1.5: primarily commercial game developers, also educators/students; internet survey; 339 valid responses. | Sample-only workforce characteristics; never national employment stock or trend. | Country recheck; see linked evidence register",research-extension-2026-09-19/JP/source-visits.json
KR,South Korea,2026-09-19,https://www.kocca.kr/knowledge/publication/indu/__icsFiles/afieldfile/2013/11/11/uQ38hyWQZt2L.pdf,archive extension,2013 Content Industry Statistics Survey: Games extract,"2010-2012 | KOCCA content-industry statistical survey. Table 4 separates game production/distribution from PC cafes, arcade-game rooms and video-game venues; its values are headcounts in people. | Decisive primary KOCCA source with a sector label matching KR_core. It recovers 2010 48,585; 2011 51,859; and 2012 52,466, but does not by itself prove survey-frame continuity with the later series. | full_source | Main may validate and add the five proposed pre-2015 observations as a vintage-separated history; preserve the existing post-2015 sources and the core-versus-venue split, and keep trend eligibility false pending methods.",research-extension-2026-09-19/KR/source-visits.json
KR,South Korea,2026-09-19,https://m.korea.kr/expertWeb/resources/files/data/document_file/2016/2016%20%EC%A0%80%EC%9E%91%EA%B6%8C%20%EB%B3%B4%ED%98%B8%20%EC%97%B0%EC%B0%A8%EB%B3%B4%EA%B3%A0%EC%84%9C.pdf,archive extension,2016 Copyright Protection Annual Report,"2012-2014 | Government report reproduces a three-year game-employment table and explicitly credits the KOCCA 2015 White Paper (2015-10). It separates game production/distribution from game distribution/consumption. | Usable government-hosted reproduction for missing 2013 and 2014 core observations. The direct KOCCA 2015 White Paper file was not recovered in this bounded pass, so provenance is one step removed; the 2012 value matches the direct 2013 KOCCA table. | full_source | If stronger archival provenance is needed, locate the original 2015 KOCCA White Paper PDF. Do not replace the reproduced values unless the original conflicts.",research-extension-2026-09-19/KR/source-visits.json
KR,South Korea,2026-09-19,https://welcon.kocca.kr/cmm/fms/CrawlingFileDown.do?atchFileId=FILE_3d4caf8b-17a4-4c87-8804-d2b91e83b471&fileSn=1,archive extension,2017 White Paper on Korean Games,"2014-2016 | Annual White Paper table separately reports game development/distribution businesses and game circulation/consumption businesses (PC Bangs and arcade rooms). | Decisive primary sector-match check. It confirms the existing 2015 (35,445) and 2016 (33,979) core values and independently supplies 2014 (39,221), already proposed from the government-hosted KOCCA reproduction. It does not prove survey-frame continuity across vintages. | full_source | No new rows from this source beyond proposed 2014 because 2015-2016 are already present in KR.json.",research-extension-2026-09-19/KR/source-visits.json
KR,South Korea,2026-09-19,https://welcon.kocca.kr/,archive extension,"KOCCA/WelCon publication portal, forward-edition search",2025 observation / prospective 2026 White Paper | Portal and web-index queries for a 2026 White Paper on Korean Games were checked. | No accessible 2026 edition or 2025 employment observation was recovered. The existing 2025 White Paper remains the newest recovered edition and covers 2024. | no_new_edition_recovered | Recheck KOCCA/WelCon after publication of the next White Paper; require its employment table and exact observation year before proposing a 2025 row.,research-extension-2026-09-19/KR/source-visits.json
KR,South Korea,2026-09-19,https://www.kocca.kr/knowledge/publication/indu/__icsFiles/afieldfile/2013/11/11/uQ38hyWQZt2L.pdf,archive extension,2013 White Paper on Korean Games / Content Industry Statistics extract,"Table 4 reports annual people headcounts for 2010-2012 and separates game production/distribution from venue categories. No survey-frame continuity appendix was found in the recovered extract. | Direct KOCCA evidence for 2010-2012 and the exact 2012 overlap value 52,466. | full_source",research-extension-2026-09-19/KR/source-visits.json
KR,South Korea,2026-09-19,https://m.korea.kr/expertWeb/resources/files/data/document_file/2016/2016%20%EC%A0%80%EC%9E%91%EA%B6%8C%20%EB%B3%B4%ED%98%B8%20%EC%97%B0%EC%B0%A8%EB%B3%B4%EA%B3%A0%EC%84%9C.pdf,archive extension,2016 Copyright Protection Annual Report,"Table II-8 reproduces the KOCCA 2015 White Paper's 2012-2014 core-versus-venue employment table; it provides no survey design, frame or worker-status definitions. | Government-hosted source-native comparison that makes the 2012-2013 numerical step directly observable, but does not explain it. | full_source",research-extension-2026-09-19/KR/source-visits.json
KR,South Korea,2026-09-19,https://welcon.kocca.kr/cmm/fms/CrawlingFileDown.do?atchFileId=FILE_3d4caf8b-17a4-4c87-8804-d2b91e83b471&fileSn=1,archive extension,2017 White Paper on Korean Games,"Table 5 gives the same core/venue split for 2014-2016; method appendix sufficient to prove unchanged frame was not located in the recovered English report. | Direct KOCCA/MCST confirmation of 2014 39,221 and continuing sector labels, not a proof of longitudinal survey equivalence. | full_source",research-extension-2026-09-19/KR/source-visits.json
KR,South Korea,2026-09-19,https://www.kocca.kr/knowledge/publication/indu/,archive extension,KOCCA publication archive / 2015 White Paper recovery lead,"Searched directly and through KOCCA/MCST-indexed results for the original 2015 White Paper and its methodology. | The original 2015 methodology document was not recovered in this bounded pass. Search yielded later editions, not a decisive explanation for the 2012-2013 difference. | original_method_not_recovered",research-extension-2026-09-19/KR/source-visits.json
KR,South Korea,2026-09-19,https://www.codil.or.kr/filebank/original/RK/OTKCRK170420/OTKCRK170420.pdf,archive extension,Government research repository reproduction points to2014 White Paper,2013 employment | Indexed passage cites2014 KOCCA White Paper for812 firms and40541 workers. | Bibliographic lead to contemporaneous2014 edition only. Reproduction does not establish method continuity or cause of decline. | Indexed passage inspected; original2014 methods not recovered | Seek original2014 White Paper methodology as well as2015 retrospective table.,research-extension-2026-09-19/KR/source-visits.json
KR,South Korea,2026-09-19,https://m.kocca.kr/knowledge/publication/indu/__icsFiles/afieldfile/2012/10/10/w0uw0G1FcfBw.pdf,archive extension,"KOCCA 2012 White Paper summary, Table 4","2009-2011 | People in game production/distribution; venue workers separately tabulated. | 2009=43,365 newly recovered; 2010=48,585 and 2011=51,859 match existing later table. Frame continuity unproved; marker-only proposal. | Official PDF downloaded; text and page 8 image checked | Trace 2011 and earlier white papers backward; recover worker-status definitions and estimation method.",research-extension-2026-09-19/KR/source-visits.json
KR,South Korea,2026-09-19,https://www.newswire.co.kr/newsRead.php?no=771789,archive extension,KOCCA-issued 2014 White Paper launch release,"2013 | Release reports 40,541 production/distribution workers and 226 surveyed production/distribution firms; does not explain weighting or extrapolation. | Direct issuer confirmation replaces reliance solely on later government reproduction for 2013. Sample size is not population or workforce count. No causal explanation for 2012-2013 decline. | Full press release read; issuer identified as KOCCA | Recover full 2014/2015 methodology; keep historical markers unconnected.",research-extension-2026-09-19/KR/source-visits.json
KR,South Korea,2026-09-19,https://www.archives.go.kr/next/newsearch/viewDescClassContents.do?businessFunctionId=G00000000950&descClassDiv=G&descFullId=T00000000090%2FT00000000094%2FG00000000950&doctype=M&page=92&sitePage=&viewSel=archive,archive extension,National Archives catalog: 2015 White Paper upper volume DM00054095,2015 publication | Bibliographic inventory only. | Specific original-volume retrieval lead; no document text or employment-method appendix inspected. | Official indexed catalog listing located | Retrieve upper volume DM00054095 and employment chapter; do not treat catalog metadata as methodology evidence.,research-extension-2026-09-19/KR/source-visits.json
KR,South Korea,2026-09-19,https://tgsi.or.kr/?bmode=view&idx=158701002&q=YToyOntzOjEyOiJrZXl3b3JkX3R5cGUiO3M6MzoiYWxsIjtzOjQ6InBhZ2UiO2k6MjA7fQ%3D%3D&t=board,archive extension,Game Science Institute white-paper archive lead,2015-2016 publications | Archive link lead only. | No source content recovered. | Web fetch returned 403 | Prefer official KOCCA or National Archives retrieval.,research-extension-2026-09-19/KR/source-visits.json
KR,South Korea,2026-09-19,https://www.kocca.kr/kocca/bbs/view/B0000138/1823385.do?menuNo=204106,archive extension,KOCCA 2014 White Paper launch: original HWP summary attachment,"2011-2013 | Original issuer attachment, production/distribution people, separate venue row; estimator and contractor treatment absent from summary. | Original 2011=51,859, 2012=52,466, 2013=40,541 overlap confirmed. Narrative explicitly reports 22.7% decline; this is the source interpretation, not proof of unchanged frame. | Official HTML and 147,968-byte HWP downloaded; body paragraph records decompressed and decoded | Recover full employment methodology; retain isolated markers until frame review.",research-extension-2026-09-19/KR/source-visits.json
KR,South Korea,2026-09-19,https://www.archives.go.kr/next/newsearch/showDetailPopup.do?rc_code=1310377&rc_rfile_no=201607142184&rc_ritem_no=000000000001&sitePage=0-0-0,archive extension,"National Archives item record DM00054095, upper volume","2015 publication | Original-volume bibliographic record only. | 538 pages, publication 2015-10-01, Seongnam archive. Item page has empty PDF path and no exposed original-file link; no full text retrieved. | Listing, volume detail and item HTML saved and inspected | Do not repeat catalog lookup as if it yields full text; seek other official digital copy.",research-extension-2026-09-19/KR/source-visits.json
KR,South Korea,2026-09-19,https://m.inven.co.kr/webzine/wznews.php?idx=121637&p=27&searchwhere=writer&svalue=%EA%B9%80%EC%A7%80%EC%97%B0,archive extension,Contemporaneous Inven coverage: frame lead only,"2013 survey in 2014 publication | Secondary reporting says 812 registered firms at 2013-12-31, 226 valid respondents, visits/online/fax. | Useful search terms, not accepted as original survey-method proof. Reference date must not be propagated to employment without original confirmation. | Indexed article passage inspected | Locate original Part 1 Chapter 3 and Chapter 4 using these terms.",research-extension-2026-09-19/KR/source-visits.json
KR,South Korea,2026-09-19,https://www.kocca.kr/knowledge/publication/indu/__icsFiles/afieldfile/2011/10/14/zKKTQgQzXSMC.pdf,archive extension,"2011 White Paper on Korean Games: summary, Table4","2008-2010 reference years;2011 edition | Table4 separates production/distribution workers from distribution/consumption businesses. Historical production row42730,43365,48585; overlapping2009/2010 values match later summaries. | New source-verified2008 candidate. Summary does not establish frame continuity. Narrative says distribution/consumption survey newly started in this edition despite earlier table values; do not infer matched methods. | Original PDF downloaded; Table4 visually inspected and all component sums checked | Review2008/2009 for isolated-marker acceptance under existing Korean historical policy; no new trend connections.",research-extension-2026-09-19/KR/source-visits.json
MY,Malaysia,2026-09-19,https://www.miti.gov.my/miti/resources/MITI%2520Report/MITI_Report_2018.pdf,archive extension,MITI Report 2018,"[2018] | Annual ministry report; p. 71 groups animation, games and interactive media, film/TV VFX, and new media/platforms as Digital Content & Creative Technology Industry. | Authoritative but unusable for games employment: reports 11,590 jobs created for the combined sector in 2018, not a games-only workforce stock. | downloaded | Do not series-code. Seek a DOSM establishment/occupation table that explicitly isolates game development.",research-extension-2026-09-19/MY/source-visits.json
MY,Malaysia,2026-09-19,https://www.mdec.my/static/pdf/digitalcontent/SEA-game-industry-report-2021.pdf,archive extension,Southeast Asia Game Industry Report 2021,"[2015, 2016, 2021] | Three-phase regional study. Phase 1 was a 67-question survey of 151 gaming-industry players in six countries; Malaysia was 61% of respondents. Includes benchmarking and synthesis. | Games-specific but a voluntary regional survey, not a Malaysian employment census. Contains company-size bands and response distributions, no national stock. | downloaded | Use only to document survey scope; do not extrapolate to a workforce count. Earlier 2015 and 2016 editions were identified but no official file recovered in this pass.",research-extension-2026-09-19/MY/source-visits.json
MY,Malaysia,2026-09-19,https://www.mdec.my/static/pdf/digitalcontent/SEA-digital-content-industry-report-2022.pdf,archive extension,Southeast Asia Digital Content Industry Talent Report 2022,[2022] | Regional online survey/interviews across six countries; sample mixes animation and game-development participants (reported 56% animation and 44% game development). | Not games-only and not a national census; useful only as an exclusion record. | downloaded | Do not series-code.,research-extension-2026-09-19/MY/source-visits.json
MY,Malaysia,2026-09-19,https://www.mdec.my/static/pdf/digitalcontent/SEA-Game-Talent-Economics-Report%202024_FINAL.pdf,archive extension,Southeast Asia Game Development Industry Talent Economics Report 2024,"[2024] | Two regional online surveys across Indonesia, Malaysia, Philippines, Singapore, Thailand and Vietnam: 295 individual respondents and 48 studios. Focuses on pay, experience, qualifications, studio growth and talent requirements. | Games-specific but survey evidence, not a Malaysia population count. No annual workforce-stock series. | downloaded | Do not series-code; retain for qualitative methodology context only.",research-extension-2026-09-19/MY/source-visits.json
MY,Malaysia,2026-09-19,https://www.digital.gov.my/api/file/file/30012026_PRESS%20RELEASE_ADVANCING%20MALAYSIA%E2%80%99S%20DIGITAL%20CREATIVE%20INDUSTRY%20TOWARDS%20AI%20NATION%202030.pdf,archive extension,Advancing Malaysia's Digital Creative Industry Towards AI Nation 2030,"[2026] | Press release; no employment methodology or sector allocation published. | Authoritative government communication but reports 'over 11,000 high-value jobs' for the whole digital creative industry and says jobs were created to date. Not games-only and not stock. | downloaded | Do not series-code. Request underlying MDEC administrative series only if it supplies games-only annual headcount and definitions.",research-extension-2026-09-19/MY/source-visits.json
MY,Malaysia,2026-09-19,https://www.dosm.gov.my/portal-main/release-content/cultural-and-creative-satellite-account-2024,archive extension,Cultural and Creative Satellite Account 2024,"[2024] | National cultural-and-creative satellite account; publishes aggregate employment for the cultural and creative industry. | Official national employment source, but its published headline is 763.1 thousand across the cultural and creative industry, not games. It cannot isolate game development from the headline material reviewed. | landing page reviewed | Inspect detailed satellite-account tables only if a games-specific activity/product cell is documented.",research-extension-2026-09-19/MY/source-visits.json
NL,Netherlands,2026-09-19,https://dutchgamesassociation.nl/games-monitor/,archive extension,Games Monitor,"2012; 2015; 2018; 2020 update; 2022; 2024 | Association archive page links the original report files and says the Monitor covers applied and entertainment games, including companies and jobs. Dutch Game Garden executed editions through 2022; Dutch Games Association took responsibility from 2025. | Primary publisher archive; all accessible historical editions were traced. It establishes the publication sequence but does not itself provide a continuous annual workforce series. | full_source | Use the linked original PDFs as evidence; keep report vintages distinct where their retrospective counts differ.",research-extension-2026-09-19/NL/source-visits.json
NL,Netherlands,2026-09-19,https://drive.google.com/file/d/1S78-Bjqu71hewnHVnI08ShLVP1HADvkc/view?usp=sharing,archive extension,Games Monitor '12,"2011 observation; report published 2012 | Company-level universe assembled from Control, Dutch Games Association and TNO applied-gaming networks; LISA workplace jobs matched for 70%, then websites/survey and category averages used for unmatched firms. | Decisive primary evidence for the earliest exact broad national count: 3,000 jobs in 2011. It explicitly includes applied games and self-employed persons, and is not an FTE measure. | full_source | Treat as a legacy estimated stock. Its 95% company-universe claim and 37-company size imputation prevent an assumption of precision or annual continuity.",research-extension-2026-09-19/NL/source-visits.json
NL,Netherlands,2026-09-19,https://drive.google.com/file/d/12sq08-IC0H1mCsbaG-LOpAkDFBP_1QX7/view?usp=sharing,archive extension,Games Monitor 2018,"2011; 2015; 2018 | Desk research, a questionnaire sent to about 500 companies with 165 responses, and industry roundtables; report says it uses the same definition and methodology as 2012 and 2015. | Decisive primary evidence for the original 2018 vintage (3,850 jobs). Do not replace the accepted later-vintage 2018 count of 3,834: this report itself says the 2015 count was adjusted as companies were found and definitions tightened. | full_source | Keep 3,850 as an auditable historical-vintage observation only; accepted trend should retain the existing latest-vintage 3,834 row unless review elects a vintage-specific series.",research-extension-2026-09-19/NL/source-visits.json
NL,Netherlands,2026-09-19,https://drive.google.com/file/d/1fXRIKtclZrateBHpLYh7UEZgS_g-r0mP/view?usp=share_link,archive extension,Games Monitor 2020 Update - COVID Impact,"2020 | Interim update using prior Monitor criteria, database refresh, a November 2020 survey to around 500 people with just over 100 responses, and company websites, LinkedIn profiles and directory updates. | Primary evidence for an approximate 2020 level of around 4,000 employees and 615 companies. It is explicitly an indication before the next detailed Monitor, not a census-quality exact jobs series. | full_source | Do not treat 4,000 as a precisely comparable point without an approximate/estimated status; it bridges neither annual 2018-2021 continuity nor FTE measurement.",research-extension-2026-09-19/NL/source-visits.json
NL,Netherlands,2026-09-19,https://drive.google.com/file/d/1VZRUyiuZ-e907r4aG96RZ5qne81stwUA/view?usp=share_link,archive extension,Games Monitor 2022,"2011; 2015; 2018; 2021 | Report states it used the same definitions and methodologies as the 2012, 2015 and 2018 editions; it reports 630 companies and 4,560 jobs at end-2021 and gives specialization jobs in Table 1.1. | Primary confirmation of the already accepted 2021 count. No new 2021 proposal is required because the accepted packet already carries 4,560 from the later Monitor 2024. | full_source | Use for audit corroboration and applied-versus-entertainment components, while retaining the accepted source policy.",research-extension-2026-09-19/NL/source-visits.json
NL,Netherlands,2026-09-19,https://data.overheid.nl/en/dataset/48174-employment--economic-activity--sex--national-accounts,archive extension,"Employment; economic activity, sex, National Accounts","annual, broad SIC industries | National Accounts table provides employed persons, jobs, FTE and hours by economic activity and sex. | Authoritative government employment source, but no game-only activity is identified in the standard industry classification. It cannot produce a national games-workforce observation without an unsupported allocation from broader software, publishing, creative or ICT sectors. | full_source | Do not ingest CBS broad-industry values as game employment; retain Games Monitor as the game-specific source.",research-extension-2026-09-19/NL/source-visits.json
NO,Norway,2026-09-19,https://www.virke.no/globalassets/3.bransjer/service-og-kultur/produsentforeningen/virke-spillrapporten-2019.pdf,archive extension,Virke Spillrapporten2019/2020,"2017,2018 | 15 reporting game companies; employees in Norway and abroad explicitly requested in Appendix2 footnote. | Four component counts accepted as sample context. Do not rank as domestic workforce. | Primary PDF downloaded, text extracted and table visually checked. | Determine geography consistency before using later report counts in domestic comparisons.",research-extension-2026-09-19/NO/source-visits.json
NO,Norway,2026-09-19,https://www.virke.no/globalassets/rapporter/spillrapporten-2023,archive extension,NFI/Virke Spillrapporten2023,"2017-2022 | p12:32 respondents,24 previously eligible revenue-generating companies; expanded survey from2021 and combined groups in2023 report. | 2017-18 overlap confirms values.2022 permanent738/temporary86 differs from newer706/78; keep vintages separate. PDF text7383 means738 plus footnote3. | Full PDF and method/table text inspected. | Explain2022 revision before calculating growth across vintages.",research-extension-2026-09-19/NO/source-visits.json
NO,Norway,2026-09-19,https://www.virke.no/globalassets/rapporter/spillrapporten-2020,archive extension,Virke Spillrapporten2020,2017-2019 | Indexed primary table gives2019 permanent314/temporary28. | Differs from later324/32. Not accepted as preferred history; exact methods not inspected. | Indexed primary excerpt only. | Inspect original2020 table/method and revision chain.,research-extension-2026-09-19/NO/source-visits.json
NO,Norway,2026-09-19,https://www.nfi.no/nyheter/sp%C3%B8rreunders%C3%B8kelse-spillrapporten-2025,archive extension,NFI2025 survey invitation,"2023,2024 | Invitation seeks employment and turnover for2023-24; biennial reporting. | Report label2025 is not2025 employment reference year. | Primary HTML inspected. | Use reference years, not collection/title year.",research-extension-2026-09-19/NO/source-visits.json
NO,Norway,2026-09-19,https://www.nfi.no/nyheter/her-er-den-nyeste-spillrapporten,archive extension,NFI latest Spillrapporten release,"2024 | Delayed report publication after2025, labelled2024. | Confirms existing latest endpoint; no new2025 employment count recovered. | Primary search excerpt inspected. | Keep existing2024 endpoint; look for subsequent report without assuming annual collection.",research-extension-2026-09-19/NO/source-visits.json
NZ,New Zealand,2026-09-19,https://www.nzgda.com/blog/news/new-zealand-made-video-games-industry-grew-46-this-year,archive extension,NZGDA 2011 survey release,"2011 | NZGDA member-studio survey, 21 studios; full-time equivalents. Changing respondents and reference dates, no verified population gross-up or continuous panel. | Accept dated source-native snapshot; no continuous trend. 2011 body359 differs from boilerplate over360; retain explicit survey result. | Primary HTML inspected; local copy saved | Do not join changing samples into a national index.",research-extension-2026-09-19/NZ/source-visits.json
NZ,New Zealand,2026-09-19,https://www.nzgda.com/blog/news/nz-video-games-industry-continues-to-grow,archive extension,NZGDA 2012 survey release,"2012 | NZGDA member-studio survey, 33 studios; full-time equivalents. Changing respondents and reference dates, no verified population gross-up or continuous panel. | Accept dated source-native snapshot; no continuous trend.  | Primary HTML inspected; local copy saved | Do not join changing samples into a national index.",research-extension-2026-09-19/NZ/source-visits.json
NZ,New Zealand,2026-09-19,https://www.nzgda.com/blog/news/nz-made-video-games-industry-grew-86-in-2012,archive extension,NZGDA 2013 survey release,"2013 | NZGDA member-studio survey, 33 studios; full-time equivalents. Changing respondents and reference dates, no verified population gross-up or continuous panel. | Accept dated source-native snapshot; no continuous trend. Title says2012 but body twice dates figures31March2013. | Primary HTML inspected; local copy saved | Do not join changing samples into a national index.",research-extension-2026-09-19/NZ/source-visits.json
NZ,New Zealand,2026-09-19,https://www.nzgda.com/blog/news/nz-video-games-industry-doubles-exports,archive extension,NZGDA 2014 survey release,"2014 | NZGDA member-studio survey, 30 studios; full-time equivalents. Changing respondents and reference dates, no verified population gross-up or continuous panel. | Accept dated source-native snapshot; no continuous trend. 2014 source450 differs from434 implied by2015 claimed increase; retain source vintage. | Primary HTML inspected; local copy saved | Do not join changing samples into a national index.",research-extension-2026-09-19/NZ/source-visits.json
NZ,New Zealand,2026-09-19,https://www.nzgda.com/blog/new-zealands-game-developers-break-1-billion-annual-revenue-target,archive extension,NZGDA preliminary2026 release,2026 | Preliminary fiscal-year revenue announcement. | No2026 employment count; do not derive jobs from revenue or prior-year growth. | Primary HTML inspected | Retrieve full2026 industry report when available.,research-extension-2026-09-19/NZ/source-visits.json
NZ,New Zealand,2026-09-19,https://www.mbie.govt.nz/dmsdocument/31198-game-development-sector-rebate-year-two-review,archive extension,MBIE GDSR Year Two Review,"2013-2024 indicated in indexed excerpts | Indexed excerpt describes NZGDA survey set and distinct LBD firm set matched from166 names; full methods not recovered. | Potential administrative employment history, but do not accept figures from indexed charts without full definitions. | Full PDF returns403 via web and requests; indexed excerpts only; error response saved. | Recover report and paired workbook; examine selection, survivorship, employee measure and rounding.",research-extension-2026-09-19/NZ/source-visits.json
NZ,New Zealand,2026-09-19,https://www.mbie.govt.nz/dmsdocument/31199-game-development-sector-rebate-year-two-review-data,archive extension,MBIE review data workbook,"Unverified | Workbook linked in official report indexed text. | No data extracted. | HTTP403, HTML error saved; no workbook obtained. | Recover workbook through approved public browser or official alternate link.",research-extension-2026-09-19/NZ/source-visits.json
NZ,New Zealand,2026-09-19,https://www.nzgda.com/blog/news/nz-video-games-industry-doubles-exports,archive extension,Main historical marker review,2013-2014 | Source-native employment unit and reference date; changing coverage. | Rechecked original release and period. Isolated markers only; no historical joins. | Primary webpage read,research-extension-2026-09-19/NZ/source-visits.json
NZ,New Zealand,2026-09-19,https://www.nzgda.com/blog/news/nz-made-video-games-industry-grew-86-in-2012,archive extension,Main historical marker review,2013-2014 | Source-native employment unit and reference date; changing coverage. | Rechecked original release and period. Isolated markers only; no historical joins. | Primary webpage read,research-extension-2026-09-19/NZ/source-visits.json
PH,Philippines,2026-09-19,https://www.dost.gov.ph/knowledge-resources/news/33-2013-news/137-ready-set-game-get-to-know-the-game-development-industry-at-the-s-t-week.html,archive extension,"READY SET GAME,8July2013",2013 | Official current estimate attributed to deputy executive director; collection method absent | 4000 qualifies as approximate snapshot only;10000/15000 targets excluded | Inspected,research-extension-2026-09-19/PH/source-visits.json
PH,Philippines,2026-09-19,https://storage.googleapis.com/request-attachments/Vtf5Zx0ehCcI73gYyAN5f6G0HvdxTMNyMpRMguzsrwJUXjeOTaKPhANb2fBetzeIgfazNYhp0BYPVAO4bAynhu3No8EW1l3dnaFZ/Industry%20Profile%20-%20Philippine%20Animation%20and%20Game%20Development.pdf,archive extension,Industry Profile: Philippine Game Development and Animation,"2016,2021,2022E,2028F | Government-hosted FOI attachment, original embedded Roadmap2028 chart | 2016=3.0k/2021=4.7kFTE historical;2022E varies by scenario and is not an observed stock | PDF downloaded and p1 chart visually inspected | Compare against existing baseline and recover roadmap methods",research-extension-2026-09-19/PH/source-visits.json
PH,Philippines,2026-09-19,https://www.slideshare.net/slideshow/philippine-game-development-industry-2011/8619924,archive extension,Philippine Game Development Industry Situationer2011,2009/2010 conflicting | Slide19 says1200 at end2010; slide20 says same at end2009; chart includes projection labels | Do not accept ambiguous1200 as annual observation;1600 is forecast | Full indexed slide text inspected | Recover authoritative original and resolve date conflict,research-extension-2026-09-19/PH/source-visits.json
PH,Philippines,2026-09-19,https://www.foi.gov.ph/requests/latest-labor-market-intelligence-on-game-development-sector-in-the-philippines-dti-106599663800/,archive extension,FOI workforce request2022,2019-2022 requested | Public FOI reply11May2022 | Office says it does not hold requested information and refers to BOI; portal success label does not establish data supplied | Inspected,research-extension-2026-09-19/PH/source-visits.json
PH,Philippines,2026-09-19,https://www.foi.gov.ph/requests/latest-labor-market-intelligence-on-game-development-sector-in-the-philippines-psa-879032637828/,archive extension,FOI game-development workforce request,historical | Reply lists general ICT/programming/consultancy datasets | Broad categories cannot be substituted for games | Indexed original reply inspected | Check game-only detailed classification availability,research-extension-2026-09-19/PH/source-visits.json
PH,Philippines,2026-09-19,https://boi.gov.ph/boi-approves-micro-enterprise-game-development-project/,archive extension,BOI microenterprise approval18Jan2018,2022 target | Report of forecast from2016-2022 industry roadmap | Over4000 by2022 is projected; do not chart as observed | Inspected,research-extension-2026-09-19/PH/source-visits.json
PH,Philippines,2026-09-19,https://boi.gov.ph/wp-content/uploads/2018/02/Game-Development-December-2017.pdf,archive extension,Game Development December2017 roadmap,2016-2022 | Original cited in TESDA skills framework | No values accepted from inaccessible PDF | Web inaccessible and direct requests403 | Recover official mirror before extracting,research-extension-2026-09-19/PH/source-visits.json
PH,Philippines,2026-09-19,https://admin.ibpap.org/storage/hub-resources/1fntWJGQKvZg4CfwP4yfXs0Jr1n85DVR1vYXJvSn.pdf,archive extension,Philippine IT-BPM Roadmap2028 executive summary,"2016,2021 historical;2022E/2028F scenarios | Game-development services headcount, FTE thousands; method detail not established | Original association PDF confirms BOI reproduction; preserve source-vintage and forecast boundaries | Downloaded PDF and p34 text inspected | Check existing baseline before adding observations",research-extension-2026-09-19/PH/source-visits.json
PL,Poland,2026-09-19,https://gic.gd/d/The_Game_Industry_of_Poland_report_2020.pdf,archive extension,The Game Industry of Poland,"2016 and 2018 historical estimates; 2020 current workforce estimate | The report attributes the 2020 sector-size research to Game Industry Conference. It defines the counted population as game-production studios, external-development companies and global publishers. It excludes local-market distribution and non-production service providers; QA and localisation providers are discussed separately because their employment could not be consistently tracked. Detailed sample size and collection instrument were not stated in the inspected employment section. | Decisive primary source for the missing 2020 workforce point (9,710). Its backward-looking 2016 and 2018 counts are source-native restatements but must remain a separate, explicitly under-estimated historical-vintage series until their original sources and methods are recovered. | full public PDF downloaded and text-extracted; exact excerpts preserved in raw/GIofP_2020_decisive_extract.txt | Locate the original pre-2020 GIC estimates, if archived, before treating 2016 or 2018 as comparable to the 2020+ tighter estimate.",research-extension-2026-09-19/PL/source-visits.json
PL,Poland,2026-09-19,https://gic.gd/d/The_Game_Industry_of_Poland_report_2021.pdf,archive extension,The Game Industry of Poland - Report 2021,"2020 predecessor and 2021 current estimate | The report describes 9,710 in the 2020 edition as the first tight estimate reflected in statistical sources. Its 2021 population covers game-production stakeholders, including development studios, external-development services and global publishers, while excluding service-only localisation and player support. | Primary continuity evidence: it confirms the provenance and tightened status of the 2020 point, while retaining the existing 2021 observation. It does not validate the earlier 2016/2018 restatements as a continuous series. | full public PDF previously retained in base packet; public GIC mirror inspected in this pass | Keep the 2020+ core workforce series as an estimated industry series, not a payroll census or FTE series.",research-extension-2026-09-19/PL/source-visits.json
PL,Poland,2026-09-19,https://www.igp.org.pl/?i=raporty,archive extension,Raporty,"archive listing: 2020, 2021, 2023; page current at the research date | Publisher archive describes the 2020 report as the first Polish publication with basic industry data including employment. It lists no annual 2022 or 2024 Game Industry of Poland edition and states that the 2023 report does not repeat exactly the 2020-2021 research scope. | Useful publisher-maintained archive map. It supports the report-edition gap but is not itself a workforce observation source. | full public HTML inspected | Treat 2020, 2021, 2023 and 2025 as discrete publication snapshots; do not interpolate 2022 or 2024.",research-extension-2026-09-19/PL/source-visits.json
PL,Poland,2026-09-19,https://en.parp.gov.pl/component/content/article/89639%3Anajnowsza-edycja-raportu-o-polskiej-branzy-gier-the-game-industry-of-poland-2025,archive extension,The latest edition of the report on the Polish games industry: The Game Industry of Poland 2025,"2025 report release; forward check through 2026-09-19 | PARP identifies the 2025 report's partners as the Ministry of Development and Technology, Institute of Creative Industries and Game Industry Conference. The base packet's full 2025 PDF records 14,568 people with an October 2025 active-studio frame and notes improved studio-discovery methodology. | No later source-native Polish game-production employment reference year was located in this bounded forward sweep. The existing 2025 observation remains the latest verified point; release timing is not a new 2026 employment observation. | official public release inspected; underlying 2025 PDF already retained in base packet | Watch PARP/GIC and Indie Games Polska for the next report; verify its reference date, studio frame and any revised historical employment values before extending the core series.",research-extension-2026-09-19/PL/source-visits.json
PL,Poland,2026-09-19,https://research.digitaldragons.pl/,archive extension,Digital Dragons Research archive,"2015, 2017, 2020 editions and city studies | Publisher-maintained archive; editions combine gamer, developer, wage and regional research. | Useful source-family and definition evidence; not a verified additional national workforce observation. | HTML read; linked legacy PDFs failed direct download. | Keep samples and contract definitions separate; trace historical national estimates to their original instruments.",research-extension-2026-09-19/PL/source-visits.json
PL,Poland,2026-09-19,https://www.kpt.krakow.pl/wp-content/uploads/2018/06/raport_kondycja_polskiej_branzy_final-2015-4.pdf,archive extension,Condition of the Polish Game Industry 2015,"2015 | P4: 41 developer-firm online responses, separate from 3750-consumer study. | Useful source-family and definition evidence; not a verified additional national workforce observation. | Web-indexed PDF method read; direct download 404. | Keep samples and contract definitions separate; trace historical national estimates to their original instruments.",research-extension-2026-09-19/PL/source-visits.json
PL,Poland,2026-09-19,https://www.cdprojekt.com/pl/wp-content/uploads-pl/2016/03/kondycja-polskiej-branzy-gier17.pdf,archive extension,Condition of the Polish Game Industry 2017 corporate mirror,December 2016-March 2017; separate 2016 pay study | P5: 101/approximately311 firms; >1100-worker wage sample. P72 employment-contract-only firm size. | Useful source-family and definition evidence; not a verified additional national workforce observation. | Full 48MB original PDF downloaded and method/employment sections read. | Keep samples and contract definitions separate; trace historical national estimates to their original instruments.,research-extension-2026-09-19/PL/source-visits.json
PL,Poland,2026-09-19,https://www.kpt.krakow.pl/app/uploads/2026/05/raport_2021_long_final_web.pdf,archive extension,Condition of the Polish Game Industry 2020 recovered publisher copy,"2019 developer fieldwork; July 2020 wage reference | P113: 100/476 firms; separate2241-worker pay sample,1700 direct development. P122 contract shares describe firms. | Useful source-family and definition evidence; not a verified additional national workforce observation. | Full PDF downloaded; exact methods and employment pages read. | Keep samples and contract definitions separate; trace historical national estimates to their original instruments.",research-extension-2026-09-19/PL/source-visits.json
PL,Poland,2026-09-19,https://expo.gov.pl/wp-content/uploads/2024/11/Raport-branza-gamedev.pdf,archive extension,Government Expo games sector report,Historical chart through 2022; 2023 comparison | Government-hosted secondary compilation; original GIC data provenance needs follow-up. | Useful source-family and definition evidence; not a verified additional national workforce observation. | Web-indexed PDF inspected; direct download404. No observation accepted. | Keep samples and contract definitions separate; trace historical national estimates to their original instruments.,research-extension-2026-09-19/PL/source-visits.json
PL,Poland,2026-09-19,https://www.researchgate.net/publication/367163622_Polski_Gamedev_-_Raport_2022,archive extension,Author publication record: Polski Gamedev - Raport 2022,January2023 publication; volume2 2022/2023 | Author record identifies Indie Games Poland publisher and public bit.ly/pgdevpubII link; no fulltext on ResearchGate. | Recovered primary2022 observation accepted as isolated marker; does not validate earlier historical estimates or uniform annual growth. | HTML read; public shortlink followed to publisher-distributed Drive PDF. | Compare later GIC revisions and exact stock dates before approving cross-edition lines.,research-extension-2026-09-19/PL/source-visits.json
PL,Poland,2026-09-19,https://drive.google.com/file/d/1MQ8HMbRiFoX5phR5PqvzmrIN2M0MhSW6/view,archive extension,PolskiGamedev.pl Magazyn vol2 2022/2023,"2022 workforce; published January2023 | Original pp140-141 confirms14200 workers in Polish game production; approximately2100 increase across15months. Pre2020 values explicitly rough reconstructions, not measured annual counts. | Recovered primary2022 observation accepted as isolated marker; does not validate earlier historical estimates or uniform annual growth. | Full public PDF downloaded; p141 infographic visually checked. | Compare later GIC revisions and exact stock dates before approving cross-edition lines.",research-extension-2026-09-19/PL/source-visits.json
RO,Romania,2026-09-19,https://rgda.ro/despre-dev-play-si-sprijinul-industriei-locale-de-game-development/,archive extension,Despre Dev.Play si sprijinul industriei locale de game development,"2017 public statement; reference year unstated | Association public statement; no method, company frame, or worker-status definition supplied. | Primary association evidence for an approximate early benchmark of around 6,000 employees. Keep separate from later collaborator-inclusive snapshots. | full_source | No exact annual source-native headcount located for 2015-2017; do not convert the approximation to a precise series point.",research-extension-2026-09-19/RO/source-visits.json
RO,Romania,2026-09-19,https://rgda.ro/wp-content/uploads/2019/11/RGDA_2019-report.pdf,archive extension,The Romanian Game Development Industry,"2018 | Report states it used publicly available material, discussions, and forms filled in by industry members; it disclaims audit. | Confirms the existing 2018 '6000+' lower bound and says the industry had more than 103 studios and more than 6,000 employees. No collaborator treatment in the headline. | full_source | Retain existing lower-bound observation only; no revision found.",research-extension-2026-09-19/RO/source-visits.json
RO,Romania,2026-09-19,https://rgda.ro/wp-content/uploads/2021/10/RGDA-Report-2020_ffinal.pdf,archive extension,The Industry and the Labor Market / Romanian Industry Report 2021,"2020 observation; report page dated 29 October 2021; worker survey conducted at the beginning of 2021 | Headline report based on public material, discussions, and industry-member forms; not audited. A separate Employee/Collaborator Survey was completed by 37 companies. | Primary evidence for '6000+ employees' in 2020. The survey reports 94.7% full-time employees or collaborators, 3.9% project-based collaborators, and 1.71% part-time collaborators or employees; these are composition shares, not a national headcount. Revenue is stated as data reported to tax authorities, but the report does not say that the headcount is drawn from, or reconciled to, company financial filings. | full_source; downloaded original retained in raw/ | Keep 2020 as a strict lower bound and do not splice it to 2021+ collaborator-inclusive points.",research-extension-2026-09-19/RO/source-visits.json
RO,Romania,2026-09-19,https://rgda.ro/wp-content/uploads/2023/01/RGDAs-General-Assembly.pdf,archive extension,RGDA's General Assembly,"2021 observation; snapshot dated October 2022 | Association snapshot; the slide gives no company frame, sampling method, or employee/collaborator split. | Primary source for 6,700 employees and collaborators, +12% versus 2020. It establishes a new explicitly collaborator-inclusive label, so 2020's employee-only wording remains non-comparable. | full_source; image-first PDF, search-indexed text verified; downloaded original retained in raw/ | Add as collaborator-inclusive series point only.",research-extension-2026-09-19/RO/source-visits.json
RO,Romania,2026-09-19,https://rgda.ro/wp-content/uploads/2023/10/2023-10-05-RGDA-Infografic-industrie-2022-EN.pdf,archive extension,Romanian video-games industry development 2022,"2022 | Association infographic; method not stated on the recorded headline. | Existing 6,800 employees/collaborators point. No retrospective revision found in later primary material. | full_source (pre-existing packet) | Leave accepted source unchanged.",research-extension-2026-09-19/RO/source-visits.json
RO,Romania,2026-09-19,https://rgda.ro/wp-content/uploads/2024/11/RGDA_2024_snapshot_07_EN.pdf,archive extension,Romanian video-games industry development 2023,"2023 | Association infographic; headline labels the measure 'Employees/collabs'. | Existing rounded 6,600 employees/collaborators point. Its reported EUR317m turnover and EUR48,154 turnover per employee imply an unreported denominator near 6,583, showing that the displayed 6,600 is rounded. | full_source | Do not replace 6,600 with an implied denominator.",research-extension-2026-09-19/RO/source-visits.json
RO,Romania,2026-09-19,https://rgda.ro/wp-content/uploads/2025/09/2025-09-12-RGDA-Romania-game-development-industry-in-2024-EN-BT.pdf,archive extension,Romania game development industry in 2024,"2024 | Association/bank industry report; headcount headline says '6,100 employees' and publication does not disclose employee/contractor split or a revision table. | Existing employee-wording 2024 point. The reported -7.4% is compatible with a 2023 denominator around 6,588 and therefore with the prior rounded 6,600 display, but does not publish a revised 2023 count. The new wording alone does not prove collaborators were excluded. | full_source | Keep 2024 as its own employee-wording series; do not derive an exact prior-year count from -7.4%.",research-extension-2026-09-19/RO/source-visits.json
RO,Romania,2026-09-19,https://insse.ro/,archive extension,Institutul National de Statistica,Checked for 2015-2024 dedicated national game-development employment series | Official statistical portal; no dedicated game-development workforce series identified in the bounded search. | No source-native government headcount found. Broad industry classifications would not isolate game development and would have a different population from RGDA's studio compilation. | portal reachable; no relevant dedicated series located | Do not substitute a broad CAEN/IT series for RGDA's game-industry headcount without an explicit concordance and extract.,research-extension-2026-09-19/RO/source-visits.json
RS,Serbia,2026-09-19,https://drive.google.com/file/d/1I6azl-z3xSWhEEbiLKmyGvkBPbLBzQaZ/view,archive extension,SGA 2021 industry report,"2021 | Member questionnaire and association headline estimate.2022/2023 methods state estimated80% ecosystem coverage; no reproducible employment gross-up provided. | Accept approximately 2,200+ as qualified source-native estimate; separate from survey respondents and strict domestic employment. | Original PDF downloaded; headline page visually inspected. | Preserve qualifiers; resolve geography and gross-up before trend use.",research-extension-2026-09-19/RS/source-visits.json
RS,Serbia,2026-09-19,https://drive.google.com/file/d/1iu6B8M8s30mV3boam1xAD5x68heI6bPc/view,archive extension,SGA 2022 industry report,"2022 | Member questionnaire and association headline estimate.2022/2023 methods state estimated80% ecosystem coverage; no reproducible employment gross-up provided. | Accept approximately 2,500+ as qualified source-native estimate; separate from survey respondents and strict domestic employment. | Original PDF downloaded; headline page visually inspected. | Preserve qualifiers; resolve geography and gross-up before trend use.",research-extension-2026-09-19/RS/source-visits.json
RS,Serbia,2026-09-19,https://drive.google.com/file/d/1xQujc0aNvveXoqVrkks8G5nFFedM4kMe/view,archive extension,SGA 2023 industry report,"2023 | Member questionnaire and association headline estimate.2022/2023 methods state estimated80% ecosystem coverage; no reproducible employment gross-up provided. | Accept estimated 4,300 as qualified source-native estimate; separate from survey respondents and strict domestic employment. | Original PDF downloaded; headline page visually inspected. | Preserve qualifiers; resolve geography and gross-up before trend use.",research-extension-2026-09-19/RS/source-visits.json
RS,Serbia,2026-09-19,https://sga.rs/en/annual-report/,archive extension,SGA annual report archive,"2018-2025 | Publisher links by reference year; publication labels can differ. | First listed edition2018, latest2025; no2026 reference-year data recovered. | Primary HTML saved and links followed. | Do not assign publication year to employment.",research-extension-2026-09-19/RS/source-visits.json
RS,Serbia,2026-09-19,https://sga.rs/en/old-news/weve-published-the-annual-report-on-the-gaming-industry-in-serbia-growth-in-revenue-and-the-number-of-employees/,archive extension,"SGA2023 release, published April2024",2023 | Association explanation of migration-related increase. | Attributes increase to relocation from Russia/Ukraine/Belarus. Claimed98% increase must not be applied mechanically to different rounded national estimates. | Primary HTML inspected. | Keep causal attribution source-qualified and respondent totals separate.,research-extension-2026-09-19/RS/source-visits.json
SE,Sweden,2026-09-19,https://dataspelsbranschen.squarespace.com/game-developer-index,archive extension,Game Developer Index archive,"Reports2008–2025 listed | Publisher archive; report numbering changes in2014 to publication year. | Strong backward/forward discovery route. Latest listed edition2025 at check; no2026 edition located here. | Full HTML inspected | Trace reports2012 and earlier for pre2012 workforce, preserving publication/reference-year distinction.",research-extension-2026-09-19/SE/source-visits.json
SE,Sweden,2026-09-19,https://dataspelsbranschen.se/s/GDI_2018_ENG.pdf,archive extension,GDI2018 old-domain download,2012–2017 | Redirect returned404; recovered same report through publisher Squarespace archive. | 404 | Use archive-host PDF.,research-extension-2026-09-19/SE/source-visits.json
SE,Sweden,2026-09-19,https://dataspelsbranschen.squarespace.com/s/GDI_2018_ENG.pdf,archive extension,GDI2018,2012–2017 | Company annual accounts and selected December headcounts; group-account coverage. | Historical headline totals are not all domestic. Later GDI2020 splits overseas for2016 onward; retain older vintage for audit. | Full PDF downloaded; method and employment sections read | Prefer explicit geographic split over old headline totals.,research-extension-2026-09-19/SE/source-visits.json
SE,Sweden,2026-09-19,https://dataspelsbranschen.squarespace.com/s/15122020_GDI_EN_48p_digital_s_below20.pdf,archive extension,GDI2020,"2012–2019 | Annual accounts, with December employment where possible; separates Sweden and overseas. | Accepted2012–2014 Sweden-labelled chart observations, distinct vintage with timing limits. | Web parser size limit; successful direct download and visual chart verification | Verify overlaps before splicing into latest-vintage series.",research-extension-2026-09-19/SE/source-visits.json
SE,Sweden,2026-09-19,https://dataspelsbranschen.squarespace.com/s/spelutvecklarindex-2010-new.pdf,archive extension,Spelutvecklarindex 2010,"2010 | PDF p13: Swedish registered limited-company accounts; eight firms use previous-year figures. Excludes publishers, pure distributors, retail, non-limited companies and gambling. | 2010=1203 and 2011=1512 accepted as historical domestic markers. Do not silently splice vintages. | Full PDF and extracted text read; 2021 employment chart visually checked | Trace 2007-2009 original reports; resolve historical frame continuity.",research-extension-2026-09-19/SE/source-visits.json
SE,Sweden,2026-09-19,https://dataspelsbranschen.squarespace.com/s/spelutvecklarindex-2011_sept2012.pdf,archive extension,Spelutvecklarindex 2011,"2011 | PDF p23 / printed p22: registry annual accounts; previous-year figures for Simbin, LS Entertainment and AE Interactive; excludes non-limited legal forms and foreign-registered operations. | 2010=1203 and 2011=1512 accepted as historical domestic markers. Do not silently splice vintages. | Full PDF and extracted text read; 2021 employment chart visually checked | Trace 2007-2009 original reports; resolve historical frame continuity.",research-extension-2026-09-19/SE/source-visits.json
SE,Sweden,2026-09-19,https://dataspelsbranschen.squarespace.com/s/Spelutvecklarindex2021-SV-WEBB.pdf,archive extension,Spelutvecklarindex 2021,"2010-2020 | PDF p12: full-time annual-account averages, December substitutions where available; domestic history explicit. P48: registry methods and expanded SNI frame for 2020. | 2010=1203 and 2011=1512 accepted as historical domestic markers. Do not silently splice vintages. | Full PDF and extracted text read; 2021 employment chart visually checked | Trace 2007-2009 original reports; resolve historical frame continuity.",research-extension-2026-09-19/SE/source-visits.json
SE,Sweden,2026-09-19,https://dataspelsbranschen.squarespace.com/s/dsb_utvecklarindex09-screen.pdf,archive extension,Spelutvecklarindex 2009,"2009 | Swedish-registered limited-company annual accounts; developers and specialist suppliers. Non-limited and foreign-registered operations omitted; latest available fiscal accounts, incomplete/new-company reporting. | Useful company-account historical context. No explicit domestic/overseas employee split. First edition dates 715 and 812.5 to 2004/2005 and 2005/2006; later tables relabel 2005 and 2006. Preserve period conflict. | Original PDF downloaded and text read; first-edition and 2009 tables visually verified | Resolve period labels and geographical scope before integrating into domestic workforce chart.",research-extension-2026-09-19/SE/source-visits.json
SE,Sweden,2026-09-19,https://dataspelsbranschen.squarespace.com/s/dsb_utvecklarindex08-screenview.pdf,archive extension,Spelutvecklarindex 2008,"2008 | Swedish-registered limited-company annual accounts; developers and specialist suppliers. Non-limited and foreign-registered operations omitted; latest available fiscal accounts, incomplete/new-company reporting. | Useful company-account historical context. No explicit domestic/overseas employee split. First edition dates 715 and 812.5 to 2004/2005 and 2005/2006; later tables relabel 2005 and 2006. Preserve period conflict. | Original PDF downloaded and text read; first-edition and 2009 tables visually verified | Resolve period labels and geographical scope before integrating into domestic workforce chart.",research-extension-2026-09-19/SE/source-visits.json
SE,Sweden,2026-09-19,https://dataspelsbranschen.squarespace.com/s/dsb_rapport_utvecklarindex-2007-screen.pdf,archive extension,Spelutvecklarindex 2007,"2007 | Swedish-registered limited-company annual accounts; developers and specialist suppliers. Non-limited and foreign-registered operations omitted; latest available fiscal accounts, incomplete/new-company reporting. | Useful company-account historical context. No explicit domestic/overseas employee split. First edition dates 715 and 812.5 to 2004/2005 and 2005/2006; later tables relabel 2005 and 2006. Preserve period conflict. | Original PDF downloaded and text read; first-edition and 2009 tables visually verified | Resolve period labels and geographical scope before integrating into domestic workforce chart.",research-extension-2026-09-19/SE/source-visits.json
SE,Sweden,2026-09-19,https://dataspelsbranschen.squarespace.com/s/dsb_rapport-01-07_utvecklarindex.pdf,archive extension,Spelutvecklarindex 2005 first edition,"2005 first edition | Swedish-registered limited-company annual accounts; developers and specialist suppliers. Non-limited and foreign-registered operations omitted; latest available fiscal accounts, incomplete/new-company reporting. | Useful company-account historical context. No explicit domestic/overseas employee split. First edition dates 715 and 812.5 to 2004/2005 and 2005/2006; later tables relabel 2005 and 2006. Preserve period conflict. | Original PDF downloaded and text read; first-edition and 2009 tables visually verified | Resolve period labels and geographical scope before integrating into domestic workforce chart.",research-extension-2026-09-19/SE/source-visits.json
SG,Singapore,2026-09-19,https://www.mddi.gov.sg/newsroom/infocomm-and-media-professionals-required/,archive extension,MCI response to PQ on Info Comm and Media Professionals Required to Support Games Sector,"[2019, 2021, 2022] | 2021 near-2000 employed stated separately from 2019 survey indicative manpower demand of 2700. | Official employment observation, pending duplicate check. Do not treat manpower expectations as stock. | Full official page inspected | Check original catalog, trace IMDA annual manpower survey games-only table.",research-extension-2026-09-19/SG/source-visits.json
SG,Singapore,2026-09-19,https://www.imda.gov.sg/about-imda/research-and-statistics/tech-and-media-talent,archive extension,Tech and Media Talent,[2026] | Current portal lists employed tech/media professionals and sector/sex breakdowns; tool text does not expose games-only values. | Portal found; no verified additional games employment row. | Page shell inspected; underlying series not retrieved | Retrieve linked datasets and definitions; no figures accepted from shell.,research-extension-2026-09-19/SG/source-visits.json
SG,Singapore,2026-09-19,https://www.imda.gov.sg/about-imda/research-and-statistics/tech-and-media-talent,archive extension,IMDA current talent statistics,2020-2025 | Landing page and downloadable workbook inspection | Current longitudinal source exists but does not isolate games employment. | Official public page inspected; HTML downloaded | Seek DOS/IMDA employment by SSIC58201 and62012 or a games-specific realized-employment disclosure.,research-extension-2026-09-19/SG/source-visits.json
SG,Singapore,2026-09-19,https://www.imda.gov.sg/assets/b61fabe9-2170-4cdd-a456-f2e33a7e019c.xlsx,archive extension,IMDA Annual Survey on Infocomm Media Manpower data tables,"2020-2025 | Workbook MP Data Tables has tech/media totals, I&C/non-I&C shares, and sex shares only. | No games-only workforce, occupational breakdown or industry-class row. Cannot derive games from media total. | Downloaded and all nonempty workbook rows inspected | Seek DOS/IMDA employment by SSIC58201 and62012 or a games-specific realized-employment disclosure.",research-extension-2026-09-19/SG/source-visits.json
SG,Singapore,2026-09-19,https://www.imda.gov.sg/-/media/imda/files/inner/archive/news-and-events/news_and_events_level2/20110304144439/annexc.pdf,archive extension,Annual Infocomm Manpower Survey2010,"1 June2010 | Stratified Establishment Sampling Frame across sectors. Permanent/direct-contract full/part-time workers at Singapore organizations, including overseas stations. Contractors/subcontractors excluded. | Chart2 reports5.4 thousand for combined Digital Media & Animation, Games Design & Development. Exclude: mixed occupation and geography; not games-industry total. | Official PDF text inspected pp1-2 and AnnexA | Seek DOS/IMDA employment by SSIC58201 and62012 or a games-specific realized-employment disclosure.",research-extension-2026-09-19/SG/source-visits.json
SG,Singapore,2026-09-19,https://www.imda.gov.sg/-/media/imda/files/about/resources/corporate-publications/mda-html/2014/pdf/mda_ar_chap1.pdf,archive extension,MDA annual report2013/14 chapter1,"2012 | Interactive digital media sector aggregate;2008-2012 employment growth discussed. | 14,510 IDM jobs not a games-only measure. No games count inferred from growth. | Indexed official PDF text, printedp23 | Seek DOS/IMDA employment by SSIC58201 and62012 or a games-specific realized-employment disclosure.",research-extension-2026-09-19/SG/source-visits.json
SG,Singapore,2026-09-19,https://www.mti.gov.sg/-/media/MTI/Resources/Economic-Survey-of-Singapore/2017/Economic-Survey-of-Singapore-Third-Quarter-2017/fullreport_3q17.pdf,archive extension,Economic Survey of Singapore third-quarter2017,"2015 | DOS/EDB/MOM economic-sector employment; software and games combined. | 17 percent of approximately200,000 ICM jobs is broad software-and-games share. Do not convert this into an observed games total. | Indexed official PDF text, printedp20 Exhibit3B | Seek DOS/IMDA employment by SSIC58201 and62012 or a games-specific realized-employment disclosure.",research-extension-2026-09-19/SG/source-visits.json
SG,Singapore,2026-09-19,https://www.mddi.gov.sg/newsroom/pq-on-dev-of-e-sports-and-gaming-industries-in-singapore/,archive extension,Parliamentary answer on game development and esports,"2020 answer; March2020 company stock | 190 development/publishing companies based on SSIC58201 and62012.2,700 is future manpower need from2019 survey. | Company count and projected demand are not observed employment. SSIC58201+62012 is a precise future statistical-table search lead. | Official answer text inspected | Seek DOS/IMDA employment by SSIC58201 and62012 or a games-specific realized-employment disclosure.",research-extension-2026-09-19/SG/source-visits.json
SG,Singapore,2026-09-20,https://www.mddi.gov.sg/newsroom/infocomm-and-media-professionals-required/,archive extension,MCI response to PQ on Info Comm and Media Professionals Required to Support Games Sector,"2019 demand survey; 2021 employment; published 2022 | The parliamentary answer says the Annual Survey on Infocomm Media Manpower provides an indicative sense of demand based on companies' growth expectations. It does not publish the realised-employment method for the 2021 nearly-2,000 figure. | Only located national games-sector employment stock: nearly 2,000 people in 2021. The text explicitly distinguishes it from the projected 2,700 demand, and discusses the sector with esports context; it is not a pure developer/publisher series. | full official page | Use only as the existing broad 2021 snapshot unless IMDA releases a games-only realised-employment table.",research-extension-2026-09-19/SG/source-visits.json
SG,Singapore,2026-09-20,https://www.sgga.org.sg/,archive extension,Singapore Games Association home page,"current site claim, checked 2026-09-20 | The association says it issues annual data reports on the Singapore games industry, but its public sitemap exposes no report archive or downloadable data report. | This establishes that SGGA is a relevant annual-report lead, but does not itself provide an employment count, methodology, or retrievable annual series. | public home page and sitemap inspected; no public report URL located | Do not infer data availability from the claim. Recheck only if SGGA publishes a report or public methodology/data link.",research-extension-2026-09-19/SG/source-visits.json
SG,Singapore,2026-09-20,https://www.imda.gov.sg/about-imda/research-and-statistics/tech-and-media-talent,archive extension,Tech and Media Talent,"2020-2025 workbook series reviewed in prior archive pass | IMDA public workbook has tech/media totals and sector/sex breakdowns, but no games-specific workforce row or industry-class series. | Not usable for games employment. A broad technology/media total cannot be allocated to games. | official public portal and linked workbook previously inspected | Seek a released table for SSIC 58201 and 62012 or a games-specific realised-employment disclosure.",research-extension-2026-09-19/SG/source-visits.json
TR,Turkey,2026-09-19,https://www.egdf.eu/wp-content/uploads/2025/08/2023-European-video-games-industry-insight-report.pdf,archive extension,2023 European Video Games Industry Insight Report: Turkey,"2023 data; report file published 2025 | EGDF questionnaire to national associations. It requests FTE employees, entrepreneurs and in-house freelancers of registered game-developer studios and third-party publishers. Remote employees in third countries are allocated to the employer's registered country; foreign subsidiaries and foreign subcontractor companies are excluded. Country-level collection and estimation method are not supplied. | Primary association-backed source for 10,777. The value is an FTE-oriented, employer-registration measure with an explicitly mixed geography, so it is usable only as the qualified 2023 TOGED snapshot and cannot support a domestic-workplace trend. | Original PDF downloaded and text/visual chart inspected; decisive PDF and extracted text saved under raw/. | Obtain TOGED's underlying respondent universe, reference date, and treatment of part-time/contract personnel before treating the value as a domestic workforce census.",research-extension-2026-09-19/TR/source-visits.json
TR,Turkey,2026-09-19,https://toged.org/,archive extension,Türkiye Oyun Geliştiricileri Derneği (TOGED),"Current site inspected 2026-09-19 | Association website, not a statistical release. | No dated national employment series or underlying method for the EGDF 2023 submission was recovered in this bounded visit. | Public homepage fetched; no employment-report evidence located. | Search TOGED publications, presentations or a direct association disclosure for the source survey/census.",research-extension-2026-09-19/TR/source-visits.json
TR,Turkey,2026-09-19,https://www.gaminginturkey.com/tr/turkiye-oyun-sektoru-raporlari/,archive extension,Türkiye Oyun Sektörü Raporları,"2016-2025 report archive; 2025 reference-year report page updated 2026-02-17 | Publisher's annual ecosystem-report archive. The publisher says its reports compile open-source information with sector knowledge; current 2023-2025 files require an email form. | The archive establishes that earlier/later editions exist, but it does not itself supply an employment series. The accessible 2021 original was text-searched and contains employment discussion but no national workforce stock. No new observation accepted. | Primary archive HTML saved under raw/; accessible 2021 PDF inspected separately. | Use already retained baseline2023/2025 PDFs; recover2016-2020 and2022 originals only if likely to contain workforce tables. No repeat acquisition required for saved editions.",research-extension-2026-09-19/TR/source-visits.json
TR,Turkey,2026-09-19,https://veriportali.tuik.gov.tr/tr/databrowser/tuik/categories/8/8_2/8_2_2/TR%2CDF_ISGUCU_CEYREK_NACE_2_1_ISTIHDAM_C%2C1.0,archive extension,"Economic activity employment, NACE Rev. 2.1","Current public dataset interface | TÜİK labour-force employment by economic activity. The associated labour-force release identifies information and communication as a broad NACE section grouping telecommunications, programming, consultancy, IT infrastructure and other information services. | Official source, but not a games-industry series. The public shell does not expose a game-specific value, and broad software/information codes would include large non-game activity. No observation proposed. | Public JavaScript application shell fetched and saved under raw/; no game-specific table or code extraction recovered in this bounded pass. | Use TÜİK microdata or a documented NACE 58.21/62.x establishment tabulation only if it can be obtained with exact code, worker concept and game-specific boundary; do not use section K/J totals as a proxy.",research-extension-2026-09-19/TR/source-visits.json
TR,Turkey,2026-09-19,https://toged.org/sitemap.xml,archive extension,TOGED public sitemap,"No current TOGED-public national employment observation found. This inventories the published sitemap, not deleted/private/unindexed material. | retrieved",research-extension-2026-09-19/TR/source-visits.json
TR,Turkey,2026-09-19,https://toged.org/haberler/ticaret-bakanligi-desteklerinde-5-kritik-gelisme,archive extension,Ticaret Bakanlığı Desteklerinde 5 Kritik Gelişme,Primary TOGED release but excluded: support amounts do not state people employed or an industry workforce total. | retrieved,research-extension-2026-09-19/TR/source-visits.json
TR,Turkey,2026-09-19,https://toged.org/,archive extension,TOGED homepage,Primary association context only; member scope cannot supply a national employment count. | retrieved,research-extension-2026-09-19/TR/source-visits.json
TR,Turkey,2026-09-19,https://www.aa.com.tr/tr/bilim-teknoloji/oyun-gelistiriciler-teknolojiye-de-yon-veriyor/1584799,archive extension,Oyun geliştiriciler teknolojiye de yön veriyor,No numeric workforce evidence or method. Excluded. | retrieved via public index,research-extension-2026-09-19/TR/source-visits.json
TR,Turkey,2026-09-19,https://www.egdf.eu/wp-content/uploads/2025/08/2023-European-video-games-industry-insight-report.pdf,archive extension,2023 European Video Games Industry Insight Report,Existing accepted 2023 contextual marker only. No additional year obtained. | existing original packet; not redownloaded in this pass,research-extension-2026-09-19/TR/source-visits.json
TR,Turkey,2026-09-19,https://www.gaminginturkey.com/tr/turkiye-oyun-sektoru-raporlari/,archive extension,Gaming in Türkiye reports archive,"No values used. Turnover, company and target figures are excluded from employment. | not revisited by instruction",research-extension-2026-09-19/TR/source-visits.json
TR,Turkey,2026-09-20,https://www.fichier-pdf.fr/2016/01/28/egdf-vision-sep2015/egdf-vision-sep2015.pdf,archive extension,"EGDF, How To Enable Digital Growth in Europe?","2015-11-12 (PDF metadata; exact release date not printed) publication, not workforce reference date | Not stated. The accessible file is a third-party copy of an EGDF-branded publication. PDF p. 4 (printed p. 4), Turkey map label 5,000 | 5000 people working in game development. Publication is dated but the employment reference year and method are not. It conflicts in availability, not necessarily value, with EGDF's later 2018 Turkey N/A entry. | PDF downloaded; decisive passages inspected",research-extension-2026-09-19/TR/source-visits.json
TR,Turkey,2026-09-20,https://files.toged.org/creative-turkiye-oyun-ekosistemi-toplantisi-sonuc-raporu.pdf,archive extension,"TOBB Türkiye Kreatif Endüstriler Meclisi and TOGED, Oyun Ekosistemi Değerlendirme Toplantısı Sonuç Raporu","2026-03-04 publication, not workforce reference date | Not stated. The report's only described survey is a 15-question live Mentimeter poll of about 52 meeting participants on the proposed law, not employment enumeration (PDF pp. 41-48). PDF p. 5 executive summary; pp. 12-13 (printed pp. 12-13) | 25000 directly employed people / qualified employment. The report is dated but the workforce reference date, frame, method, cadence and geographic basis are absent. | PDF downloaded; decisive passages inspected",research-extension-2026-09-19/TR/source-visits.json
TW,Taiwan,2026-09-19,https://en.taicca.tw/uploads/userfiles/research/20231228/2020/2020%20Vol%204.pdf,archive extension,"2020 Taiwan Cultural Content Industry Survey Report, Vol. 4: Games and Esports","[2019] | Industry survey/reconstruction: 98 game companies, split into 46 game developers and 52 agents/publishers; esports was tabulated separately. | Primary government-affiliated industry survey. Retain 9,047 as game-only surveyed-company employees. Do not add the separate 660 esports employees without an explicit combined series. | accessible_search_extract | Obtain the Chinese original/appendix if a sample-frame, response-rate, or fieldwork-date citation is needed.",research-extension-2026-09-19/TW/source-visits.json
TW,Taiwan,2026-09-19,https://taicca.tw/files/book/1741142752642.pdf,archive extension,2022 Taiwan Cultural Content Industry Survey Report: Games and Immersive Interactive Games,"[2022] | Survey list of 200 companies; 133 ultimately surveyed. Employee counts from company responses, with missing open responses supplemented by 104 Job Bank public records where available. | Primary government-affiliated report. Retain 9,929 as an observed/reconstructed respondent-frame employee count, not national employment or FTE. Its active-company sampling may bias results upward. | accessible_pdf_text | Use the report's p. 11 and p. 7 scope/method caveats in any published methodology note.",research-extension-2026-09-19/TW/source-visits.json
TW,Taiwan,2026-09-19,https://stat.moc.gov.tw/Research_Download.aspx?idno=1180,archive extension,2023 Taiwan Cultural Content Industry Survey Report: Games and Esports,"[2023] | Newer game/esports industry report with company and employee-composition material; a comparable total game-employee count was not located in its searchable text during this bounded pass. | Authoritative follow-up source but not a retained observation. Do not infer a total from employee age/composition charts. | accessible_pdf_text_partial_metric_gap | Download/inspect tables and chart data manually, then verify whether any total is game-only, esports-only, or combined.",research-extension-2026-09-19/TW/source-visits.json
TW,Taiwan,2026-09-19,https://digiblockc.tca.org.tw/download,archive extension,Digital Content Industry Yearbooks download catalogue,"[2011, 2012, 2013, 2014, 2015, 2016, 2017, 2018, 2019, 2020, 2021, 2022, 2023, 2024, 2025] | Annual industry yearbooks: MOEA Industrial Development Bureau through 2021; Ministry of Digital Affairs Administration for Digital Industries thereafter; compiled by the Institute for Information Industry. | Authoritative continuity/definition source, but its stated coverage is broad digital content rather than games alone. No compatible game-employment observation retained. | catalogue_accessible_pdf_bulk_download_not_completed | Extract specific yearbook tables only if they explicitly identify game-only headcount and methodology.",research-extension-2026-09-19/TW/source-visits.json
TW,Taiwan,2026-09-19,https://theme.ndc.gov.tw/manpower/cp.aspx?n=52BD7CF0F98FB634,archive extension,Digital Content Industry manpower supply-demand projection,"[2016, 2017, 2018] | Forward manpower-demand projection covering five digital-content fields including digital games, animation, audiovisual applications, digital publishing/archives, and digital learning. | Do not use as game employment: it is a broader multi-subsector forecast, not an observed game headcount. | search_metadata_accessible_page_fetch_blocked | Retrieve report only for a separately-labelled digital-content forecast series, if needed.",research-extension-2026-09-19/TW/source-visits.json
TW,Taiwan,2026-09-19,https://www.stat.gov.tw/StandardIndustrialClassificationContent.aspx?Level=4&PID=NTgyMQ%3D%3D&RID=12&n=3144&sms=11195,archive extension,Industry Classification: 5821 Digital Game Software Publishing,"[2026] | Classification definition: digital-game software publishing, publisher-operated online games and publishing intermediaries; commissioned game development without publishing belongs elsewhere (6211). | Useful exclusion rule. A 5821 administrative series would omit non-publishing game developers, therefore cannot substitute for the TAICCA game-industry frame. | accessible_html | If administrative employment is needed, test coverage of both 5821 and 6211 and document the unavoidable non-game software contamination in 6211.",research-extension-2026-09-19/TW/source-visits.json
TW,Taiwan,2026-09-19,https://research.taicca.tw/pdf/6c0e3358-acb6-3263-a9e5-66fc7b6b4c8d,archive extension,2023 Taiwan games-industry key-data summary,"[2023] | Official12-page image-based summary viewer, published2025-04-01; no employment value extracted in this pass. | New primary access route, not yet employment evidence. Images returned unsupported MIME through web reader. | Viewer and page-image links located; content not extracted | Inspect source images via approved browser or locate text PDF before accepting figures.",research-extension-2026-09-19/TW/source-visits.json
TW,Taiwan,2026-09-19,https://research.taicca.tw/pdf/840bd099-2e24-322e-a905-42b7b28a1c53,archive extension,2024 Taiwan games-industry key data,"[2024] | Official20-page image-based summary viewer, published2026-02-23; no employment value extracted. | New successor source route. Report title alone does not establish employment date, and no count is accepted. | Official viewer located | Retrieve readable report and assess employees denominator/reference date.",research-extension-2026-09-19/TW/source-visits.json
TW,Taiwan,2026-09-19,https://en.taicca.tw/uploads/userfiles/research/20231228/2020/2020%20Vol%204.pdf,archive extension,"2020 Taiwan Cultural Content Industry Survey Vol4, employment snippet recheck","[2019, 2020] | Indexed original text confirms9047 workers across98 games firms, separate660 esports workers; adjacent2019 revenue heading does not establish employee reference date. | Count supported by primary indexed excerpt, but full original retrieval404 and employee date unresolved. Keep candidate out of dated accepted additions. | Search-index excerpt inspected; full PDF unavailable | Recover methods/reference-date pages; do not infer2019 from revenue year.",research-extension-2026-09-19/TW/source-visits.json
UA,Ukraine,2026-09-19,https://drive.google.com/file/d/1XVeC3ZrkRMCHzzHzOZMtGWdNWHfMONjp/view,archive extension,Creative-industry economic statistics 2013-2018,"2013-2018 | Official business statistics, includes non-staff and unpaid workers; KVED58.21 publishing only | Six observations accepted as narrow historical series; no whole-industry comparison | Original PDF downloaded; employment table visually checked | Recover underlying2010-2018 workbook and territorial notes",research-extension-2026-09-19/UA/source-visits.json
UA,Ukraine,2026-09-19,https://mincult.gov.ua/wp-content/uploads/2025/11/kreatyvni2025-1.pdf,archive extension,Creative industries: key indicators2023-2024,"2021-2024 | Tax/statistical administrative compilation; employee timing and deduplication not specified | Publishing counts1015,1601,1236,1025 retained as proposed only; wartime reporting gaps; do not splice to earlier employed-person series | Full PDF downloaded and relevant text inspected | Resolve worker-status, annual timing and primary activity assignment",research-extension-2026-09-19/UA/source-visits.json
UA,Ukraine,2026-09-19,https://mincult.gov.ua/kreatyvni-industrii/statystychni-ta-analitychni-dani-u-sferi-kreatyvnykh-industriy/,archive extension,Official creative-industry archive,2013-2024 | Publisher archive links older statistics and newer report | Supports provenance and backward/forward source-family trace; no2025 employment successor visible | inspected,research-extension-2026-09-19/UA/source-visits.json
UA,Ukraine,2026-09-19,https://kved.ukrstat.gov.ua/KVED2010/58/KVED10_58_21.html,archive extension,KVED2010 class58.21,classification | Publishing computer games for all platforms | Publishing class does not represent all game-industry workplaces | inspected,research-extension-2026-09-19/UA/source-visits.json
UA,Ukraine,2026-09-19,https://www.ukrstat.gov.ua/operativ/menu/menu_u/sze_20.htm,archive extension,Business statistics archive,historical | Underlying official table route | Not retrieved; do not promote secondary reconstructed numbers | HTTPS certificate expired; HTTP redirected to same failure | Find migrated official stat.gov.ua workbook,research-extension-2026-09-19/UA/source-visits.json
UA,Ukraine,2026-09-19,https://www.slideshare.net/slideshow/game-development-in-ukraine-industry-guide-2018-ukrainian-language/107979444,archive extension,"Game Development in Ukraine2018, publisher upload",2018 | Over70 company respondents; regional maps and company size bands | Publisher upload recovered; widely repeated20000 total not located in inspected11-slide report text. No national observation accepted | inspected,research-extension-2026-09-19/UA/source-visits.json
UA,Ukraine,2026-09-19,https://boost.ingamejob.com/ukrainian-games-industry-big-salary-report-2022-what-has-changed-in-the-times-of-war/,archive extension,Ukrainian Games Industry Big Salary Report2022,2022 | 761 voluntary anonymous responses; salary/worker profile study | Survey size is not industry employment; no workforce stock accepted | inspected,research-extension-2026-09-19/UA/source-visits.json
UA,Ukraine,2026-09-19,https://mincult.gov.ua/announcements/kreatyvni-industriyi-u-i-kvartali-2022-roku-statystychnyj-oglyad/,archive extension,Creative industries Q12022,2021Q1-2022Q1 | Taxpayer and financial indicators | PDF recovered through publisher Drive link; taxpayer counts are not employment | inspected,research-extension-2026-09-19/UA/source-visits.json
UA,Ukraine,2026-09-19,https://drive.google.com/file/d/1wawTVaEVgqRumvFPTLN0-friYOqzR1Q8/view,archive extension,War impact on creative industries2021-2022,2021-2022 | Original raster report recovered via published citation; first pages visually inspected | Employment detail not extracted in this pass; source recovery lead only | PDF downloaded; text layer incomplete | Inspect relevant raster tables before accepting any numbers,research-extension-2026-09-19/UA/source-visits.json
UA,Ukraine,2026-09-19,https://www.ukrstat.gov.ua/operativ/operativ2018/fin/pssg/pssg_u/kzpsg_ek_2010_2018_u.xlsx,archive extension,Original State Statistics2010-2018 business employment workbook recovered,2010-2018 | KVED58.21 persons employed; FOP component shown separately.2014-2018 territorial exclusions atA8728. | Main verified nine values and geography footnote. Three pre2013 values accepted as contextual observations; no whole-industry or cross-territory trend. | Original xlsx recovered with TLS verification disabled for expired certificate; locally parsed | Resolve annual within-year convention and compatible post2018 archive.,research-extension-2026-09-19/UA/source-visits.json
UA,Ukraine,2026-09-19,https://www.ukrstat.gov.ua/operativ/menu/menu_u/sze_20.htm,archive extension,Post-2018 official-table follow-up: success,"KVED58.21 persons-employed business-entity series; publishing only. See exact result: some entries are cataloged leads/comparisons, not new page visits. | Official menu page identified the current 2010-2024 persons-employed workbook link. | success",research-extension-2026-09-19/UA/source-visits.json
UA,Ukraine,2026-09-19,https://www.ukrstat.gov.ua/operativ/operativ2022/fin/pssg/kzpsg_ek_2010_2021.xlsx,archive extension,Post-2018 official-table follow-up: success_tls_exception,"KVED58.21 persons-employed business-entity series; publishing only. See exact result: some entries are cataloged leads/comparisons, not new page visits. | Downloaded 833 KiB xlsx. Worksheet named 2024 contains rows 2010-2024; 58.21 rows 10537:10551 and coverage/confidentiality notes 14543:14548. TLS certificate validation normally fails because the server certificate is expired. | success_tls_exception",research-extension-2026-09-19/UA/source-visits.json
UA,Ukraine,2026-09-19,https://www.ukrstat.gov.ua/operativ/operativ2019/fin/pssg/pssg_u/kzpsg_ek_2010_2019_u.xlsx,archive extension,Post-2018 official-table follow-up: not_pursued_after_current_workbook_recovered,"KVED58.21 persons-employed business-entity series; publishing only. See exact result: some entries are cataloged leads/comparisons, not new page visits. | A separate vintage is unnecessary for the bounded goal because the current official workbook supplies the complete 2010-2024 class table with coverage notes. | not_pursued_after_current_workbook_recovered",research-extension-2026-09-19/UA/source-visits.json
UA,Ukraine,2026-09-19,https://mincult.gov.ua/wp-content/uploads/2025/11/kreatyvni2025-1.pdf,archive extension,Post-2018 official-table follow-up: existing_comparison_only,"KVED58.21 persons-employed business-entity series; publishing only. See exact result: some entries are cataloged leads/comparisons, not new page visits. | Its 2021-2024 workers table is definitionally unresolved and wartime-caveated; it was not used to construct State Statistics observations. | existing_comparison_only",research-extension-2026-09-19/UA/source-visits.json
US,United States,2026-09-19,https://www.igea.net/wp-content/uploads/2014/11/VideoGames21stCentury_2014.pdf,archive extension,Video Games in the 21st Century: The 2014 Report,"2009;2011;2012 | The report calls these estimates and combines government software-publishing data with gamedevmap.com locations. Its direct-employment scope is publisher/developer establishments, not the later ESA/TEConomy broad industry total. | Verified source; accepted additions and excluded scope documented in findings.md. | full_source | Keep estimation families separate; no continuous national game-only government series verified.",research-extension-2026-09-19/US/source-visits.json
US,United States,2026-09-19,https://www.theesa.com/wp-content/uploads/2024/02/2017-EIR-National-Report.pdf,archive extension,Video Games in the 21st Century: 2017 Economic Impact Report,2013;2014;2015;2016 | Already cited by the authoritative packet. This extension exposes the 2013 and 2014 mapping-project rows that the packet did not yet carry. | Verified source; accepted additions and excluded scope documented in findings.md. | full_source | Keep estimation families separate; no continuous national game-only government series verified.,research-extension-2026-09-19/US/source-visits.json
US,United States,2026-09-19,https://www.bls.gov/web/empsit/cesseriespub.htm,archive extension,CES Published Series and Current Employment Statistics documentation,"1990 onward, broader software | A long annual/monthly employment series exists, but it is Software publishers, not game-only publishers. It is deliberately not proposed as a game-employment observation. | Verified source; accepted additions and excluded scope documented in findings.md. | full_source | Keep estimation families separate; no continuous national game-only government series verified.",research-extension-2026-09-19/US/source-visits.json
VN,Vietnam,2026-09-19,https://mic.gov.vn/mang-xa-hoi-nao-duoc-nhieu-nguoi-dung-nhat-tai-viet-nam-197250107160615446.htm,archive extension,Mạng xã hội nào được nhiều người dùng nhất tại Việt Nam?,"[2024] | MIC news report of an ABEI 2024 activity-review meeting. It explicitly labels the game-employment total an ABEI estimate; no sample frame, establishment list, reference date, or calculation method is published. | PRIMARY / ACCEPT. Direct government publication of the only located national game-industry employment level: approximately 4,100 workers in 2024, up 31% year on year. Scope is game industry, not precisely defined; preserve estimate and scope caveat. | Visited via web index; full text retrieved | Use as source of record. Seek the underlying ABEI meeting report or statistical release if a formal definition or historical levels are required.",research-extension-2026-09-19/VN/source-visits.json
VN,Vietnam,2026-09-19,https://game.gov.vn/tin-tuc/pho-bien-nghi-dinh-so-1472024nd-cp-ve-quan-ly-cung-cap-su-dung-dich-vu-internet-va-thong-tin-tren-mang-u6gk,archive extension,"Phổ biến Nghị định số 147/2024/NĐ-CP về quản lý, cung cấp, sử dụng dịch vụ Internet và thông tin trên mạng","[2024, 2026] | 2026 republication of material from the 2024 electronic-information review meeting; repeats the ABEI estimate without a methodological annex. | PRIMARY CORROBORATION / DO NOT DUPLICATE. Repeats approximately 4,100 workers and 31% growth. Later publication, so retain the MIC 2024 page as the preferred dated record. | Visited via web index; full text retrieved | Use only if the MIC page becomes unavailable; it does not improve definition or add a distinct data point.",research-extension-2026-09-19/VN/source-visits.json
VN,Vietnam,2026-09-19,https://vietnamnet.vn/en/vietnam-s-gaming-industry-reaching-high-score-in-entertainment-sector-2352946.html,archive extension,Vietnam's gaming industry reaching high score in entertainment sector,"[2024] | News coverage attributing sector employment and revenue estimates to the Ministry; no original survey method presented. | SECONDARY CORROBORATION / DO NOT USE AS PRIMARY. Reports 4,100 workers and 31% growth, consistent with MIC. Useful for cross-checking attribution only. | Visited via web index; article excerpt retrieved | No further action unless the MIC original disappears.",research-extension-2026-09-19/VN/source-visits.json
VN,Vietnam,2026-09-19,https://www.nso.gov.vn/en/default/2025/03/report-on-labour-force-survey-2023/,archive extension,Report on labour force survey 2023,"[2023] | National sample Labour Force Survey covering labour-market participation of residents aged 15+; produces national, regional and provincial labour indicators. | PRIMARY BACKGROUND / EXCLUDED. Authoritative total-employment survey but the located publication does not supply a game-industry cross-tab. It cannot validate or replace the ABEI sector estimate. | Visited via web index; full page summary retrieved | Search NSO microdata/classification tables only if an industry-code series that cleanly maps to game development/publishing is released.",research-extension-2026-09-19/VN/source-visits.json
VN,Vietnam,2026-09-19,https://bctn2024.vng.com.vn/about/game,archive extension,VNG Annual Report 2024 - Game,"[2024] | Company annual-report narrative; reports 1,200 employees alongside game-business metrics but does not provide a country-only game payroll definition. | COMPANY CONTEXT / EXCLUDED. A single-company figure that may include non-game functions and international locations; not a national employment observation. | Visited via web index; full page excerpt retrieved | Do not aggregate company headcounts into a national series without a defined universe and de-duplication.",research-extension-2026-09-19/VN/source-visits.json
VN,Vietnam,2026-09-19,https://mst.gov.vn/thong-tin-dien-tu-nam-2024-nhung-con-so-an-tuong-197241225172105882.htm,archive extension,Thông tin điện tử năm 2024: Những con số ấn tượng,"[2024] | Explicit end-2024 estimate; no statistical frame or worker-status definition. | Main-agent readback confirms approximate 4,100 and end-year reference; pending baseline duplicate check. | Full official page inspected | Check against existing VN catalog; no implied 2023 observation.",research-extension-2026-09-19/VN/source-visits.json
